dataset,frame_id,yaw_deg,object_id,category,object_depth_m,fixed_object_points,matched_box_points,retained_pct
kitti_mini,000001,-3,0,Truck,69.44,70,0,0.0
kitti_mini,000001,-3,1,Car,58.49,9,0,0.0
kitti_mini,000001,-3,2,Cyclist,45.84,18,0,0.0
kitti_mini,000001,-2,0,Truck,69.44,70,12,17.142857142857142
kitti_mini,000001,-2,1,Car,58.49,9,1,11.11111111111111
kitti_mini,000001,-2,2,Cyclist,45.84,18,0,0.0
kitti_mini,000001,-1,0,Truck,69.44,70,45,64.28571428571429
kitti_mini,000001,-1,1,Car,58.49,9,9,100.0
kitti_mini,000001,-1,2,Cyclist,45.84,18,0,0.0
kitti_mini,000001,-0.5,0,Truck,69.44,70,59,84.28571428571429
kitti_mini,000001,-0.5,1,Car,58.49,9,9,100.0
kitti_mini,000001,-0.5,2,Cyclist,45.84,18,8,44.44444444444444
kitti_mini,000001,0,0,Truck,69.44,70,70,100.0
kitti_mini,000001,0,1,Car,58.49,9,9,100.0
kitti_mini,000001,0,2,Cyclist,45.84,18,18,100.0
kitti_mini,000001,0.5,0,Truck,69.44,70,53,75.71428571428571
kitti_mini,000001,0.5,1,Car,58.49,9,9,100.0
kitti_mini,000001,0.5,2,Cyclist,45.84,18,10,55.55555555555556
kitti_mini,000001,1,0,Truck,69.44,70,38,54.285714285714285
kitti_mini,000001,1,1,Car,58.49,9,3,33.333333333333336
kitti_mini,000001,1,2,Cyclist,45.84,18,0,0.0
kitti_mini,000001,2,0,Truck,69.44,70,7,10.0
kitti_mini,000001,2,1,Car,58.49,9,0,0.0
kitti_mini,000001,2,2,Cyclist,45.84,18,0,0.0
kitti_mini,000001,3,0,Truck,69.44,70,0,0.0
kitti_mini,000001,3,1,Car,58.49,9,0,0.0
kitti_mini,000001,3,2,Cyclist,45.84,18,0,0.0
kitti_mini,000004,-3,0,Car,38.26,77,18,23.376623376623378
kitti_mini,000004,-3,1,Car,51.17,26,0,0.0
kitti_mini,000004,-2,0,Car,38.26,77,38,49.35064935064935
kitti_mini,000004,-2,1,Car,51.17,26,9,34.61538461538461
kitti_mini,000004,-1,0,Car,38.26,77,63,81.81818181818181
kitti_mini,000004,-1,1,Car,51.17,26,17,65.38461538461539
kitti_mini,000004,-0.5,0,Car,38.26,77,72,93.50649350649351
kitti_mini,000004,-0.5,1,Car,51.17,26,23,88.46153846153847
kitti_mini,000004,0,0,Car,38.26,77,77,100.0
kitti_mini,000004,0,1,Car,51.17,26,26,100.0
kitti_mini,000004,0.5,0,Car,38.26,77,75,97.40259740259741
kitti_mini,000004,0.5,1,Car,51.17,26,22,84.61538461538461
kitti_mini,000004,1,0,Car,38.26,77,65,84.41558441558442
kitti_mini,000004,1,1,Car,51.17,26,17,65.38461538461539
kitti_mini,000004,2,0,Car,38.26,77,47,61.03896103896104
kitti_mini,000004,2,1,Car,51.17,26,9,34.61538461538461
kitti_mini,000004,3,0,Car,38.26,77,21,27.272727272727273
kitti_mini,000004,3,1,Car,51.17,26,0,0.0
kitti_mini,000007,-3,0,Car,25.01,191,46,24.083769633507853
kitti_mini,000007,-3,1,Car,47.55,19,0,0.0
kitti_mini,000007,-3,2,Car,60.52,5,0,0.0
kitti_mini,000007,-3,3,Cyclist,34.09,25,0,0.0
kitti_mini,000007,-2,0,Car,25.01,191,100,52.35602094240838
kitti_mini,000007,-2,1,Car,47.55,19,5,26.31578947368421
kitti_mini,000007,-2,2,Car,60.52,5,0,0.0
kitti_mini,000007,-2,3,Cyclist,34.09,25,0,0.0
kitti_mini,000007,-1,0,Car,25.01,191,155,81.15183246073299
kitti_mini,000007,-1,1,Car,47.55,19,13,68.42105263157895
kitti_mini,000007,-1,2,Car,60.52,5,3,60.0
kitti_mini,000007,-1,3,Cyclist,34.09,25,6,24.0
kitti_mini,000007,-0.5,0,Car,25.01,191,178,93.19371727748691
kitti_mini,000007,-0.5,1,Car,47.55,19,18,94.73684210526316
kitti_mini,000007,-0.5,2,Car,60.52,5,5,100.0
kitti_mini,000007,-0.5,3,Cyclist,34.09,25,21,84.0
kitti_mini,000007,0,0,Car,25.01,191,191,100.0
kitti_mini,000007,0,1,Car,47.55,19,19,100.0
kitti_mini,000007,0,2,Car,60.52,5,5,100.0
kitti_mini,000007,0,3,Cyclist,34.09,25,25,100.0
kitti_mini,000007,0.5,0,Car,25.01,191,172,90.05235602094241
kitti_mini,000007,0.5,1,Car,47.55,19,13,68.42105263157895
kitti_mini,000007,0.5,2,Car,60.52,5,3,60.0
kitti_mini,000007,0.5,3,Cyclist,34.09,25,24,96.0
kitti_mini,000007,1,0,Car,25.01,191,150,78.53403141361257
kitti_mini,000007,1,1,Car,47.55,19,10,52.63157894736842
kitti_mini,000007,1,2,Car,60.52,5,1,20.0
kitti_mini,000007,1,3,Cyclist,34.09,25,11,44.0
kitti_mini,000007,2,0,Car,25.01,191,98,51.30890052356021
kitti_mini,000007,2,1,Car,47.55,19,1,5.2631578947368425
kitti_mini,000007,2,2,Car,60.52,5,0,0.0
kitti_mini,000007,2,3,Cyclist,34.09,25,0,0.0
kitti_mini,000007,3,0,Car,25.01,191,42,21.98952879581152
kitti_mini,000007,3,1,Car,47.55,19,0,0.0
kitti_mini,000007,3,2,Car,60.52,5,0,0.0
kitti_mini,000007,3,3,Cyclist,34.09,25,0,0.0
kitti_mini,000008,-3,0,Car,3.68,1424,1309,91.92415730337079
kitti_mini,000008,-3,1,Car,7.86,1940,1749,90.15463917525773
kitti_mini,000008,-3,2,Car,6.15,878,655,74.60136674259681
kitti_mini,000008,-3,3,Car,14.44,668,501,75.0
kitti_mini,000008,-3,4,Car,33.2,53,9,16.9811320754717
kitti_mini,000008,-3,5,Car,19.96,164,53,32.31707317073171
kitti_mini,000008,-2,0,Car,3.68,1424,1372,96.34831460674157
kitti_mini,000008,-2,1,Car,7.86,1940,1842,94.94845360824742
kitti_mini,000008,-2,2,Car,6.15,878,726,82.6879271070615
kitti_mini,000008,-2,3,Car,14.44,668,582,87.12574850299401
kitti_mini,000008,-2,4,Car,33.2,53,32,60.37735849056604
kitti_mini,000008,-2,5,Car,19.96,164,92,56.09756097560975
kitti_mini,000008,-1,0,Car,3.68,1424,1421,99.78932584269663
kitti_mini,000008,-1,1,Car,7.86,1940,1932,99.58762886597938
kitti_mini,000008,-1,2,Car,6.15,878,804,91.57175398633258
kitti_mini,000008,-1,3,Car,14.44,668,633,94.76047904191617
kitti_mini,000008,-1,4,Car,33.2,53,47,88.67924528301887
kitti_mini,000008,-1,5,Car,19.96,164,136,82.92682926829268
kitti_mini,000008,-0.5,0,Car,3.68,1424,1421,99.78932584269663
kitti_mini,000008,-0.5,1,Car,7.86,1940,1940,100.0
kitti_mini,000008,-0.5,2,Car,6.15,878,842,95.8997722095672
kitti_mini,000008,-0.5,3,Car,14.44,668,659,98.65269461077844
kitti_mini,000008,-0.5,4,Car,33.2,53,53,100.0
kitti_mini,000008,-0.5,5,Car,19.96,164,155,94.51219512195122
kitti_mini,000008,0,0,Car,3.68,1424,1412,99.15730337078652
kitti_mini,000008,0,1,Car,7.86,1940,1940,100.0
kitti_mini,000008,0,2,Car,6.15,878,871,99.20273348519362
kitti_mini,000008,0,3,Car,14.44,668,668,100.0
kitti_mini,000008,0,4,Car,33.2,53,53,100.0
kitti_mini,000008,0,5,Car,19.96,164,164,100.0
kitti_mini,000008,0.5,0,Car,3.68,1424,1371,96.27808988764045
kitti_mini,000008,0.5,1,Car,7.86,1940,1940,100.0
kitti_mini,000008,0.5,2,Car,6.15,878,878,100.0
kitti_mini,000008,0.5,3,Car,14.44,668,668,100.0
kitti_mini,000008,0.5,4,Car,33.2,53,48,90.56603773584905
kitti_mini,000008,0.5,5,Car,19.96,164,162,98.78048780487805
kitti_mini,000008,1,0,Car,3.68,1424,1325,93.04775280898876
kitti_mini,000008,1,1,Car,7.86,1940,1940,100.0
kitti_mini,000008,1,2,Car,6.15,878,876,99.77220956719817
kitti_mini,000008,1,3,Car,14.44,668,655,98.05389221556887
kitti_mini,000008,1,4,Car,33.2,53,40,75.47169811320755
kitti_mini,000008,1,5,Car,19.96,164,142,86.58536585365853
kitti_mini,000008,2,0,Car,3.68,1424,1244,87.35955056179775
kitti_mini,000008,2,1,Car,7.86,1940,1928,99.38144329896907
kitti_mini,000008,2,2,Car,6.15,878,844,96.12756264236901
kitti_mini,000008,2,3,Car,14.44,668,577,86.37724550898204
kitti_mini,000008,2,4,Car,33.2,53,17,32.075471698113205
kitti_mini,000008,2,5,Car,19.96,164,99,60.36585365853659
kitti_mini,000008,3,0,Car,3.68,1424,1173,82.37359550561797
kitti_mini,000008,3,1,Car,7.86,1940,1894,97.62886597938144
kitti_mini,000008,3,2,Car,6.15,878,824,93.84965831435079
kitti_mini,000008,3,3,Car,14.44,668,487,72.90419161676647
kitti_mini,000008,3,4,Car,33.2,53,3,5.660377358490566
kitti_mini,000008,3,5,Car,19.96,164,62,37.80487804878049
kitti_mini,000009,-3,0,Car,23.88,219,70,31.963470319634702
kitti_mini,000009,-3,1,Car,66.37,4,0,0.0
kitti_mini,000009,-3,2,Car,68.25,1,0,0.0
kitti_mini,000009,-2,0,Car,23.88,219,124,56.62100456621005
kitti_mini,000009,-2,1,Car,66.37,4,0,0.0
kitti_mini,000009,-2,2,Car,68.25,1,0,0.0
kitti_mini,000009,-1,0,Car,23.88,219,176,80.36529680365297
kitti_mini,000009,-1,1,Car,66.37,4,3,75.0
kitti_mini,000009,-1,2,Car,68.25,1,1,100.0
kitti_mini,000009,-0.5,0,Car,23.88,219,205,93.60730593607306
kitti_mini,000009,-0.5,1,Car,66.37,4,3,75.0
kitti_mini,000009,-0.5,2,Car,68.25,1,1,100.0
kitti_mini,000009,0,0,Car,23.88,219,219,100.0
kitti_mini,000009,0,1,Car,66.37,4,4,100.0
kitti_mini,000009,0,2,Car,68.25,1,1,100.0
kitti_mini,000009,0.5,0,Car,23.88,219,203,92.69406392694064
kitti_mini,000009,0.5,1,Car,66.37,4,3,75.0
kitti_mini,000009,0.5,2,Car,68.25,1,1,100.0
kitti_mini,000009,1,0,Car,23.88,219,180,82.1917808219178
kitti_mini,000009,1,1,Car,66.37,4,1,25.0
kitti_mini,000009,1,2,Car,68.25,1,0,0.0
kitti_mini,000009,2,0,Car,23.88,219,120,54.794520547945204
kitti_mini,000009,2,1,Car,66.37,4,0,0.0
kitti_mini,000009,2,2,Car,68.25,1,0,0.0
kitti_mini,000009,3,0,Car,23.88,219,66,30.136986301369863
kitti_mini,000009,3,1,Car,66.37,4,0,0.0
kitti_mini,000009,3,2,Car,68.25,1,0,0.0
kitti_mini,000010,-3,0,Car,5.2,283,173,61.130742049469966
kitti_mini,000010,-3,1,Car,11.8,1016,841,82.7755905511811
kitti_mini,000010,-3,2,Pedestrian,23.51,23,0,0.0
kitti_mini,000010,-3,3,Car,16.5,340,199,58.529411764705884
kitti_mini,000010,-3,4,Car,22.05,48,41,85.41666666666667
kitti_mini,000010,-3,5,Car,23.64,246,113,45.9349593495935
kitti_mini,000010,-3,6,Car,29.07,55,0,0.0
kitti_mini,000010,-3,7,Car,28.53,33,14,42.42424242424242
kitti_mini,000010,-3,8,Car,42.85,20,0,0.0
kitti_mini,000010,-2,0,Car,5.2,283,201,71.02473498233215
kitti_mini,000010,-2,1,Car,11.8,1016,919,90.45275590551181
kitti_mini,000010,-2,2,Pedestrian,23.51,23,0,0.0
kitti_mini,000010,-2,3,Car,16.5,340,258,75.88235294117646
kitti_mini,000010,-2,4,Car,22.05,48,45,93.75
kitti_mini,000010,-2,5,Car,23.64,246,167,67.88617886178862
kitti_mini,000010,-2,6,Car,29.07,55,4,7.2727272727272725
kitti_mini,000010,-2,7,Car,28.53,33,29,87.87878787878788
kitti_mini,000010,-2,8,Car,42.85,20,6,30.0
kitti_mini,000010,-1,0,Car,5.2,283,238,84.09893992932862
kitti_mini,000010,-1,1,Car,11.8,1016,995,97.93307086614173
kitti_mini,000010,-1,2,Pedestrian,23.51,23,2,8.695652173913043
kitti_mini,000010,-1,3,Car,16.5,340,318,93.52941176470588
kitti_mini,000010,-1,4,Car,22.05,48,48,100.0
kitti_mini,000010,-1,5,Car,23.64,246,218,88.6178861788618
kitti_mini,000010,-1,6,Car,29.07,55,31,56.36363636363637
kitti_mini,000010,-1,7,Car,28.53,33,33,100.0
kitti_mini,000010,-1,8,Car,42.85,20,18,90.0
kitti_mini,000010,-0.5,0,Car,5.2,283,257,90.81272084805654
kitti_mini,000010,-0.5,1,Car,11.8,1016,1016,100.0
kitti_mini,000010,-0.5,2,Pedestrian,23.51,23,13,56.52173913043478
kitti_mini,000010,-0.5,3,Car,16.5,340,337,99.11764705882354
kitti_mini,000010,-0.5,4,Car,22.05,48,48,100.0
kitti_mini,000010,-0.5,5,Car,23.64,246,237,96.34146341463415
kitti_mini,000010,-0.5,6,Car,29.07,55,45,81.81818181818181
kitti_mini,000010,-0.5,7,Car,28.53,33,33,100.0
kitti_mini,000010,-0.5,8,Car,42.85,20,18,90.0
kitti_mini,000010,0,0,Car,5.2,283,277,97.87985865724382
kitti_mini,000010,0,1,Car,11.8,1016,1016,100.0
kitti_mini,000010,0,2,Pedestrian,23.51,23,23,100.0
kitti_mini,000010,0,3,Car,16.5,340,340,100.0
kitti_mini,000010,0,4,Car,22.05,48,48,100.0
kitti_mini,000010,0,5,Car,23.64,246,246,100.0
kitti_mini,000010,0,6,Car,29.07,55,55,100.0
kitti_mini,000010,0,7,Car,28.53,33,33,100.0
kitti_mini,000010,0,8,Car,42.85,20,20,100.0
kitti_mini,000010,0.5,0,Car,5.2,283,282,99.64664310954063
kitti_mini,000010,0.5,1,Car,11.8,1016,1016,100.0
kitti_mini,000010,0.5,2,Pedestrian,23.51,23,19,82.6086956521739
kitti_mini,000010,0.5,3,Car,16.5,340,339,99.70588235294117
kitti_mini,000010,0.5,4,Car,22.05,48,47,97.91666666666667
kitti_mini,000010,0.5,5,Car,23.64,246,246,100.0
kitti_mini,000010,0.5,6,Car,29.07,55,55,100.0
kitti_mini,000010,0.5,7,Car,28.53,33,27,81.81818181818181
kitti_mini,000010,0.5,8,Car,42.85,20,20,100.0
kitti_mini,000010,1,0,Car,5.2,283,275,97.17314487632508
kitti_mini,000010,1,1,Car,11.8,1016,1016,100.0
kitti_mini,000010,1,2,Pedestrian,23.51,23,7,30.434782608695652
kitti_mini,000010,1,3,Car,16.5,340,326,95.88235294117646
kitti_mini,000010,1,4,Car,22.05,48,30,62.5
kitti_mini,000010,1,5,Car,23.64,246,232,94.3089430894309
kitti_mini,000010,1,6,Car,29.07,55,53,96.36363636363636
kitti_mini,000010,1,7,Car,28.53,33,19,57.57575757575758
kitti_mini,000010,1,8,Car,42.85,20,17,85.0
kitti_mini,000010,2,0,Car,5.2,283,237,83.74558303886926
kitti_mini,000010,2,1,Car,11.8,1016,984,96.85039370078741
kitti_mini,000010,2,2,Pedestrian,23.51,23,0,0.0
kitti_mini,000010,2,3,Car,16.5,340,297,87.3529411764706
kitti_mini,000010,2,4,Car,22.05,48,12,25.0
kitti_mini,000010,2,5,Car,23.64,246,187,76.01626016260163
kitti_mini,000010,2,6,Car,29.07,55,49,89.0909090909091
kitti_mini,000010,2,7,Car,28.53,33,4,12.121212121212121
kitti_mini,000010,2,8,Car,42.85,20,5,25.0
kitti_mini,000010,3,0,Car,5.2,283,206,72.79151943462898
kitti_mini,000010,3,1,Car,11.8,1016,923,90.84645669291339
kitti_mini,000010,3,2,Pedestrian,23.51,23,0,0.0
kitti_mini,000010,3,3,Car,16.5,340,237,69.70588235294117
kitti_mini,000010,3,4,Car,22.05,48,6,12.5
kitti_mini,000010,3,5,Car,23.64,246,129,52.4390243902439
kitti_mini,000010,3,6,Car,29.07,55,33,60.0
kitti_mini,000010,3,7,Car,28.53,33,0,0.0
kitti_mini,000010,3,8,Car,42.85,20,2,10.0
kitti_mini,000011,-3,0,Pedestrian,12.42,151,12,7.947019867549669
kitti_mini,000011,-3,1,Pedestrian,13.43,35,0,0.0
kitti_mini,000011,-3,2,Car,26.64,208,59,28.365384615384617
kitti_mini,000011,-3,3,Pedestrian,34.08,40,0,0.0
kitti_mini,000011,-3,4,Car,4.13,210,65,30.952380952380953
kitti_mini,000011,-3,5,Pedestrian,15.95,81,0,0.0
kitti_mini,000011,-2,0,Pedestrian,12.42,151,71,47.019867549668874
kitti_mini,000011,-2,1,Pedestrian,13.43,35,14,40.0
kitti_mini,000011,-2,2,Car,26.64,208,112,53.84615384615385
kitti_mini,000011,-2,3,Pedestrian,34.08,40,0,0.0
kitti_mini,000011,-2,4,Car,4.13,210,134,63.80952380952381
kitti_mini,000011,-2,5,Pedestrian,15.95,81,0,0.0
kitti_mini,000011,-1,0,Pedestrian,12.42,151,134,88.74172185430463
kitti_mini,000011,-1,1,Pedestrian,13.43,35,29,82.85714285714286
kitti_mini,000011,-1,2,Car,26.64,208,165,79.32692307692308
kitti_mini,000011,-1,3,Pedestrian,34.08,40,9,22.5
kitti_mini,000011,-1,4,Car,4.13,210,195,92.85714285714286
kitti_mini,000011,-1,5,Pedestrian,15.95,81,33,40.74074074074074
kitti_mini,000011,-0.5,0,Pedestrian,12.42,151,143,94.70198675496688
kitti_mini,000011,-0.5,1,Pedestrian,13.43,35,32,91.42857142857143
kitti_mini,000011,-0.5,2,Car,26.64,208,193,92.78846153846153
kitti_mini,000011,-0.5,3,Pedestrian,34.08,40,27,67.5
kitti_mini,000011,-0.5,4,Car,4.13,210,210,100.0
kitti_mini,000011,-0.5,5,Pedestrian,15.95,81,67,82.71604938271605
kitti_mini,000011,0,0,Pedestrian,12.42,151,150,99.33774834437087
kitti_mini,000011,0,1,Pedestrian,13.43,35,35,100.0
kitti_mini,000011,0,2,Car,26.64,208,208,100.0
kitti_mini,000011,0,3,Pedestrian,34.08,40,40,100.0
kitti_mini,000011,0,4,Car,4.13,210,207,98.57142857142857
kitti_mini,000011,0,5,Pedestrian,15.95,81,81,100.0
kitti_mini,000011,0.5,0,Pedestrian,12.42,151,141,93.37748344370861
kitti_mini,000011,0.5,1,Pedestrian,13.43,35,35,100.0
kitti_mini,000011,0.5,2,Car,26.64,208,199,95.67307692307692
kitti_mini,000011,0.5,3,Pedestrian,34.08,40,21,52.5
kitti_mini,000011,0.5,4,Car,4.13,210,172,81.9047619047619
kitti_mini,000011,0.5,5,Pedestrian,15.95,81,66,81.48148148148148
kitti_mini,000011,1,0,Pedestrian,12.42,151,124,82.11920529801324
kitti_mini,000011,1,1,Pedestrian,13.43,35,35,100.0
kitti_mini,000011,1,2,Car,26.64,208,178,85.57692307692308
kitti_mini,000011,1,3,Pedestrian,34.08,40,3,7.5
kitti_mini,000011,1,4,Car,4.13,210,140,66.66666666666667
kitti_mini,000011,1,5,Pedestrian,15.95,81,28,34.5679012345679
kitti_mini,000011,2,0,Pedestrian,12.42,151,44,29.13907284768212
kitti_mini,000011,2,1,Pedestrian,13.43,35,21,60.0
kitti_mini,000011,2,2,Car,26.64,208,127,61.05769230769231
kitti_mini,000011,2,3,Pedestrian,34.08,40,0,0.0
kitti_mini,000011,2,4,Car,4.13,210,77,36.666666666666664
kitti_mini,000011,2,5,Pedestrian,15.95,81,0,0.0
kitti_mini,000011,3,0,Pedestrian,12.42,151,10,6.622516556291391
kitti_mini,000011,3,1,Pedestrian,13.43,35,6,17.142857142857142
kitti_mini,000011,3,2,Car,26.64,208,76,36.53846153846154
kitti_mini,000011,3,3,Pedestrian,34.08,40,0,0.0
kitti_mini,000011,3,4,Car,4.13,210,22,10.476190476190476
kitti_mini,000011,3,5,Pedestrian,15.95,81,0,0.0
kitti_mini,000012,-3,0,Car,58.84,13,0,0.0
kitti_mini,000012,-3,1,Van,65.02,39,0,0.0
kitti_mini,000012,-2,0,Car,58.84,13,0,0.0
kitti_mini,000012,-2,1,Van,65.02,39,5,12.820512820512821
kitti_mini,000012,-1,0,Car,58.84,13,4,30.76923076923077
kitti_mini,000012,-1,1,Van,65.02,39,24,61.53846153846154
kitti_mini,000012,-0.5,0,Car,58.84,13,10,76.92307692307692
kitti_mini,000012,-0.5,1,Van,65.02,39,36,92.3076923076923
kitti_mini,000012,0,0,Car,58.84,13,13,100.0
kitti_mini,000012,0,1,Van,65.02,39,39,100.0
kitti_mini,000012,0.5,0,Car,58.84,13,13,100.0
kitti_mini,000012,0.5,1,Van,65.02,39,35,89.74358974358974
kitti_mini,000012,1,0,Car,58.84,13,11,84.61538461538461
kitti_mini,000012,1,1,Van,65.02,39,23,58.97435897435897
kitti_mini,000012,2,0,Car,58.84,13,1,7.6923076923076925
kitti_mini,000012,2,1,Van,65.02,39,4,10.256410256410257
kitti_mini,000012,3,0,Car,58.84,13,0,0.0
kitti_mini,000012,3,1,Van,65.02,39,0,0.0
kitti_mini,000015,-3,0,Car,4.1,1650,1499,90.84848484848484
kitti_mini,000015,-3,1,Pedestrian,7.59,386,174,45.07772020725388
kitti_mini,000015,-3,2,Pedestrian,24.14,55,0,0.0
kitti_mini,000015,-3,3,Pedestrian,24.22,70,0,0.0
kitti_mini,000015,-3,4,Pedestrian,23.3,66,0,0.0
kitti_mini,000015,-2,0,Car,4.1,1650,1600,96.96969696969697
kitti_mini,000015,-2,1,Pedestrian,7.59,386,323,83.67875647668394
kitti_mini,000015,-2,2,Pedestrian,24.14,55,0,0.0
kitti_mini,000015,-2,3,Pedestrian,24.22,70,0,0.0
kitti_mini,000015,-2,4,Pedestrian,23.3,66,0,0.0
kitti_mini,000015,-1,0,Car,4.1,1650,1650,100.0
kitti_mini,000015,-1,1,Pedestrian,7.59,386,364,94.30051813471502
kitti_mini,000015,-1,2,Pedestrian,24.14,55,27,49.09090909090909
kitti_mini,000015,-1,3,Pedestrian,24.22,70,40,57.142857142857146
kitti_mini,000015,-1,4,Pedestrian,23.3,66,36,54.54545454545455
kitti_mini,000015,-0.5,0,Car,4.1,1650,1648,99.87878787878788
kitti_mini,000015,-0.5,1,Pedestrian,7.59,386,369,95.5958549222798
kitti_mini,000015,-0.5,2,Pedestrian,24.14,55,53,96.36363636363636
kitti_mini,000015,-0.5,3,Pedestrian,24.22,70,64,91.42857142857143
kitti_mini,000015,-0.5,4,Pedestrian,23.3,66,61,92.42424242424242
kitti_mini,000015,0,0,Car,4.1,1650,1637,99.21212121212122
kitti_mini,000015,0,1,Pedestrian,7.59,386,371,96.11398963730569
kitti_mini,000015,0,2,Pedestrian,24.14,55,49,89.0909090909091
kitti_mini,000015,0,3,Pedestrian,24.22,70,59,84.28571428571429
kitti_mini,000015,0,4,Pedestrian,23.3,66,66,100.0
kitti_mini,000015,0.5,0,Car,4.1,1650,1612,97.6969696969697
kitti_mini,000015,0.5,1,Pedestrian,7.59,386,330,85.49222797927462
kitti_mini,000015,0.5,2,Pedestrian,24.14,55,19,34.54545454545455
kitti_mini,000015,0.5,3,Pedestrian,24.22,70,31,44.285714285714285
kitti_mini,000015,0.5,4,Pedestrian,23.3,66,50,75.75757575757575
kitti_mini,000015,1,0,Car,4.1,1650,1589,96.3030303030303
kitti_mini,000015,1,1,Pedestrian,7.59,386,269,69.68911917098445
kitti_mini,000015,1,2,Pedestrian,24.14,55,0,0.0
kitti_mini,000015,1,3,Pedestrian,24.22,70,6,8.571428571428571
kitti_mini,000015,1,4,Pedestrian,23.3,66,17,25.757575757575758
kitti_mini,000015,2,0,Car,4.1,1650,1547,93.75757575757575
kitti_mini,000015,2,1,Pedestrian,7.59,386,126,32.64248704663213
kitti_mini,000015,2,2,Pedestrian,24.14,55,0,0.0
kitti_mini,000015,2,3,Pedestrian,24.22,70,0,0.0
kitti_mini,000015,2,4,Pedestrian,23.3,66,0,0.0
kitti_mini,000015,3,0,Car,4.1,1650,1512,91.63636363636364
kitti_mini,000015,3,1,Pedestrian,7.59,386,26,6.7357512953367875
kitti_mini,000015,3,2,Pedestrian,24.14,55,0,0.0
kitti_mini,000015,3,3,Pedestrian,24.22,70,0,0.0
kitti_mini,000015,3,4,Pedestrian,23.3,66,0,0.0
kitti_mini,000016,-3,0,Car,44.41,24,0,0.0
kitti_mini,000016,-3,1,Truck,26.41,1973,1793,90.87683730359858
kitti_mini,000016,-3,2,Car,33.13,51,12,23.529411764705884
kitti_mini,000016,-3,3,Car,6.05,1766,1679,95.07361268403172
kitti_mini,000016,-3,4,Car,46.74,10,0,0.0
kitti_mini,000016,-3,5,Tram,90.96,0,0,nan
kitti_mini,000016,-2,0,Car,44.41,24,7,29.166666666666668
kitti_mini,000016,-2,1,Truck,26.41,1973,1874,94.98226051697922
kitti_mini,000016,-2,2,Car,33.13,51,26,50.98039215686274
kitti_mini,000016,-2,3,Car,6.05,1766,1742,98.64099660249151
kitti_mini,000016,-2,4,Car,46.74,10,2,20.0
kitti_mini,000016,-2,5,Tram,90.96,0,0,nan
kitti_mini,000016,-1,0,Car,44.41,24,19,79.16666666666667
kitti_mini,000016,-1,1,Truck,26.41,1973,1948,98.73289406994425
kitti_mini,000016,-1,2,Car,33.13,51,49,96.07843137254902
kitti_mini,000016,-1,3,Car,6.05,1766,1766,100.0
kitti_mini,000016,-1,4,Car,46.74,10,7,70.0
kitti_mini,000016,-1,5,Tram,90.96,0,0,nan
kitti_mini,000016,-0.5,0,Car,44.41,24,24,100.0
kitti_mini,000016,-0.5,1,Truck,26.41,1973,1973,100.0
kitti_mini,000016,-0.5,2,Car,33.13,51,50,98.03921568627452
kitti_mini,000016,-0.5,3,Car,6.05,1766,1766,100.0
kitti_mini,000016,-0.5,4,Car,46.74,10,9,90.0
kitti_mini,000016,-0.5,5,Tram,90.96,0,0,nan
kitti_mini,000016,0,0,Car,44.41,24,24,100.0
kitti_mini,000016,0,1,Truck,26.41,1973,1973,100.0
kitti_mini,000016,0,2,Car,33.13,51,51,100.0
kitti_mini,000016,0,3,Car,6.05,1766,1761,99.71687429218574
kitti_mini,000016,0,4,Car,46.74,10,10,100.0
kitti_mini,000016,0,5,Tram,90.96,0,0,nan
kitti_mini,000016,0.5,0,Car,44.41,24,18,75.0
kitti_mini,000016,0.5,1,Truck,26.41,1973,1964,99.54384186517993
kitti_mini,000016,0.5,2,Car,33.13,51,46,90.19607843137256
kitti_mini,000016,0.5,3,Car,6.05,1766,1706,96.60249150622876
kitti_mini,000016,0.5,4,Car,46.74,10,8,80.0
kitti_mini,000016,0.5,5,Tram,90.96,0,0,nan
kitti_mini,000016,1,0,Car,44.41,24,11,45.833333333333336
kitti_mini,000016,1,1,Truck,26.41,1973,1932,97.92194627470856
kitti_mini,000016,1,2,Car,33.13,51,38,74.50980392156863
kitti_mini,000016,1,3,Car,6.05,1766,1642,92.97848244620612
kitti_mini,000016,1,4,Car,46.74,10,7,70.0
kitti_mini,000016,1,5,Tram,90.96,0,0,nan
kitti_mini,000016,2,0,Car,44.41,24,0,0.0
kitti_mini,000016,2,1,Truck,26.41,1973,1872,94.88089204257476
kitti_mini,000016,2,2,Car,33.13,51,22,43.13725490196079
kitti_mini,000016,2,3,Car,6.05,1766,1516,85.84371460928652
kitti_mini,000016,2,4,Car,46.74,10,1,10.0
kitti_mini,000016,2,5,Tram,90.96,0,0,nan
kitti_mini,000016,3,0,Car,44.41,24,0,0.0
kitti_mini,000016,3,1,Truck,26.41,1973,1802,91.33299543841865
kitti_mini,000016,3,2,Car,33.13,51,1,1.9607843137254901
kitti_mini,000016,3,3,Car,6.05,1766,1397,79.1053227633069
kitti_mini,000016,3,4,Car,46.74,10,0,0.0
kitti_mini,000016,3,5,Tram,90.96,0,0,nan
kitti_mini,000019,-3,0,Truck,5.46,4867,4440,91.22662831312924
kitti_mini,000019,-3,1,Car,9.72,1236,1043,84.38511326860842
kitti_mini,000019,-3,2,Van,35.34,106,7,6.60377358490566
kitti_mini,000019,-3,3,Car,59.59,19,0,0.0
kitti_mini,000019,-2,0,Truck,5.46,4867,4664,95.82905280460243
kitti_mini,000019,-2,1,Car,9.72,1236,1145,92.63754045307444
kitti_mini,000019,-2,2,Van,35.34,106,46,43.39622641509434
kitti_mini,000019,-2,3,Car,59.59,19,0,0.0
kitti_mini,000019,-1,0,Truck,5.46,4867,4844,99.52742962810767
kitti_mini,000019,-1,1,Car,9.72,1236,1226,99.19093851132686
kitti_mini,000019,-1,2,Van,35.34,106,78,73.58490566037736
kitti_mini,000019,-1,3,Car,59.59,19,11,57.89473684210526
kitti_mini,000019,-0.5,0,Truck,5.46,4867,4867,100.0
kitti_mini,000019,-0.5,1,Car,9.72,1236,1236,100.0
kitti_mini,000019,-0.5,2,Van,35.34,106,92,86.79245283018868
kitti_mini,000019,-0.5,3,Car,59.59,19,18,94.73684210526316
kitti_mini,000019,0,0,Truck,5.46,4867,4862,99.89726731045819
kitti_mini,000019,0,1,Car,9.72,1236,1236,100.0
kitti_mini,000019,0,2,Van,35.34,106,106,100.0
kitti_mini,000019,0,3,Car,59.59,19,19,100.0
kitti_mini,000019,0.5,0,Truck,5.46,4867,4765,97.90425313334703
kitti_mini,000019,0.5,1,Car,9.72,1236,1236,100.0
kitti_mini,000019,0.5,2,Van,35.34,106,99,93.39622641509433
kitti_mini,000019,0.5,3,Car,59.59,19,13,68.42105263157895
kitti_mini,000019,1,0,Truck,5.46,4867,4683,96.2194370248613
kitti_mini,000019,1,1,Car,9.72,1236,1226,99.19093851132686
kitti_mini,000019,1,2,Van,35.34,106,78,73.58490566037736
kitti_mini,000019,1,3,Car,59.59,19,6,31.57894736842105
kitti_mini,000019,2,0,Truck,5.46,4867,4487,92.19231559482228
kitti_mini,000019,2,1,Car,9.72,1236,1162,94.01294498381877
kitti_mini,000019,2,2,Van,35.34,106,42,39.62264150943396
kitti_mini,000019,2,3,Car,59.59,19,0,0.0
kitti_mini,000019,3,0,Truck,5.46,4867,4283,88.00082186151633
kitti_mini,000019,3,1,Car,9.72,1236,1098,88.83495145631068
kitti_mini,000019,3,2,Van,35.34,106,13,12.264150943396226
kitti_mini,000019,3,3,Car,59.59,19,0,0.0
kitti_mini,000021,-3,0,Cyclist,3.14,186,16,8.602150537634408
kitti_mini,000021,-3,1,Car,13.3,850,671,78.94117647058823
kitti_mini,000021,-3,2,Car,17.6,238,118,49.57983193277311
kitti_mini,000021,-3,3,Van,21.3,964,824,85.47717842323651
kitti_mini,000021,-3,4,Car,25.97,176,53,30.113636363636363
kitti_mini,000021,-3,5,Car,26.83,113,17,15.044247787610619
kitti_mini,000021,-3,6,Car,32.13,50,21,42.0
kitti_mini,000021,-3,7,Car,31.78,28,0,0.0
kitti_mini,000021,-2,0,Cyclist,3.14,186,43,23.118279569892472
kitti_mini,000021,-2,1,Car,13.3,850,749,88.11764705882354
kitti_mini,000021,-2,2,Car,17.6,238,176,73.94957983193277
kitti_mini,000021,-2,3,Van,21.3,964,884,91.70124481327801
kitti_mini,000021,-2,4,Car,25.97,176,98,55.68181818181818
kitti_mini,000021,-2,5,Car,26.83,113,56,49.557522123893804
kitti_mini,000021,-2,6,Car,32.13,50,39,78.0
kitti_mini,000021,-2,7,Car,31.78,28,0,0.0
kitti_mini,000021,-1,0,Cyclist,3.14,186,88,47.31182795698925
kitti_mini,000021,-1,1,Car,13.3,850,821,96.58823529411765
kitti_mini,000021,-1,2,Car,17.6,238,219,92.01680672268908
kitti_mini,000021,-1,3,Van,21.3,964,939,97.40663900414938
kitti_mini,000021,-1,4,Car,25.97,176,144,81.81818181818181
kitti_mini,000021,-1,5,Car,26.83,113,92,81.41592920353982
kitti_mini,000021,-1,6,Car,32.13,50,45,90.0
kitti_mini,000021,-1,7,Car,31.78,28,5,17.857142857142858
kitti_mini,000021,-0.5,0,Cyclist,3.14,186,126,67.74193548387096
kitti_mini,000021,-0.5,1,Car,13.3,850,848,99.76470588235294
kitti_mini,000021,-0.5,2,Car,17.6,238,238,100.0
kitti_mini,000021,-0.5,3,Van,21.3,964,959,99.48132780082987
kitti_mini,000021,-0.5,4,Car,25.97,176,166,94.31818181818181
kitti_mini,000021,-0.5,5,Car,26.83,113,104,92.03539823008849
kitti_mini,000021,-0.5,6,Car,32.13,50,48,96.0
kitti_mini,000021,-0.5,7,Car,31.78,28,25,89.28571428571429
kitti_mini,000021,0,0,Cyclist,3.14,186,176,94.6236559139785
kitti_mini,000021,0,1,Car,13.3,850,850,100.0
kitti_mini,000021,0,2,Car,17.6,238,238,100.0
kitti_mini,000021,0,3,Van,21.3,964,964,100.0
kitti_mini,000021,0,4,Car,25.97,176,176,100.0
kitti_mini,000021,0,5,Car,26.83,113,113,100.0
kitti_mini,000021,0,6,Car,32.13,50,50,100.0
kitti_mini,000021,0,7,Car,31.78,28,28,100.0
kitti_mini,000021,0.5,0,Cyclist,3.14,186,186,100.0
kitti_mini,000021,0.5,1,Car,13.3,850,850,100.0
kitti_mini,000021,0.5,2,Car,17.6,238,238,100.0
kitti_mini,000021,0.5,3,Van,21.3,964,963,99.89626556016597
kitti_mini,000021,0.5,4,Car,25.97,176,175,99.43181818181819
kitti_mini,000021,0.5,5,Car,26.83,113,113,100.0
kitti_mini,000021,0.5,6,Car,32.13,50,47,94.0
kitti_mini,000021,0.5,7,Car,31.78,28,28,100.0
kitti_mini,000021,1,0,Cyclist,3.14,186,186,100.0
kitti_mini,000021,1,1,Car,13.3,850,845,99.41176470588235
kitti_mini,000021,1,2,Car,17.6,238,238,100.0
kitti_mini,000021,1,3,Van,21.3,964,923,95.74688796680498
kitti_mini,000021,1,4,Car,25.97,176,161,91.47727272727273
kitti_mini,000021,1,5,Car,26.83,113,113,100.0
kitti_mini,000021,1,6,Car,32.13,50,40,80.0
kitti_mini,000021,1,7,Car,31.78,28,28,100.0
kitti_mini,000021,2,0,Cyclist,3.14,186,186,100.0
kitti_mini,000021,2,1,Car,13.3,850,789,92.82352941176471
kitti_mini,000021,2,2,Car,17.6,238,236,99.15966386554622
kitti_mini,000021,2,3,Van,21.3,964,904,93.7759336099585
kitti_mini,000021,2,4,Car,25.97,176,122,69.31818181818181
kitti_mini,000021,2,5,Car,26.83,113,88,77.87610619469027
kitti_mini,000021,2,6,Car,32.13,50,14,28.0
kitti_mini,000021,2,7,Car,31.78,28,28,100.0
kitti_mini,000021,3,0,Cyclist,3.14,186,186,100.0
kitti_mini,000021,3,1,Car,13.3,850,717,84.3529411764706
kitti_mini,000021,3,2,Car,17.6,238,227,95.3781512605042
kitti_mini,000021,3,3,Van,21.3,964,829,85.99585062240664
kitti_mini,000021,3,4,Car,25.97,176,77,43.75
kitti_mini,000021,3,5,Car,26.83,113,51,45.13274336283186
kitti_mini,000021,3,6,Car,32.13,50,7,14.0
kitti_mini,000021,3,7,Car,31.78,28,3,10.714285714285714
kitti_mini,000023,-3,0,Truck,69.29,74,0,0.0
kitti_mini,000023,-3,1,Car,55.08,13,0,0.0
kitti_mini,000023,-3,2,Cyclist,44.76,20,0,0.0
kitti_mini,000023,-2,0,Truck,69.29,74,13,17.56756756756757
kitti_mini,000023,-2,1,Car,55.08,13,4,30.76923076923077
kitti_mini,000023,-2,2,Cyclist,44.76,20,0,0.0
kitti_mini,000023,-1,0,Truck,69.29,74,43,58.108108108108105
kitti_mini,000023,-1,1,Car,55.08,13,13,100.0
kitti_mini,000023,-1,2,Cyclist,44.76,20,0,0.0
kitti_mini,000023,-0.5,0,Truck,69.29,74,61,82.43243243243244
kitti_mini,000023,-0.5,1,Car,55.08,13,13,100.0
kitti_mini,000023,-0.5,2,Cyclist,44.76,20,8,40.0
kitti_mini,000023,0,0,Truck,69.29,74,74,100.0
kitti_mini,000023,0,1,Car,55.08,13,13,100.0
kitti_mini,000023,0,2,Cyclist,44.76,20,20,100.0
kitti_mini,000023,0.5,0,Truck,69.29,74,61,82.43243243243244
kitti_mini,000023,0.5,1,Car,55.08,13,11,84.61538461538461
kitti_mini,000023,0.5,2,Cyclist,44.76,20,12,60.0
kitti_mini,000023,1,0,Truck,69.29,74,43,58.108108108108105
kitti_mini,000023,1,1,Car,55.08,13,7,53.84615384615385
kitti_mini,000023,1,2,Cyclist,44.76,20,0,0.0
kitti_mini,000023,2,0,Truck,69.29,74,10,13.513513513513514
kitti_mini,000023,2,1,Car,55.08,13,0,0.0
kitti_mini,000023,2,2,Cyclist,44.76,20,0,0.0
kitti_mini,000023,3,0,Truck,69.29,74,0,0.0
kitti_mini,000023,3,1,Car,55.08,13,0,0.0
kitti_mini,000023,3,2,Cyclist,44.76,20,0,0.0
kitti_mini,000025,-3,0,Car,3.14,140,110,78.57142857142857
kitti_mini,000025,-3,1,Car,10.42,1121,962,85.81623550401427
kitti_mini,000025,-3,2,Car,30.18,61,22,36.0655737704918
kitti_mini,000025,-3,3,Car,17.48,316,156,49.36708860759494
kitti_mini,000025,-3,4,Cyclist,44.63,21,0,0.0
kitti_mini,000025,-3,5,Car,22.3,27,27,100.0
kitti_mini,000025,-2,0,Car,3.14,140,113,80.71428571428571
kitti_mini,000025,-2,1,Car,10.42,1121,1032,92.06066012488849
kitti_mini,000025,-2,2,Car,30.18,61,44,72.1311475409836
kitti_mini,000025,-2,3,Car,17.48,316,225,71.20253164556962
kitti_mini,000025,-2,4,Cyclist,44.63,21,0,0.0
kitti_mini,000025,-2,5,Car,22.3,27,27,100.0
kitti_mini,000025,-1,0,Car,3.14,140,123,87.85714285714286
kitti_mini,000025,-1,1,Car,10.42,1121,1101,98.21587867975022
kitti_mini,000025,-1,2,Car,30.18,61,58,95.08196721311475
kitti_mini,000025,-1,3,Car,17.48,316,289,91.45569620253164
kitti_mini,000025,-1,4,Cyclist,44.63,21,0,0.0
kitti_mini,000025,-1,5,Car,22.3,27,27,100.0
kitti_mini,000025,-0.5,0,Car,3.14,140,129,92.14285714285714
kitti_mini,000025,-0.5,1,Car,10.42,1121,1119,99.82158786797503
kitti_mini,000025,-0.5,2,Car,30.18,61,60,98.36065573770492
kitti_mini,000025,-0.5,3,Car,17.48,316,312,98.73417721518987
kitti_mini,000025,-0.5,4,Cyclist,44.63,21,7,33.333333333333336
kitti_mini,000025,-0.5,5,Car,22.3,27,27,100.0
kitti_mini,000025,0,0,Car,3.14,140,138,98.57142857142857
kitti_mini,000025,0,1,Car,10.42,1121,1121,100.0
kitti_mini,000025,0,2,Car,30.18,61,61,100.0
kitti_mini,000025,0,3,Car,17.48,316,316,100.0
kitti_mini,000025,0,4,Cyclist,44.63,21,21,100.0
kitti_mini,000025,0,5,Car,22.3,27,27,100.0
kitti_mini,000025,0.5,0,Car,3.14,140,140,100.0
kitti_mini,000025,0.5,1,Car,10.42,1121,1118,99.73238180196253
kitti_mini,000025,0.5,2,Car,30.18,61,56,91.80327868852459
kitti_mini,000025,0.5,3,Car,17.48,316,312,98.73417721518987
kitti_mini,000025,0.5,4,Cyclist,44.63,21,5,23.80952380952381
kitti_mini,000025,0.5,5,Car,22.3,27,14,51.851851851851855
kitti_mini,000025,1,0,Car,3.14,140,140,100.0
kitti_mini,000025,1,1,Car,10.42,1121,1095,97.68064228367528
kitti_mini,000025,1,2,Car,30.18,61,48,78.68852459016394
kitti_mini,000025,1,3,Car,17.48,316,293,92.72151898734177
kitti_mini,000025,1,4,Cyclist,44.63,21,0,0.0
kitti_mini,000025,1,5,Car,22.3,27,2,7.407407407407407
kitti_mini,000025,2,0,Car,3.14,140,132,94.28571428571429
kitti_mini,000025,2,1,Car,10.42,1121,1015,90.54415700267619
kitti_mini,000025,2,2,Car,30.18,61,25,40.98360655737705
kitti_mini,000025,2,3,Car,17.48,316,233,73.73417721518987
kitti_mini,000025,2,4,Cyclist,44.63,21,0,0.0
kitti_mini,000025,2,5,Car,22.3,27,0,0.0
kitti_mini,000025,3,0,Car,3.14,140,132,94.28571428571429
kitti_mini,000025,3,1,Car,10.42,1121,929,82.87243532560214
kitti_mini,000025,3,2,Car,30.18,61,8,13.114754098360656
kitti_mini,000025,3,3,Car,17.48,316,165,52.21518987341772
kitti_mini,000025,3,4,Cyclist,44.63,21,0,0.0
kitti_mini,000025,3,5,Car,22.3,27,0,0.0
kitti_mini,000031,-3,0,Car,12.2,1028,811,78.89105058365759
kitti_mini,000031,-3,1,Car,8.46,1028,830,80.73929961089495
kitti_mini,000031,-3,2,Car,13.14,517,482,93.2301740812379
kitti_mini,000031,-3,3,Truck,22.27,328,175,53.353658536585364
kitti_mini,000031,-3,4,Car,26.41,141,34,24.113475177304963
kitti_mini,000031,-3,5,Van,51.9,32,0,0.0
kitti_mini,000031,-2,0,Car,12.2,1028,917,89.2023346303502
kitti_mini,000031,-2,1,Car,8.46,1028,916,89.10505836575875
kitti_mini,000031,-2,2,Car,13.14,517,513,99.22630560928434
kitti_mini,000031,-2,3,Truck,22.27,328,227,69.20731707317073
kitti_mini,000031,-2,4,Car,26.41,141,75,53.191489361702125
kitti_mini,000031,-2,5,Van,51.9,32,0,0.0
kitti_mini,000031,-1,0,Car,12.2,1028,992,96.49805447470817
kitti_mini,000031,-1,1,Car,8.46,1028,1011,98.34630350194553
kitti_mini,000031,-1,2,Car,13.14,517,517,100.0
kitti_mini,000031,-1,3,Truck,22.27,328,298,90.85365853658537
kitti_mini,000031,-1,4,Car,26.41,141,113,80.1418439716312
kitti_mini,000031,-1,5,Van,51.9,32,17,53.125
kitti_mini,000031,-0.5,0,Car,12.2,1028,1025,99.70817120622569
kitti_mini,000031,-0.5,1,Car,8.46,1028,1028,100.0
kitti_mini,000031,-0.5,2,Car,13.14,517,517,100.0
kitti_mini,000031,-0.5,3,Truck,22.27,328,310,94.51219512195122
kitti_mini,000031,-0.5,4,Car,26.41,141,134,95.0354609929078
kitti_mini,000031,-0.5,5,Van,51.9,32,25,78.125
kitti_mini,000031,0,0,Car,12.2,1028,1028,100.0
kitti_mini,000031,0,1,Car,8.46,1028,1028,100.0
kitti_mini,000031,0,2,Car,13.14,517,517,100.0
kitti_mini,000031,0,3,Truck,22.27,328,328,100.0
kitti_mini,000031,0,4,Car,26.41,141,141,100.0
kitti_mini,000031,0,5,Van,51.9,32,32,100.0
kitti_mini,000031,0.5,0,Car,12.2,1028,1025,99.70817120622569
kitti_mini,000031,0.5,1,Car,8.46,1028,1028,100.0
kitti_mini,000031,0.5,2,Car,13.14,517,508,98.25918762088975
kitti_mini,000031,0.5,3,Truck,22.27,328,320,97.5609756097561
kitti_mini,000031,0.5,4,Car,26.41,141,131,92.90780141843972
kitti_mini,000031,0.5,5,Van,51.9,32,28,87.5
kitti_mini,000031,1,0,Car,12.2,1028,1000,97.27626459143968
kitti_mini,000031,1,1,Car,8.46,1028,1017,98.92996108949416
kitti_mini,000031,1,2,Car,13.14,517,491,94.97098646034816
kitti_mini,000031,1,3,Truck,22.27,328,304,92.6829268292683
kitti_mini,000031,1,4,Car,26.41,141,110,78.01418439716312
kitti_mini,000031,1,5,Van,51.9,32,19,59.375
kitti_mini,000031,2,0,Car,12.2,1028,903,87.84046692607004
kitti_mini,000031,2,1,Car,8.46,1028,977,95.03891050583658
kitti_mini,000031,2,2,Car,13.14,517,432,83.55899419729207
kitti_mini,000031,2,3,Truck,22.27,328,255,77.7439024390244
kitti_mini,000031,2,4,Car,26.41,141,68,48.226950354609926
kitti_mini,000031,2,5,Van,51.9,32,3,9.375
kitti_mini,000031,3,0,Car,12.2,1028,801,77.91828793774319
kitti_mini,000031,3,1,Car,8.46,1028,953,92.70428015564202
kitti_mini,000031,3,2,Car,13.14,517,351,67.8916827852998
kitti_mini,000031,3,3,Truck,22.27,328,209,63.71951219512195
kitti_mini,000031,3,4,Car,26.41,141,29,20.56737588652482
kitti_mini,000031,3,5,Van,51.9,32,0,0.0
kitti_mini,000032,-3,0,Car,9.0,1435,1287,89.68641114982579
kitti_mini,000032,-3,1,Car,8.6,1352,1125,83.21005917159763
kitti_mini,000032,-3,2,Van,14.34,803,530,66.0024906600249
kitti_mini,000032,-3,3,Car,13.47,410,404,98.53658536585365
kitti_mini,000032,-3,4,Car,19.85,71,56,78.87323943661971
kitti_mini,000032,-3,5,Van,22.71,584,452,77.3972602739726
kitti_mini,000032,-3,6,Car,25.25,75,36,48.0
kitti_mini,000032,-3,7,Van,44.71,64,0,0.0
kitti_mini,000032,-3,8,Van,39.04,154,146,94.8051948051948
kitti_mini,000032,-3,9,Car,44.75,39,0,0.0
kitti_mini,000032,-2,0,Car,9.0,1435,1382,96.30662020905923
kitti_mini,000032,-2,1,Car,8.6,1352,1223,90.4585798816568
kitti_mini,000032,-2,2,Van,14.34,803,653,81.3200498132005
kitti_mini,000032,-2,3,Car,13.47,410,410,100.0
kitti_mini,000032,-2,4,Car,19.85,71,64,90.14084507042253
kitti_mini,000032,-2,5,Van,22.71,584,522,89.38356164383562
kitti_mini,000032,-2,6,Car,25.25,75,60,80.0
kitti_mini,000032,-2,7,Van,44.71,64,6,9.375
kitti_mini,000032,-2,8,Van,39.04,154,153,99.35064935064935
kitti_mini,000032,-2,9,Car,44.75,39,11,28.205128205128204
kitti_mini,000032,-1,0,Car,9.0,1435,1429,99.58188153310104
kitti_mini,000032,-1,1,Car,8.6,1352,1321,97.70710059171597
kitti_mini,000032,-1,2,Van,14.34,803,747,93.02615193026152
kitti_mini,000032,-1,3,Car,13.47,410,410,100.0
kitti_mini,000032,-1,4,Car,19.85,71,70,98.59154929577464
kitti_mini,000032,-1,5,Van,22.71,584,574,98.28767123287672
kitti_mini,000032,-1,6,Car,25.25,75,72,96.0
kitti_mini,000032,-1,7,Van,44.71,64,36,56.25
kitti_mini,000032,-1,8,Van,39.04,154,154,100.0
kitti_mini,000032,-1,9,Car,44.75,39,29,74.35897435897436
kitti_mini,000032,-0.5,0,Car,9.0,1435,1435,100.0
kitti_mini,000032,-0.5,1,Car,8.6,1352,1346,99.55621301775147
kitti_mini,000032,-0.5,2,Van,14.34,803,789,98.25653798256538
kitti_mini,000032,-0.5,3,Car,13.47,410,410,100.0
kitti_mini,000032,-0.5,4,Car,19.85,71,71,100.0
kitti_mini,000032,-0.5,5,Van,22.71,584,580,99.31506849315069
kitti_mini,000032,-0.5,6,Car,25.25,75,75,100.0
kitti_mini,000032,-0.5,7,Van,44.71,64,49,76.5625
kitti_mini,000032,-0.5,8,Van,39.04,154,154,100.0
kitti_mini,000032,-0.5,9,Car,44.75,39,37,94.87179487179488
kitti_mini,000032,0,0,Car,9.0,1435,1435,100.0
kitti_mini,000032,0,1,Car,8.6,1352,1350,99.85207100591715
kitti_mini,000032,0,2,Van,14.34,803,803,100.0
kitti_mini,000032,0,3,Car,13.47,410,410,100.0
kitti_mini,000032,0,4,Car,19.85,71,71,100.0
kitti_mini,000032,0,5,Van,22.71,584,584,100.0
kitti_mini,000032,0,6,Car,25.25,75,75,100.0
kitti_mini,000032,0,7,Van,44.71,64,64,100.0
kitti_mini,000032,0,8,Van,39.04,154,154,100.0
kitti_mini,000032,0,9,Car,44.75,39,39,100.0
kitti_mini,000032,0.5,0,Car,9.0,1435,1435,100.0
kitti_mini,000032,0.5,1,Car,8.6,1352,1352,100.0
kitti_mini,000032,0.5,2,Van,14.34,803,803,100.0
kitti_mini,000032,0.5,3,Car,13.47,410,410,100.0
kitti_mini,000032,0.5,4,Car,19.85,71,59,83.09859154929578
kitti_mini,000032,0.5,5,Van,22.71,584,584,100.0
kitti_mini,000032,0.5,6,Car,25.25,75,75,100.0
kitti_mini,000032,0.5,7,Van,44.71,64,58,90.625
kitti_mini,000032,0.5,8,Van,39.04,154,153,99.35064935064935
kitti_mini,000032,0.5,9,Car,44.75,39,34,87.17948717948718
kitti_mini,000032,1,0,Car,9.0,1435,1435,100.0
kitti_mini,000032,1,1,Car,8.6,1352,1334,98.66863905325444
kitti_mini,000032,1,2,Van,14.34,803,803,100.0
kitti_mini,000032,1,3,Car,13.47,410,395,96.34146341463415
kitti_mini,000032,1,4,Car,19.85,71,46,64.78873239436619
kitti_mini,000032,1,5,Van,22.71,584,584,100.0
kitti_mini,000032,1,6,Car,25.25,75,73,97.33333333333333
kitti_mini,000032,1,7,Van,44.71,64,43,67.1875
kitti_mini,000032,1,8,Van,39.04,154,135,87.66233766233766
kitti_mini,000032,1,9,Car,44.75,39,25,64.1025641025641
kitti_mini,000032,2,0,Car,9.0,1435,1420,98.95470383275261
kitti_mini,000032,2,1,Car,8.6,1352,1274,94.23076923076923
kitti_mini,000032,2,2,Van,14.34,803,788,98.13200498132005
kitti_mini,000032,2,3,Car,13.47,410,352,85.85365853658537
kitti_mini,000032,2,4,Car,19.85,71,18,25.35211267605634
kitti_mini,000032,2,5,Van,22.71,584,584,100.0
kitti_mini,000032,2,6,Car,25.25,75,56,74.66666666666667
kitti_mini,000032,2,7,Van,44.71,64,15,23.4375
kitti_mini,000032,2,8,Van,39.04,154,110,71.42857142857143
kitti_mini,000032,2,9,Car,44.75,39,8,20.512820512820515
kitti_mini,000032,3,0,Car,9.0,1435,1362,94.91289198606272
kitti_mini,000032,3,1,Car,8.6,1352,1214,89.79289940828403
kitti_mini,000032,3,2,Van,14.34,803,754,93.89788293897882
kitti_mini,000032,3,3,Car,13.47,410,298,72.6829268292683
kitti_mini,000032,3,4,Car,19.85,71,8,11.267605633802816
kitti_mini,000032,3,5,Van,22.71,584,584,100.0
kitti_mini,000032,3,6,Car,25.25,75,42,56.0
kitti_mini,000032,3,7,Van,44.71,64,0,0.0
kitti_mini,000032,3,8,Van,39.04,154,81,52.5974025974026
kitti_mini,000032,3,9,Car,44.75,39,0,0.0
kitti_mini,000043,-3,0,Pedestrian,12.56,158,0,0.0
kitti_mini,000043,-3,1,Pedestrian,12.34,183,0,0.0
kitti_mini,000043,-3,2,Pedestrian,20.51,85,0,0.0
kitti_mini,000043,-3,3,Pedestrian,20.3,88,0,0.0
kitti_mini,000043,-2,0,Pedestrian,12.56,158,13,8.227848101265822
kitti_mini,000043,-2,1,Pedestrian,12.34,183,22,12.021857923497267
kitti_mini,000043,-2,2,Pedestrian,20.51,85,0,0.0
kitti_mini,000043,-2,3,Pedestrian,20.3,88,1,1.1363636363636365
kitti_mini,000043,-1,0,Pedestrian,12.56,158,98,62.0253164556962
kitti_mini,000043,-1,1,Pedestrian,12.34,183,127,69.39890710382514
kitti_mini,000043,-1,2,Pedestrian,20.51,85,50,58.8235294117647
kitti_mini,000043,-1,3,Pedestrian,20.3,88,62,70.45454545454545
kitti_mini,000043,-0.5,0,Pedestrian,12.56,158,142,89.87341772151899
kitti_mini,000043,-0.5,1,Pedestrian,12.34,183,170,92.89617486338798
kitti_mini,000043,-0.5,2,Pedestrian,20.51,85,78,91.76470588235294
kitti_mini,000043,-0.5,3,Pedestrian,20.3,88,83,94.31818181818181
kitti_mini,000043,0,0,Pedestrian,12.56,158,150,94.9367088607595
kitti_mini,000043,0,1,Pedestrian,12.34,183,182,99.4535519125683
kitti_mini,000043,0,2,Pedestrian,20.51,85,85,100.0
kitti_mini,000043,0,3,Pedestrian,20.3,88,86,97.72727272727273
kitti_mini,000043,0.5,0,Pedestrian,12.56,158,137,86.70886075949367
kitti_mini,000043,0.5,1,Pedestrian,12.34,183,149,81.4207650273224
kitti_mini,000043,0.5,2,Pedestrian,20.51,85,67,78.82352941176471
kitti_mini,000043,0.5,3,Pedestrian,20.3,88,66,75.0
kitti_mini,000043,1,0,Pedestrian,12.56,158,88,55.69620253164557
kitti_mini,000043,1,1,Pedestrian,12.34,183,104,56.830601092896174
kitti_mini,000043,1,2,Pedestrian,20.51,85,36,42.35294117647059
kitti_mini,000043,1,3,Pedestrian,20.3,88,24,27.272727272727273
kitti_mini,000043,2,0,Pedestrian,12.56,158,10,6.329113924050633
kitti_mini,000043,2,1,Pedestrian,12.34,183,6,3.278688524590164
kitti_mini,000043,2,2,Pedestrian,20.51,85,0,0.0
kitti_mini,000043,2,3,Pedestrian,20.3,88,1,1.1363636363636365
kitti_mini,000043,3,0,Pedestrian,12.56,158,0,0.0
kitti_mini,000043,3,1,Pedestrian,12.34,183,0,0.0
kitti_mini,000043,3,2,Pedestrian,20.51,85,0,0.0
kitti_mini,000043,3,3,Pedestrian,20.3,88,0,0.0
kitti_mini,000048,-3,0,Pedestrian,16.82,113,0,0.0
kitti_mini,000048,-3,1,Pedestrian,17.03,132,0,0.0
kitti_mini,000048,-3,2,Pedestrian,16.26,116,0,0.0
kitti_mini,000048,-3,3,Cyclist,30.42,41,0,0.0
kitti_mini,000048,-2,0,Pedestrian,16.82,113,12,10.619469026548673
kitti_mini,000048,-2,1,Pedestrian,17.03,132,22,16.666666666666668
kitti_mini,000048,-2,2,Pedestrian,16.26,116,27,23.275862068965516
kitti_mini,000048,-2,3,Cyclist,30.42,41,0,0.0
kitti_mini,000048,-1,0,Pedestrian,16.82,113,92,81.41592920353982
kitti_mini,000048,-1,1,Pedestrian,17.03,132,101,76.51515151515152
kitti_mini,000048,-1,2,Pedestrian,16.26,116,106,91.37931034482759
kitti_mini,000048,-1,3,Cyclist,30.42,41,11,26.829268292682926
kitti_mini,000048,-0.5,0,Pedestrian,16.82,113,102,90.26548672566372
kitti_mini,000048,-0.5,1,Pedestrian,17.03,132,131,99.24242424242425
kitti_mini,000048,-0.5,2,Pedestrian,16.26,116,116,100.0
kitti_mini,000048,-0.5,3,Cyclist,30.42,41,31,75.60975609756098
kitti_mini,000048,0,0,Pedestrian,16.82,113,108,95.57522123893806
kitti_mini,000048,0,1,Pedestrian,17.03,132,125,94.6969696969697
kitti_mini,000048,0,2,Pedestrian,16.26,116,96,82.75862068965517
kitti_mini,000048,0,3,Cyclist,30.42,41,41,100.0
kitti_mini,000048,0.5,0,Pedestrian,16.82,113,83,73.45132743362832
kitti_mini,000048,0.5,1,Pedestrian,17.03,132,105,79.54545454545455
kitti_mini,000048,0.5,2,Pedestrian,16.26,116,61,52.58620689655172
kitti_mini,000048,0.5,3,Cyclist,30.42,41,37,90.2439024390244
kitti_mini,000048,1,0,Pedestrian,16.82,113,36,31.858407079646017
kitti_mini,000048,1,1,Pedestrian,17.03,132,69,52.27272727272727
kitti_mini,000048,1,2,Pedestrian,16.26,116,19,16.379310344827587
kitti_mini,000048,1,3,Cyclist,30.42,41,18,43.90243902439025
kitti_mini,000048,2,0,Pedestrian,16.82,113,2,1.7699115044247788
kitti_mini,000048,2,1,Pedestrian,17.03,132,0,0.0
kitti_mini,000048,2,2,Pedestrian,16.26,116,0,0.0
kitti_mini,000048,2,3,Cyclist,30.42,41,0,0.0
kitti_mini,000048,3,0,Pedestrian,16.82,113,0,0.0
kitti_mini,000048,3,1,Pedestrian,17.03,132,0,0.0
kitti_mini,000048,3,2,Pedestrian,16.26,116,0,0.0
kitti_mini,000048,3,3,Cyclist,30.42,41,0,0.0
kitti_mini,000049,-3,0,Car,21.55,206,81,39.320388349514566
kitti_mini,000049,-3,1,Car,13.75,930,779,83.76344086021506
kitti_mini,000049,-3,2,Car,21.82,140,37,26.428571428571427
kitti_mini,000049,-3,3,Car,24.83,79,12,15.189873417721518
kitti_mini,000049,-3,4,Car,32.49,18,0,0.0
kitti_mini,000049,-3,5,Van,45.7,79,17,21.518987341772153
kitti_mini,000049,-3,6,Pedestrian,4.71,719,563,78.30319888734353
kitti_mini,000049,-3,7,Car,9.53,571,568,99.47460595446584
kitti_mini,000049,-3,8,Car,14.89,432,378,87.5
kitti_mini,000049,-3,9,Car,20.2,198,179,90.4040404040404
kitti_mini,000049,-3,10,Pedestrian,32.55,42,0,0.0
kitti_mini,000049,-3,11,Car,31.83,74,34,45.945945945945944
kitti_mini,000049,-3,12,Car,12.04,437,394,90.16018306636155
kitti_mini,000049,-3,13,Car,17.23,312,227,72.75641025641026
kitti_mini,000049,-3,14,Car,35.67,2,0,0.0
kitti_mini,000049,-3,15,Car,21.69,8,2,25.0
kitti_mini,000049,-3,16,Van,32.04,261,194,74.32950191570882
kitti_mini,000049,-3,17,Car,17.43,49,36,73.46938775510205
kitti_mini,000049,-2,0,Car,21.55,206,126,61.16504854368932
kitti_mini,000049,-2,1,Car,13.75,930,853,91.72043010752688
kitti_mini,000049,-2,2,Car,21.82,140,74,52.857142857142854
kitti_mini,000049,-2,3,Car,24.83,79,29,36.70886075949367
kitti_mini,000049,-2,4,Car,32.49,18,2,11.11111111111111
kitti_mini,000049,-2,5,Van,45.7,79,28,35.44303797468354
kitti_mini,000049,-2,6,Pedestrian,4.71,719,644,89.56884561891516
kitti_mini,000049,-2,7,Car,9.53,571,569,99.64973730297723
kitti_mini,000049,-2,8,Car,14.89,432,417,96.52777777777777
kitti_mini,000049,-2,9,Car,20.2,198,185,93.43434343434343
kitti_mini,000049,-2,10,Pedestrian,32.55,42,0,0.0
kitti_mini,000049,-2,11,Car,31.83,74,53,71.62162162162163
kitti_mini,000049,-2,12,Car,12.04,437,394,90.16018306636155
kitti_mini,000049,-2,13,Car,17.23,312,273,87.5
kitti_mini,000049,-2,14,Car,35.67,2,0,0.0
kitti_mini,000049,-2,15,Car,21.69,8,4,50.0
kitti_mini,000049,-2,16,Van,32.04,261,233,89.272030651341
kitti_mini,000049,-2,17,Car,17.43,49,44,89.79591836734694
kitti_mini,000049,-1,0,Car,21.55,206,167,81.06796116504854
kitti_mini,000049,-1,1,Car,13.75,930,922,99.13978494623656
kitti_mini,000049,-1,2,Car,21.82,140,118,84.28571428571429
kitti_mini,000049,-1,3,Car,24.83,79,66,83.54430379746836
kitti_mini,000049,-1,4,Car,32.49,18,11,61.111111111111114
kitti_mini,000049,-1,5,Van,45.7,79,61,77.21518987341773
kitti_mini,000049,-1,6,Pedestrian,4.71,719,710,98.74826147426982
kitti_mini,000049,-1,7,Car,9.53,571,570,99.82486865148861
kitti_mini,000049,-1,8,Car,14.89,432,432,100.0
kitti_mini,000049,-1,9,Car,20.2,198,190,95.95959595959596
kitti_mini,000049,-1,10,Pedestrian,32.55,42,11,26.19047619047619
kitti_mini,000049,-1,11,Car,31.83,74,74,100.0
kitti_mini,000049,-1,12,Car,12.04,437,436,99.77116704805492
kitti_mini,000049,-1,13,Car,17.23,312,299,95.83333333333333
kitti_mini,000049,-1,14,Car,35.67,2,0,0.0
kitti_mini,000049,-1,15,Car,21.69,8,8,100.0
kitti_mini,000049,-1,16,Van,32.04,261,250,95.78544061302682
kitti_mini,000049,-1,17,Car,17.43,49,48,97.95918367346938
kitti_mini,000049,-0.5,0,Car,21.55,206,190,92.23300970873787
kitti_mini,000049,-0.5,1,Car,13.75,930,930,100.0
kitti_mini,000049,-0.5,2,Car,21.82,140,136,97.14285714285714
kitti_mini,000049,-0.5,3,Car,24.83,79,79,100.0
kitti_mini,000049,-0.5,4,Car,32.49,18,15,83.33333333333333
kitti_mini,000049,-0.5,5,Van,45.7,79,75,94.9367088607595
kitti_mini,000049,-0.5,6,Pedestrian,4.71,719,703,97.77468706536857
kitti_mini,000049,-0.5,7,Car,9.53,571,571,100.0
kitti_mini,000049,-0.5,8,Car,14.89,432,432,100.0
kitti_mini,000049,-0.5,9,Car,20.2,198,196,98.98989898989899
kitti_mini,000049,-0.5,10,Pedestrian,32.55,42,31,73.80952380952381
kitti_mini,000049,-0.5,11,Car,31.83,74,74,100.0
kitti_mini,000049,-0.5,12,Car,12.04,437,437,100.0
kitti_mini,000049,-0.5,13,Car,17.23,312,310,99.35897435897436
kitti_mini,000049,-0.5,14,Car,35.67,2,0,0.0
kitti_mini,000049,-0.5,15,Car,21.69,8,8,100.0
kitti_mini,000049,-0.5,16,Van,32.04,261,261,100.0
kitti_mini,000049,-0.5,17,Car,17.43,49,49,100.0
kitti_mini,000049,0,0,Car,21.55,206,206,100.0
kitti_mini,000049,0,1,Car,13.75,930,930,100.0
kitti_mini,000049,0,2,Car,21.82,140,140,100.0
kitti_mini,000049,0,3,Car,24.83,79,79,100.0
kitti_mini,000049,0,4,Car,32.49,18,18,100.0
kitti_mini,000049,0,5,Van,45.7,79,79,100.0
kitti_mini,000049,0,6,Pedestrian,4.71,719,690,95.96662030598053
kitti_mini,000049,0,7,Car,9.53,571,571,100.0
kitti_mini,000049,0,8,Car,14.89,432,432,100.0
kitti_mini,000049,0,9,Car,20.2,198,198,100.0
kitti_mini,000049,0,10,Pedestrian,32.55,42,37,88.0952380952381
kitti_mini,000049,0,11,Car,31.83,74,74,100.0
kitti_mini,000049,0,12,Car,12.04,437,437,100.0
kitti_mini,000049,0,13,Car,17.23,312,312,100.0
kitti_mini,000049,0,14,Car,35.67,2,2,100.0
kitti_mini,000049,0,15,Car,21.69,8,8,100.0
kitti_mini,000049,0,16,Van,32.04,261,261,100.0
kitti_mini,000049,0,17,Car,17.43,49,49,100.0
kitti_mini,000049,0.5,0,Car,21.55,206,190,92.23300970873787
kitti_mini,000049,0.5,1,Car,13.75,930,925,99.46236559139786
kitti_mini,000049,0.5,2,Car,21.82,140,140,100.0
kitti_mini,000049,0.5,3,Car,24.83,79,79,100.0
kitti_mini,000049,0.5,4,Car,32.49,18,18,100.0
kitti_mini,000049,0.5,5,Van,45.7,79,79,100.0
kitti_mini,000049,0.5,6,Pedestrian,4.71,719,671,93.3240611961057
kitti_mini,000049,0.5,7,Car,9.53,571,565,98.9492119089317
kitti_mini,000049,0.5,8,Car,14.89,432,426,98.61111111111111
kitti_mini,000049,0.5,9,Car,20.2,198,195,98.48484848484848
kitti_mini,000049,0.5,10,Pedestrian,32.55,42,24,57.142857142857146
kitti_mini,000049,0.5,11,Car,31.83,74,74,100.0
kitti_mini,000049,0.5,12,Car,12.04,437,437,100.0
kitti_mini,000049,0.5,13,Car,17.23,312,312,100.0
kitti_mini,000049,0.5,14,Car,35.67,2,2,100.0
kitti_mini,000049,0.5,15,Car,21.69,8,8,100.0
kitti_mini,000049,0.5,16,Van,32.04,261,250,95.78544061302682
kitti_mini,000049,0.5,17,Car,17.43,49,48,97.95918367346938
kitti_mini,000049,1,0,Car,21.55,206,165,80.09708737864078
kitti_mini,000049,1,1,Car,13.75,930,903,97.09677419354838
kitti_mini,000049,1,2,Car,21.82,140,140,100.0
kitti_mini,000049,1,3,Car,24.83,79,79,100.0
kitti_mini,000049,1,4,Car,32.49,18,18,100.0
kitti_mini,000049,1,5,Van,45.7,79,76,96.20253164556962
kitti_mini,000049,1,6,Pedestrian,4.71,719,647,89.98609179415855
kitti_mini,000049,1,7,Car,9.53,571,543,95.09632224168126
kitti_mini,000049,1,8,Car,14.89,432,406,93.98148148148148
kitti_mini,000049,1,9,Car,20.2,198,167,84.34343434343434
kitti_mini,000049,1,10,Pedestrian,32.55,42,2,4.761904761904762
kitti_mini,000049,1,11,Car,31.83,74,74,100.0
kitti_mini,000049,1,12,Car,12.04,437,437,100.0
kitti_mini,000049,1,13,Car,17.23,312,312,100.0
kitti_mini,000049,1,14,Car,35.67,2,2,100.0
kitti_mini,000049,1,15,Car,21.69,8,8,100.0
kitti_mini,000049,1,16,Van,32.04,261,235,90.03831417624521
kitti_mini,000049,1,17,Car,17.43,49,41,83.6734693877551
kitti_mini,000049,2,0,Car,21.55,206,116,56.310679611650485
kitti_mini,000049,2,1,Car,13.75,930,854,91.82795698924731
kitti_mini,000049,2,2,Car,21.82,140,140,100.0
kitti_mini,000049,2,3,Car,24.83,79,79,100.0
kitti_mini,000049,2,4,Car,32.49,18,18,100.0
kitti_mini,000049,2,5,Van,45.7,79,69,87.34177215189874
kitti_mini,000049,2,6,Pedestrian,4.71,719,557,77.46870653685674
kitti_mini,000049,2,7,Car,9.53,571,495,86.69001751313485
kitti_mini,000049,2,8,Car,14.89,432,359,83.10185185185185
kitti_mini,000049,2,9,Car,20.2,198,102,51.515151515151516
kitti_mini,000049,2,10,Pedestrian,32.55,42,0,0.0
kitti_mini,000049,2,11,Car,31.83,74,73,98.64864864864865
kitti_mini,000049,2,12,Car,12.04,437,421,96.33867276887872
kitti_mini,000049,2,13,Car,17.23,312,311,99.67948717948718
kitti_mini,000049,2,14,Car,35.67,2,2,100.0
kitti_mini,000049,2,15,Car,21.69,8,8,100.0
kitti_mini,000049,2,16,Van,32.04,261,199,76.24521072796935
kitti_mini,000049,2,17,Car,17.43,49,20,40.816326530612244
kitti_mini,000049,3,0,Car,21.55,206,74,35.922330097087375
kitti_mini,000049,3,1,Car,13.75,930,797,85.6989247311828
kitti_mini,000049,3,2,Car,21.82,140,138,98.57142857142857
kitti_mini,000049,3,3,Car,24.83,79,76,96.20253164556962
kitti_mini,000049,3,4,Car,32.49,18,18,100.0
kitti_mini,000049,3,5,Van,45.7,79,59,74.68354430379746
kitti_mini,000049,3,6,Pedestrian,4.71,719,432,60.083449235048676
kitti_mini,000049,3,7,Car,9.53,571,464,81.26094570928196
kitti_mini,000049,3,8,Car,14.89,432,298,68.98148148148148
kitti_mini,000049,3,9,Car,20.2,198,38,19.19191919191919
kitti_mini,000049,3,10,Pedestrian,32.55,42,0,0.0
kitti_mini,000049,3,11,Car,31.83,74,62,83.78378378378379
kitti_mini,000049,3,12,Car,12.04,437,385,88.10068649885584
kitti_mini,000049,3,13,Car,17.23,312,292,93.58974358974359
kitti_mini,000049,3,14,Car,35.67,2,0,0.0
kitti_mini,000049,3,15,Car,21.69,8,7,87.5
kitti_mini,000049,3,16,Van,32.04,261,168,64.36781609195403
kitti_mini,000049,3,17,Car,17.43,49,10,20.408163265306122
kitti_mini,000061,-3,0,Van,15.23,989,649,65.62184024266936
kitti_mini,000061,-3,1,Car,10.93,108,0,0.0
kitti_mini,000061,-3,2,Car,33.21,6,0,0.0
kitti_mini,000061,-3,3,Car,16.63,145,10,6.896551724137931
kitti_mini,000061,-3,4,Misc,34.42,86,10,11.627906976744185
kitti_mini,000061,-3,5,Van,40.44,14,0,0.0
kitti_mini,000061,-2,0,Van,15.23,989,761,76.9464105156724
kitti_mini,000061,-2,1,Car,10.93,108,0,0.0
kitti_mini,000061,-2,2,Car,33.21,6,0,0.0
kitti_mini,000061,-2,3,Car,16.63,145,55,37.93103448275862
kitti_mini,000061,-2,4,Misc,34.42,86,35,40.69767441860465
kitti_mini,000061,-2,5,Van,40.44,14,4,28.571428571428573
kitti_mini,000061,-1,0,Van,15.23,989,892,90.19211324570273
kitti_mini,000061,-1,1,Car,10.93,108,68,62.96296296296296
kitti_mini,000061,-1,2,Car,33.21,6,3,50.0
kitti_mini,000061,-1,3,Car,16.63,145,117,80.6896551724138
kitti_mini,000061,-1,4,Misc,34.42,86,57,66.27906976744185
kitti_mini,000061,-1,5,Van,40.44,14,8,57.142857142857146
kitti_mini,000061,-0.5,0,Van,15.23,989,950,96.05662285136502
kitti_mini,000061,-0.5,1,Car,10.93,108,102,94.44444444444444
kitti_mini,000061,-0.5,2,Car,33.21,6,6,100.0
kitti_mini,000061,-0.5,3,Car,16.63,145,145,100.0
kitti_mini,000061,-0.5,4,Misc,34.42,86,73,84.88372093023256
kitti_mini,000061,-0.5,5,Van,40.44,14,11,78.57142857142857
kitti_mini,000061,0,0,Van,15.23,989,989,100.0
kitti_mini,000061,0,1,Car,10.93,108,108,100.0
kitti_mini,000061,0,2,Car,33.21,6,6,100.0
kitti_mini,000061,0,3,Car,16.63,145,145,100.0
kitti_mini,000061,0,4,Misc,34.42,86,86,100.0
kitti_mini,000061,0,5,Van,40.44,14,14,100.0
kitti_mini,000061,0.5,0,Van,15.23,989,987,99.79777553083923
kitti_mini,000061,0.5,1,Car,10.93,108,73,67.5925925925926
kitti_mini,000061,0.5,2,Car,33.21,6,6,100.0
kitti_mini,000061,0.5,3,Car,16.63,145,145,100.0
kitti_mini,000061,0.5,4,Misc,34.42,86,77,89.53488372093024
kitti_mini,000061,0.5,5,Van,40.44,14,11,78.57142857142857
kitti_mini,000061,1,0,Van,15.23,989,959,96.96663296258848
kitti_mini,000061,1,1,Car,10.93,108,34,31.48148148148148
kitti_mini,000061,1,2,Car,33.21,6,4,66.66666666666667
kitti_mini,000061,1,3,Car,16.63,145,144,99.3103448275862
kitti_mini,000061,1,4,Misc,34.42,86,63,73.25581395348837
kitti_mini,000061,1,5,Van,40.44,14,9,64.28571428571429
kitti_mini,000061,2,0,Van,15.23,989,855,86.45096056622852
kitti_mini,000061,2,1,Car,10.93,108,0,0.0
kitti_mini,000061,2,2,Car,33.21,6,0,0.0
kitti_mini,000061,2,3,Car,16.63,145,121,83.44827586206897
kitti_mini,000061,2,4,Misc,34.42,86,41,47.674418604651166
kitti_mini,000061,2,5,Van,40.44,14,5,35.714285714285715
kitti_mini,000061,3,0,Van,15.23,989,739,74.72194135490395
kitti_mini,000061,3,1,Car,10.93,108,0,0.0
kitti_mini,000061,3,2,Car,33.21,6,0,0.0
kitti_mini,000061,3,3,Car,16.63,145,65,44.827586206896555
kitti_mini,000061,3,4,Misc,34.42,86,14,16.27906976744186
kitti_mini,000061,3,5,Van,40.44,14,0,0.0
nuscenes_mini_subset,scene-0103_000,-3,0,Pedestrian,36.53319493423775,1,0,0.0
nuscenes_mini_subset,scene-0103_000,-3,1,Pedestrian,16.92192315661554,8,0,0.0
nuscenes_mini_subset,scene-0103_000,-3,2,Pedestrian,29.248792344791863,5,0,0.0
nuscenes_mini_subset,scene-0103_000,-3,3,Car,42.43712162227352,4,0,0.0
nuscenes_mini_subset,scene-0103_000,-3,4,Pedestrian,18.762488721270767,9,0,0.0
nuscenes_mini_subset,scene-0103_000,-3,5,Pedestrian,26.524567073164828,5,0,0.0
nuscenes_mini_subset,scene-0103_000,-3,6,Pedestrian,36.251970999138,2,0,0.0
nuscenes_mini_subset,scene-0103_000,-3,7,Pedestrian,36.63185485933714,1,0,0.0
nuscenes_mini_subset,scene-0103_000,-3,8,Pedestrian,31.49342632883262,4,0,0.0
nuscenes_mini_subset,scene-0103_000,-3,9,Car,72.4499626647267,1,0,0.0
nuscenes_mini_subset,scene-0103_000,-3,10,Pedestrian,53.71796753820583,1,0,0.0
nuscenes_mini_subset,scene-0103_000,-3,11,Pedestrian,52.62102207377394,1,0,0.0
nuscenes_mini_subset,scene-0103_000,-3,12,Pedestrian,27.886332772208004,3,0,0.0
nuscenes_mini_subset,scene-0103_000,-3,13,Pedestrian,36.90649680891801,3,0,0.0
nuscenes_mini_subset,scene-0103_000,-2,0,Pedestrian,36.53319493423775,1,0,0.0
nuscenes_mini_subset,scene-0103_000,-2,1,Pedestrian,16.92192315661554,8,0,0.0
nuscenes_mini_subset,scene-0103_000,-2,2,Pedestrian,29.248792344791863,5,0,0.0
nuscenes_mini_subset,scene-0103_000,-2,3,Car,42.43712162227352,4,2,50.0
nuscenes_mini_subset,scene-0103_000,-2,4,Pedestrian,18.762488721270767,9,0,0.0
nuscenes_mini_subset,scene-0103_000,-2,5,Pedestrian,26.524567073164828,5,0,0.0
nuscenes_mini_subset,scene-0103_000,-2,6,Pedestrian,36.251970999138,2,0,0.0
nuscenes_mini_subset,scene-0103_000,-2,7,Pedestrian,36.63185485933714,1,0,0.0
nuscenes_mini_subset,scene-0103_000,-2,8,Pedestrian,31.49342632883262,4,0,0.0
nuscenes_mini_subset,scene-0103_000,-2,9,Car,72.4499626647267,1,0,0.0
nuscenes_mini_subset,scene-0103_000,-2,10,Pedestrian,53.71796753820583,1,0,0.0
nuscenes_mini_subset,scene-0103_000,-2,11,Pedestrian,52.62102207377394,1,0,0.0
nuscenes_mini_subset,scene-0103_000,-2,12,Pedestrian,27.886332772208004,3,0,0.0
nuscenes_mini_subset,scene-0103_000,-2,13,Pedestrian,36.90649680891801,3,0,0.0
nuscenes_mini_subset,scene-0103_000,-1,0,Pedestrian,36.53319493423775,1,0,0.0
nuscenes_mini_subset,scene-0103_000,-1,1,Pedestrian,16.92192315661554,8,3,37.5
nuscenes_mini_subset,scene-0103_000,-1,2,Pedestrian,29.248792344791863,5,2,40.0
nuscenes_mini_subset,scene-0103_000,-1,3,Car,42.43712162227352,4,3,75.0
nuscenes_mini_subset,scene-0103_000,-1,4,Pedestrian,18.762488721270767,9,4,44.44444444444444
nuscenes_mini_subset,scene-0103_000,-1,5,Pedestrian,26.524567073164828,5,2,40.0
nuscenes_mini_subset,scene-0103_000,-1,6,Pedestrian,36.251970999138,2,0,0.0
nuscenes_mini_subset,scene-0103_000,-1,7,Pedestrian,36.63185485933714,1,0,0.0
nuscenes_mini_subset,scene-0103_000,-1,8,Pedestrian,31.49342632883262,4,1,25.0
nuscenes_mini_subset,scene-0103_000,-1,9,Car,72.4499626647267,1,0,0.0
nuscenes_mini_subset,scene-0103_000,-1,10,Pedestrian,53.71796753820583,1,0,0.0
nuscenes_mini_subset,scene-0103_000,-1,11,Pedestrian,52.62102207377394,1,0,0.0
nuscenes_mini_subset,scene-0103_000,-1,12,Pedestrian,27.886332772208004,3,2,66.66666666666667
nuscenes_mini_subset,scene-0103_000,-1,13,Pedestrian,36.90649680891801,3,0,0.0
nuscenes_mini_subset,scene-0103_000,-0.5,0,Pedestrian,36.53319493423775,1,0,0.0
nuscenes_mini_subset,scene-0103_000,-0.5,1,Pedestrian,16.92192315661554,8,7,87.5
nuscenes_mini_subset,scene-0103_000,-0.5,2,Pedestrian,29.248792344791863,5,4,80.0
nuscenes_mini_subset,scene-0103_000,-0.5,3,Car,42.43712162227352,4,4,100.0
nuscenes_mini_subset,scene-0103_000,-0.5,4,Pedestrian,18.762488721270767,9,9,100.0
nuscenes_mini_subset,scene-0103_000,-0.5,5,Pedestrian,26.524567073164828,5,4,80.0
nuscenes_mini_subset,scene-0103_000,-0.5,6,Pedestrian,36.251970999138,2,0,0.0
nuscenes_mini_subset,scene-0103_000,-0.5,7,Pedestrian,36.63185485933714,1,0,0.0
nuscenes_mini_subset,scene-0103_000,-0.5,8,Pedestrian,31.49342632883262,4,4,100.0
nuscenes_mini_subset,scene-0103_000,-0.5,9,Car,72.4499626647267,1,0,0.0
nuscenes_mini_subset,scene-0103_000,-0.5,10,Pedestrian,53.71796753820583,1,0,0.0
nuscenes_mini_subset,scene-0103_000,-0.5,11,Pedestrian,52.62102207377394,1,1,100.0
nuscenes_mini_subset,scene-0103_000,-0.5,12,Pedestrian,27.886332772208004,3,3,100.0
nuscenes_mini_subset,scene-0103_000,-0.5,13,Pedestrian,36.90649680891801,3,2,66.66666666666667
nuscenes_mini_subset,scene-0103_000,0,0,Pedestrian,36.53319493423775,1,1,100.0
nuscenes_mini_subset,scene-0103_000,0,1,Pedestrian,16.92192315661554,8,8,100.0
nuscenes_mini_subset,scene-0103_000,0,2,Pedestrian,29.248792344791863,5,5,100.0
nuscenes_mini_subset,scene-0103_000,0,3,Car,42.43712162227352,4,4,100.0
nuscenes_mini_subset,scene-0103_000,0,4,Pedestrian,18.762488721270767,9,9,100.0
nuscenes_mini_subset,scene-0103_000,0,5,Pedestrian,26.524567073164828,5,5,100.0
nuscenes_mini_subset,scene-0103_000,0,6,Pedestrian,36.251970999138,2,2,100.0
nuscenes_mini_subset,scene-0103_000,0,7,Pedestrian,36.63185485933714,1,1,100.0
nuscenes_mini_subset,scene-0103_000,0,8,Pedestrian,31.49342632883262,4,4,100.0
nuscenes_mini_subset,scene-0103_000,0,9,Car,72.4499626647267,1,1,100.0
nuscenes_mini_subset,scene-0103_000,0,10,Pedestrian,53.71796753820583,1,1,100.0
nuscenes_mini_subset,scene-0103_000,0,11,Pedestrian,52.62102207377394,1,1,100.0
nuscenes_mini_subset,scene-0103_000,0,12,Pedestrian,27.886332772208004,3,3,100.0
nuscenes_mini_subset,scene-0103_000,0,13,Pedestrian,36.90649680891801,3,3,100.0
nuscenes_mini_subset,scene-0103_000,0.5,0,Pedestrian,36.53319493423775,1,1,100.0
nuscenes_mini_subset,scene-0103_000,0.5,1,Pedestrian,16.92192315661554,8,8,100.0
nuscenes_mini_subset,scene-0103_000,0.5,2,Pedestrian,29.248792344791863,5,5,100.0
nuscenes_mini_subset,scene-0103_000,0.5,3,Car,42.43712162227352,4,4,100.0
nuscenes_mini_subset,scene-0103_000,0.5,4,Pedestrian,18.762488721270767,9,9,100.0
nuscenes_mini_subset,scene-0103_000,0.5,5,Pedestrian,26.524567073164828,5,4,80.0
nuscenes_mini_subset,scene-0103_000,0.5,6,Pedestrian,36.251970999138,2,1,50.0
nuscenes_mini_subset,scene-0103_000,0.5,7,Pedestrian,36.63185485933714,1,0,0.0
nuscenes_mini_subset,scene-0103_000,0.5,8,Pedestrian,31.49342632883262,4,4,100.0
nuscenes_mini_subset,scene-0103_000,0.5,9,Car,72.4499626647267,1,1,100.0
nuscenes_mini_subset,scene-0103_000,0.5,10,Pedestrian,53.71796753820583,1,0,0.0
nuscenes_mini_subset,scene-0103_000,0.5,11,Pedestrian,52.62102207377394,1,0,0.0
nuscenes_mini_subset,scene-0103_000,0.5,12,Pedestrian,27.886332772208004,3,2,66.66666666666667
nuscenes_mini_subset,scene-0103_000,0.5,13,Pedestrian,36.90649680891801,3,3,100.0
nuscenes_mini_subset,scene-0103_000,1,0,Pedestrian,36.53319493423775,1,0,0.0
nuscenes_mini_subset,scene-0103_000,1,1,Pedestrian,16.92192315661554,8,7,87.5
nuscenes_mini_subset,scene-0103_000,1,2,Pedestrian,29.248792344791863,5,1,20.0
nuscenes_mini_subset,scene-0103_000,1,3,Car,42.43712162227352,4,4,100.0
nuscenes_mini_subset,scene-0103_000,1,4,Pedestrian,18.762488721270767,9,7,77.77777777777777
nuscenes_mini_subset,scene-0103_000,1,5,Pedestrian,26.524567073164828,5,1,20.0
nuscenes_mini_subset,scene-0103_000,1,6,Pedestrian,36.251970999138,2,0,0.0
nuscenes_mini_subset,scene-0103_000,1,7,Pedestrian,36.63185485933714,1,0,0.0
nuscenes_mini_subset,scene-0103_000,1,8,Pedestrian,31.49342632883262,4,1,25.0
nuscenes_mini_subset,scene-0103_000,1,9,Car,72.4499626647267,1,1,100.0
nuscenes_mini_subset,scene-0103_000,1,10,Pedestrian,53.71796753820583,1,0,0.0
nuscenes_mini_subset,scene-0103_000,1,11,Pedestrian,52.62102207377394,1,0,0.0
nuscenes_mini_subset,scene-0103_000,1,12,Pedestrian,27.886332772208004,3,1,33.333333333333336
nuscenes_mini_subset,scene-0103_000,1,13,Pedestrian,36.90649680891801,3,1,33.333333333333336
nuscenes_mini_subset,scene-0103_000,2,0,Pedestrian,36.53319493423775,1,0,0.0
nuscenes_mini_subset,scene-0103_000,2,1,Pedestrian,16.92192315661554,8,1,12.5
nuscenes_mini_subset,scene-0103_000,2,2,Pedestrian,29.248792344791863,5,0,0.0
nuscenes_mini_subset,scene-0103_000,2,3,Car,42.43712162227352,4,2,50.0
nuscenes_mini_subset,scene-0103_000,2,4,Pedestrian,18.762488721270767,9,0,0.0
nuscenes_mini_subset,scene-0103_000,2,5,Pedestrian,26.524567073164828,5,0,0.0
nuscenes_mini_subset,scene-0103_000,2,6,Pedestrian,36.251970999138,2,0,0.0
nuscenes_mini_subset,scene-0103_000,2,7,Pedestrian,36.63185485933714,1,0,0.0
nuscenes_mini_subset,scene-0103_000,2,8,Pedestrian,31.49342632883262,4,0,0.0
nuscenes_mini_subset,scene-0103_000,2,9,Car,72.4499626647267,1,0,0.0
nuscenes_mini_subset,scene-0103_000,2,10,Pedestrian,53.71796753820583,1,0,0.0
nuscenes_mini_subset,scene-0103_000,2,11,Pedestrian,52.62102207377394,1,0,0.0
nuscenes_mini_subset,scene-0103_000,2,12,Pedestrian,27.886332772208004,3,0,0.0
nuscenes_mini_subset,scene-0103_000,2,13,Pedestrian,36.90649680891801,3,0,0.0
nuscenes_mini_subset,scene-0103_000,3,0,Pedestrian,36.53319493423775,1,0,0.0
nuscenes_mini_subset,scene-0103_000,3,1,Pedestrian,16.92192315661554,8,0,0.0
nuscenes_mini_subset,scene-0103_000,3,2,Pedestrian,29.248792344791863,5,0,0.0
nuscenes_mini_subset,scene-0103_000,3,3,Car,42.43712162227352,4,1,25.0
nuscenes_mini_subset,scene-0103_000,3,4,Pedestrian,18.762488721270767,9,0,0.0
nuscenes_mini_subset,scene-0103_000,3,5,Pedestrian,26.524567073164828,5,0,0.0
nuscenes_mini_subset,scene-0103_000,3,6,Pedestrian,36.251970999138,2,0,0.0
nuscenes_mini_subset,scene-0103_000,3,7,Pedestrian,36.63185485933714,1,0,0.0
nuscenes_mini_subset,scene-0103_000,3,8,Pedestrian,31.49342632883262,4,0,0.0
nuscenes_mini_subset,scene-0103_000,3,9,Car,72.4499626647267,1,0,0.0
nuscenes_mini_subset,scene-0103_000,3,10,Pedestrian,53.71796753820583,1,0,0.0
nuscenes_mini_subset,scene-0103_000,3,11,Pedestrian,52.62102207377394,1,0,0.0
nuscenes_mini_subset,scene-0103_000,3,12,Pedestrian,27.886332772208004,3,0,0.0
nuscenes_mini_subset,scene-0103_000,3,13,Pedestrian,36.90649680891801,3,0,0.0
nuscenes_mini_subset,scene-0103_001,-3,0,Pedestrian,31.601368098756367,2,0,0.0
nuscenes_mini_subset,scene-0103_001,-3,1,Pedestrian,12.055857524127033,20,0,0.0
nuscenes_mini_subset,scene-0103_001,-3,2,Pedestrian,24.216041529564055,5,0,0.0
nuscenes_mini_subset,scene-0103_001,-3,3,Pedestrian,31.620193868917596,2,0,0.0
nuscenes_mini_subset,scene-0103_001,-3,4,Car,40.99083590228029,2,0,0.0
nuscenes_mini_subset,scene-0103_001,-3,5,Car,63.088470271894565,1,1,100.0
nuscenes_mini_subset,scene-0103_001,-3,6,Pedestrian,23.183499886700073,4,0,0.0
nuscenes_mini_subset,scene-0103_001,-3,7,Pedestrian,31.890065387013173,0,0,nan
nuscenes_mini_subset,scene-0103_001,-3,8,Pedestrian,32.08601743587609,1,0,0.0
nuscenes_mini_subset,scene-0103_001,-3,9,Pedestrian,26.94300110592389,5,0,0.0
nuscenes_mini_subset,scene-0103_001,-3,10,Car,64.33795537524145,0,0,nan
nuscenes_mini_subset,scene-0103_001,-3,11,Pedestrian,49.96011846656204,2,0,0.0
nuscenes_mini_subset,scene-0103_001,-3,12,Pedestrian,29.04532048896851,3,0,0.0
nuscenes_mini_subset,scene-0103_001,-3,13,Car,76.74862862027754,1,0,0.0
nuscenes_mini_subset,scene-0103_001,-3,14,Car,39.345080138396554,3,0,0.0
nuscenes_mini_subset,scene-0103_001,-3,15,Pedestrian,49.30858586695656,2,0,0.0
nuscenes_mini_subset,scene-0103_001,-3,16,Pedestrian,23.39014650242354,5,0,0.0
nuscenes_mini_subset,scene-0103_001,-3,17,Pedestrian,31.933652827185927,3,0,0.0
nuscenes_mini_subset,scene-0103_001,-3,18,Pedestrian,25.194641018493858,6,0,0.0
nuscenes_mini_subset,scene-0103_001,-2,0,Pedestrian,31.601368098756367,2,0,0.0
nuscenes_mini_subset,scene-0103_001,-2,1,Pedestrian,12.055857524127033,20,0,0.0
nuscenes_mini_subset,scene-0103_001,-2,2,Pedestrian,24.216041529564055,5,0,0.0
nuscenes_mini_subset,scene-0103_001,-2,3,Pedestrian,31.620193868917596,2,0,0.0
nuscenes_mini_subset,scene-0103_001,-2,4,Car,40.99083590228029,2,1,50.0
nuscenes_mini_subset,scene-0103_001,-2,5,Car,63.088470271894565,1,1,100.0
nuscenes_mini_subset,scene-0103_001,-2,6,Pedestrian,23.183499886700073,4,0,0.0
nuscenes_mini_subset,scene-0103_001,-2,7,Pedestrian,31.890065387013173,0,0,nan
nuscenes_mini_subset,scene-0103_001,-2,8,Pedestrian,32.08601743587609,1,0,0.0
nuscenes_mini_subset,scene-0103_001,-2,9,Pedestrian,26.94300110592389,5,0,0.0
nuscenes_mini_subset,scene-0103_001,-2,10,Car,64.33795537524145,0,0,nan
nuscenes_mini_subset,scene-0103_001,-2,11,Pedestrian,49.96011846656204,2,0,0.0
nuscenes_mini_subset,scene-0103_001,-2,12,Pedestrian,29.04532048896851,3,0,0.0
nuscenes_mini_subset,scene-0103_001,-2,13,Car,76.74862862027754,1,0,0.0
nuscenes_mini_subset,scene-0103_001,-2,14,Car,39.345080138396554,3,2,66.66666666666667
nuscenes_mini_subset,scene-0103_001,-2,15,Pedestrian,49.30858586695656,2,0,0.0
nuscenes_mini_subset,scene-0103_001,-2,16,Pedestrian,23.39014650242354,5,0,0.0
nuscenes_mini_subset,scene-0103_001,-2,17,Pedestrian,31.933652827185927,3,0,0.0
nuscenes_mini_subset,scene-0103_001,-2,18,Pedestrian,25.194641018493858,6,0,0.0
nuscenes_mini_subset,scene-0103_001,-1,0,Pedestrian,31.601368098756367,2,0,0.0
nuscenes_mini_subset,scene-0103_001,-1,1,Pedestrian,12.055857524127033,20,7,35.0
nuscenes_mini_subset,scene-0103_001,-1,2,Pedestrian,24.216041529564055,5,4,80.0
nuscenes_mini_subset,scene-0103_001,-1,3,Pedestrian,31.620193868917596,2,0,0.0
nuscenes_mini_subset,scene-0103_001,-1,4,Car,40.99083590228029,2,2,100.0
nuscenes_mini_subset,scene-0103_001,-1,5,Car,63.088470271894565,1,1,100.0
nuscenes_mini_subset,scene-0103_001,-1,6,Pedestrian,23.183499886700073,4,2,50.0
nuscenes_mini_subset,scene-0103_001,-1,7,Pedestrian,31.890065387013173,0,0,nan
nuscenes_mini_subset,scene-0103_001,-1,8,Pedestrian,32.08601743587609,1,0,0.0
nuscenes_mini_subset,scene-0103_001,-1,9,Pedestrian,26.94300110592389,5,1,20.0
nuscenes_mini_subset,scene-0103_001,-1,10,Car,64.33795537524145,0,0,nan
nuscenes_mini_subset,scene-0103_001,-1,11,Pedestrian,49.96011846656204,2,0,0.0
nuscenes_mini_subset,scene-0103_001,-1,12,Pedestrian,29.04532048896851,3,1,33.333333333333336
nuscenes_mini_subset,scene-0103_001,-1,13,Car,76.74862862027754,1,1,100.0
nuscenes_mini_subset,scene-0103_001,-1,14,Car,39.345080138396554,3,3,100.0
nuscenes_mini_subset,scene-0103_001,-1,15,Pedestrian,49.30858586695656,2,0,0.0
nuscenes_mini_subset,scene-0103_001,-1,16,Pedestrian,23.39014650242354,5,4,80.0
nuscenes_mini_subset,scene-0103_001,-1,17,Pedestrian,31.933652827185927,3,0,0.0
nuscenes_mini_subset,scene-0103_001,-1,18,Pedestrian,25.194641018493858,6,1,16.666666666666668
nuscenes_mini_subset,scene-0103_001,-0.5,0,Pedestrian,31.601368098756367,2,1,50.0
nuscenes_mini_subset,scene-0103_001,-0.5,1,Pedestrian,12.055857524127033,20,16,80.0
nuscenes_mini_subset,scene-0103_001,-0.5,2,Pedestrian,24.216041529564055,5,5,100.0
nuscenes_mini_subset,scene-0103_001,-0.5,3,Pedestrian,31.620193868917596,2,1,50.0
nuscenes_mini_subset,scene-0103_001,-0.5,4,Car,40.99083590228029,2,2,100.0
nuscenes_mini_subset,scene-0103_001,-0.5,5,Car,63.088470271894565,1,1,100.0
nuscenes_mini_subset,scene-0103_001,-0.5,6,Pedestrian,23.183499886700073,4,4,100.0
nuscenes_mini_subset,scene-0103_001,-0.5,7,Pedestrian,31.890065387013173,0,0,nan
nuscenes_mini_subset,scene-0103_001,-0.5,8,Pedestrian,32.08601743587609,1,0,0.0
nuscenes_mini_subset,scene-0103_001,-0.5,9,Pedestrian,26.94300110592389,5,5,100.0
nuscenes_mini_subset,scene-0103_001,-0.5,10,Car,64.33795537524145,0,0,nan
nuscenes_mini_subset,scene-0103_001,-0.5,11,Pedestrian,49.96011846656204,2,0,0.0
nuscenes_mini_subset,scene-0103_001,-0.5,12,Pedestrian,29.04532048896851,3,3,100.0
nuscenes_mini_subset,scene-0103_001,-0.5,13,Car,76.74862862027754,1,1,100.0
nuscenes_mini_subset,scene-0103_001,-0.5,14,Car,39.345080138396554,3,3,100.0
nuscenes_mini_subset,scene-0103_001,-0.5,15,Pedestrian,49.30858586695656,2,2,100.0
nuscenes_mini_subset,scene-0103_001,-0.5,16,Pedestrian,23.39014650242354,5,5,100.0
nuscenes_mini_subset,scene-0103_001,-0.5,17,Pedestrian,31.933652827185927,3,2,66.66666666666667
nuscenes_mini_subset,scene-0103_001,-0.5,18,Pedestrian,25.194641018493858,6,5,83.33333333333333
nuscenes_mini_subset,scene-0103_001,0,0,Pedestrian,31.601368098756367,2,2,100.0
nuscenes_mini_subset,scene-0103_001,0,1,Pedestrian,12.055857524127033,20,20,100.0
nuscenes_mini_subset,scene-0103_001,0,2,Pedestrian,24.216041529564055,5,5,100.0
nuscenes_mini_subset,scene-0103_001,0,3,Pedestrian,31.620193868917596,2,2,100.0
nuscenes_mini_subset,scene-0103_001,0,4,Car,40.99083590228029,2,2,100.0
nuscenes_mini_subset,scene-0103_001,0,5,Car,63.088470271894565,1,1,100.0
nuscenes_mini_subset,scene-0103_001,0,6,Pedestrian,23.183499886700073,4,4,100.0
nuscenes_mini_subset,scene-0103_001,0,7,Pedestrian,31.890065387013173,0,0,nan
nuscenes_mini_subset,scene-0103_001,0,8,Pedestrian,32.08601743587609,1,1,100.0
nuscenes_mini_subset,scene-0103_001,0,9,Pedestrian,26.94300110592389,5,5,100.0
nuscenes_mini_subset,scene-0103_001,0,10,Car,64.33795537524145,0,0,nan
nuscenes_mini_subset,scene-0103_001,0,11,Pedestrian,49.96011846656204,2,2,100.0
nuscenes_mini_subset,scene-0103_001,0,12,Pedestrian,29.04532048896851,3,3,100.0
nuscenes_mini_subset,scene-0103_001,0,13,Car,76.74862862027754,1,1,100.0
nuscenes_mini_subset,scene-0103_001,0,14,Car,39.345080138396554,3,3,100.0
nuscenes_mini_subset,scene-0103_001,0,15,Pedestrian,49.30858586695656,2,2,100.0
nuscenes_mini_subset,scene-0103_001,0,16,Pedestrian,23.39014650242354,5,5,100.0
nuscenes_mini_subset,scene-0103_001,0,17,Pedestrian,31.933652827185927,3,3,100.0
nuscenes_mini_subset,scene-0103_001,0,18,Pedestrian,25.194641018493858,6,6,100.0
nuscenes_mini_subset,scene-0103_001,0.5,0,Pedestrian,31.601368098756367,2,2,100.0
nuscenes_mini_subset,scene-0103_001,0.5,1,Pedestrian,12.055857524127033,20,20,100.0
nuscenes_mini_subset,scene-0103_001,0.5,2,Pedestrian,24.216041529564055,5,4,80.0
nuscenes_mini_subset,scene-0103_001,0.5,3,Pedestrian,31.620193868917596,2,1,50.0
nuscenes_mini_subset,scene-0103_001,0.5,4,Car,40.99083590228029,2,2,100.0
nuscenes_mini_subset,scene-0103_001,0.5,5,Car,63.088470271894565,1,1,100.0
nuscenes_mini_subset,scene-0103_001,0.5,6,Pedestrian,23.183499886700073,4,3,75.0
nuscenes_mini_subset,scene-0103_001,0.5,7,Pedestrian,31.890065387013173,0,0,nan
nuscenes_mini_subset,scene-0103_001,0.5,8,Pedestrian,32.08601743587609,1,1,100.0
nuscenes_mini_subset,scene-0103_001,0.5,9,Pedestrian,26.94300110592389,5,5,100.0
nuscenes_mini_subset,scene-0103_001,0.5,10,Car,64.33795537524145,0,0,nan
nuscenes_mini_subset,scene-0103_001,0.5,11,Pedestrian,49.96011846656204,2,1,50.0
nuscenes_mini_subset,scene-0103_001,0.5,12,Pedestrian,29.04532048896851,3,2,66.66666666666667
nuscenes_mini_subset,scene-0103_001,0.5,13,Car,76.74862862027754,1,1,100.0
nuscenes_mini_subset,scene-0103_001,0.5,14,Car,39.345080138396554,3,3,100.0
nuscenes_mini_subset,scene-0103_001,0.5,15,Pedestrian,49.30858586695656,2,0,0.0
nuscenes_mini_subset,scene-0103_001,0.5,16,Pedestrian,23.39014650242354,5,4,80.0
nuscenes_mini_subset,scene-0103_001,0.5,17,Pedestrian,31.933652827185927,3,3,100.0
nuscenes_mini_subset,scene-0103_001,0.5,18,Pedestrian,25.194641018493858,6,5,83.33333333333333
nuscenes_mini_subset,scene-0103_001,1,0,Pedestrian,31.601368098756367,2,1,50.0
nuscenes_mini_subset,scene-0103_001,1,1,Pedestrian,12.055857524127033,20,20,100.0
nuscenes_mini_subset,scene-0103_001,1,2,Pedestrian,24.216041529564055,5,3,60.0
nuscenes_mini_subset,scene-0103_001,1,3,Pedestrian,31.620193868917596,2,0,0.0
nuscenes_mini_subset,scene-0103_001,1,4,Car,40.99083590228029,2,1,50.0
nuscenes_mini_subset,scene-0103_001,1,5,Car,63.088470271894565,1,0,0.0
nuscenes_mini_subset,scene-0103_001,1,6,Pedestrian,23.183499886700073,4,2,50.0
nuscenes_mini_subset,scene-0103_001,1,7,Pedestrian,31.890065387013173,0,0,nan
nuscenes_mini_subset,scene-0103_001,1,8,Pedestrian,32.08601743587609,1,0,0.0
nuscenes_mini_subset,scene-0103_001,1,9,Pedestrian,26.94300110592389,5,2,40.0
nuscenes_mini_subset,scene-0103_001,1,10,Car,64.33795537524145,0,0,nan
nuscenes_mini_subset,scene-0103_001,1,11,Pedestrian,49.96011846656204,2,0,0.0
nuscenes_mini_subset,scene-0103_001,1,12,Pedestrian,29.04532048896851,3,0,0.0
nuscenes_mini_subset,scene-0103_001,1,13,Car,76.74862862027754,1,0,0.0
nuscenes_mini_subset,scene-0103_001,1,14,Car,39.345080138396554,3,3,100.0
nuscenes_mini_subset,scene-0103_001,1,15,Pedestrian,49.30858586695656,2,0,0.0
nuscenes_mini_subset,scene-0103_001,1,16,Pedestrian,23.39014650242354,5,3,60.0
nuscenes_mini_subset,scene-0103_001,1,17,Pedestrian,31.933652827185927,3,1,33.333333333333336
nuscenes_mini_subset,scene-0103_001,1,18,Pedestrian,25.194641018493858,6,1,16.666666666666668
nuscenes_mini_subset,scene-0103_001,2,0,Pedestrian,31.601368098756367,2,0,0.0
nuscenes_mini_subset,scene-0103_001,2,1,Pedestrian,12.055857524127033,20,13,65.0
nuscenes_mini_subset,scene-0103_001,2,2,Pedestrian,24.216041529564055,5,0,0.0
nuscenes_mini_subset,scene-0103_001,2,3,Pedestrian,31.620193868917596,2,0,0.0
nuscenes_mini_subset,scene-0103_001,2,4,Car,40.99083590228029,2,0,0.0
nuscenes_mini_subset,scene-0103_001,2,5,Car,63.088470271894565,1,0,0.0
nuscenes_mini_subset,scene-0103_001,2,6,Pedestrian,23.183499886700073,4,0,0.0
nuscenes_mini_subset,scene-0103_001,2,7,Pedestrian,31.890065387013173,0,0,nan
nuscenes_mini_subset,scene-0103_001,2,8,Pedestrian,32.08601743587609,1,0,0.0
nuscenes_mini_subset,scene-0103_001,2,9,Pedestrian,26.94300110592389,5,0,0.0
nuscenes_mini_subset,scene-0103_001,2,10,Car,64.33795537524145,0,0,nan
nuscenes_mini_subset,scene-0103_001,2,11,Pedestrian,49.96011846656204,2,0,0.0
nuscenes_mini_subset,scene-0103_001,2,12,Pedestrian,29.04532048896851,3,0,0.0
nuscenes_mini_subset,scene-0103_001,2,13,Car,76.74862862027754,1,0,0.0
nuscenes_mini_subset,scene-0103_001,2,14,Car,39.345080138396554,3,1,33.333333333333336
nuscenes_mini_subset,scene-0103_001,2,15,Pedestrian,49.30858586695656,2,0,0.0
nuscenes_mini_subset,scene-0103_001,2,16,Pedestrian,23.39014650242354,5,0,0.0
nuscenes_mini_subset,scene-0103_001,2,17,Pedestrian,31.933652827185927,3,0,0.0
nuscenes_mini_subset,scene-0103_001,2,18,Pedestrian,25.194641018493858,6,0,0.0
nuscenes_mini_subset,scene-0103_001,3,0,Pedestrian,31.601368098756367,2,0,0.0
nuscenes_mini_subset,scene-0103_001,3,1,Pedestrian,12.055857524127033,20,0,0.0
nuscenes_mini_subset,scene-0103_001,3,2,Pedestrian,24.216041529564055,5,0,0.0
nuscenes_mini_subset,scene-0103_001,3,3,Pedestrian,31.620193868917596,2,0,0.0
nuscenes_mini_subset,scene-0103_001,3,4,Car,40.99083590228029,2,0,0.0
nuscenes_mini_subset,scene-0103_001,3,5,Car,63.088470271894565,1,0,0.0
nuscenes_mini_subset,scene-0103_001,3,6,Pedestrian,23.183499886700073,4,0,0.0
nuscenes_mini_subset,scene-0103_001,3,7,Pedestrian,31.890065387013173,0,0,nan
nuscenes_mini_subset,scene-0103_001,3,8,Pedestrian,32.08601743587609,1,0,0.0
nuscenes_mini_subset,scene-0103_001,3,9,Pedestrian,26.94300110592389,5,0,0.0
nuscenes_mini_subset,scene-0103_001,3,10,Car,64.33795537524145,0,0,nan
nuscenes_mini_subset,scene-0103_001,3,11,Pedestrian,49.96011846656204,2,0,0.0
nuscenes_mini_subset,scene-0103_001,3,12,Pedestrian,29.04532048896851,3,0,0.0
nuscenes_mini_subset,scene-0103_001,3,13,Car,76.74862862027754,1,0,0.0
nuscenes_mini_subset,scene-0103_001,3,14,Car,39.345080138396554,3,0,0.0
nuscenes_mini_subset,scene-0103_001,3,15,Pedestrian,49.30858586695656,2,0,0.0
nuscenes_mini_subset,scene-0103_001,3,16,Pedestrian,23.39014650242354,5,0,0.0
nuscenes_mini_subset,scene-0103_001,3,17,Pedestrian,31.933652827185927,3,0,0.0
nuscenes_mini_subset,scene-0103_001,3,18,Pedestrian,25.194641018493858,6,0,0.0
nuscenes_mini_subset,scene-0103_002,-3,0,Pedestrian,26.61836038120394,4,0,0.0
nuscenes_mini_subset,scene-0103_002,-3,1,Pedestrian,19.460861411790273,11,0,0.0
nuscenes_mini_subset,scene-0103_002,-3,2,Pedestrian,27.300633395406177,5,0,0.0
nuscenes_mini_subset,scene-0103_002,-3,3,Car,40.16134351922958,4,0,0.0
nuscenes_mini_subset,scene-0103_002,-3,4,Car,58.86868502933762,0,0,nan
nuscenes_mini_subset,scene-0103_002,-3,5,Pedestrian,19.984225121293328,8,0,0.0
nuscenes_mini_subset,scene-0103_002,-3,6,Pedestrian,27.656889530885756,3,0,0.0
nuscenes_mini_subset,scene-0103_002,-3,7,Pedestrian,27.438148326016687,2,0,0.0
nuscenes_mini_subset,scene-0103_002,-3,8,Pedestrian,22.317610256025887,5,0,0.0
nuscenes_mini_subset,scene-0103_002,-3,9,Car,56.27298508403271,0,0,nan
nuscenes_mini_subset,scene-0103_002,-3,10,Car,43.29996425516614,1,1,100.0
nuscenes_mini_subset,scene-0103_002,-3,11,Pedestrian,46.17229489028692,1,0,0.0
nuscenes_mini_subset,scene-0103_002,-3,12,Pedestrian,24.534033567216674,4,0,0.0
nuscenes_mini_subset,scene-0103_002,-3,13,Car,72.61237661964499,0,0,nan
nuscenes_mini_subset,scene-0103_002,-3,14,Car,31.489632599345413,0,0,nan
nuscenes_mini_subset,scene-0103_002,-3,15,Pedestrian,28.51142394324119,2,0,0.0
nuscenes_mini_subset,scene-0103_002,-3,16,Pedestrian,46.18477344847586,1,0,0.0
nuscenes_mini_subset,scene-0103_002,-3,17,Truck,105.41961308479878,3,0,0.0
nuscenes_mini_subset,scene-0103_002,-3,18,Pedestrian,26.90231350595901,2,0,0.0
nuscenes_mini_subset,scene-0103_002,-3,19,Pedestrian,21.947975557927318,4,0,0.0
nuscenes_mini_subset,scene-0103_002,-2,0,Pedestrian,26.61836038120394,4,0,0.0
nuscenes_mini_subset,scene-0103_002,-2,1,Pedestrian,19.460861411790273,11,3,27.272727272727273
nuscenes_mini_subset,scene-0103_002,-2,2,Pedestrian,27.300633395406177,5,0,0.0
nuscenes_mini_subset,scene-0103_002,-2,3,Car,40.16134351922958,4,1,25.0
nuscenes_mini_subset,scene-0103_002,-2,4,Car,58.86868502933762,0,0,nan
nuscenes_mini_subset,scene-0103_002,-2,5,Pedestrian,19.984225121293328,8,0,0.0
nuscenes_mini_subset,scene-0103_002,-2,6,Pedestrian,27.656889530885756,3,0,0.0
nuscenes_mini_subset,scene-0103_002,-2,7,Pedestrian,27.438148326016687,2,0,0.0
nuscenes_mini_subset,scene-0103_002,-2,8,Pedestrian,22.317610256025887,5,0,0.0
nuscenes_mini_subset,scene-0103_002,-2,9,Car,56.27298508403271,0,0,nan
nuscenes_mini_subset,scene-0103_002,-2,10,Car,43.29996425516614,1,1,100.0
nuscenes_mini_subset,scene-0103_002,-2,11,Pedestrian,46.17229489028692,1,0,0.0
nuscenes_mini_subset,scene-0103_002,-2,12,Pedestrian,24.534033567216674,4,0,0.0
nuscenes_mini_subset,scene-0103_002,-2,13,Car,72.61237661964499,0,0,nan
nuscenes_mini_subset,scene-0103_002,-2,14,Car,31.489632599345413,0,0,nan
nuscenes_mini_subset,scene-0103_002,-2,15,Pedestrian,28.51142394324119,2,0,0.0
nuscenes_mini_subset,scene-0103_002,-2,16,Pedestrian,46.18477344847586,1,0,0.0
nuscenes_mini_subset,scene-0103_002,-2,17,Truck,105.41961308479878,3,0,0.0
nuscenes_mini_subset,scene-0103_002,-2,18,Pedestrian,26.90231350595901,2,0,0.0
nuscenes_mini_subset,scene-0103_002,-2,19,Pedestrian,21.947975557927318,4,0,0.0
nuscenes_mini_subset,scene-0103_002,-1,0,Pedestrian,26.61836038120394,4,2,50.0
nuscenes_mini_subset,scene-0103_002,-1,1,Pedestrian,19.460861411790273,11,9,81.81818181818181
nuscenes_mini_subset,scene-0103_002,-1,2,Pedestrian,27.300633395406177,5,0,0.0
nuscenes_mini_subset,scene-0103_002,-1,3,Car,40.16134351922958,4,3,75.0
nuscenes_mini_subset,scene-0103_002,-1,4,Car,58.86868502933762,0,0,nan
nuscenes_mini_subset,scene-0103_002,-1,5,Pedestrian,19.984225121293328,8,5,62.5
nuscenes_mini_subset,scene-0103_002,-1,6,Pedestrian,27.656889530885756,3,0,0.0
nuscenes_mini_subset,scene-0103_002,-1,7,Pedestrian,27.438148326016687,2,0,0.0
nuscenes_mini_subset,scene-0103_002,-1,8,Pedestrian,22.317610256025887,5,4,80.0
nuscenes_mini_subset,scene-0103_002,-1,9,Car,56.27298508403271,0,0,nan
nuscenes_mini_subset,scene-0103_002,-1,10,Car,43.29996425516614,1,1,100.0
nuscenes_mini_subset,scene-0103_002,-1,11,Pedestrian,46.17229489028692,1,0,0.0
nuscenes_mini_subset,scene-0103_002,-1,12,Pedestrian,24.534033567216674,4,3,75.0
nuscenes_mini_subset,scene-0103_002,-1,13,Car,72.61237661964499,0,0,nan
nuscenes_mini_subset,scene-0103_002,-1,14,Car,31.489632599345413,0,0,nan
nuscenes_mini_subset,scene-0103_002,-1,15,Pedestrian,28.51142394324119,2,0,0.0
nuscenes_mini_subset,scene-0103_002,-1,16,Pedestrian,46.18477344847586,1,0,0.0
nuscenes_mini_subset,scene-0103_002,-1,17,Truck,105.41961308479878,3,2,66.66666666666667
nuscenes_mini_subset,scene-0103_002,-1,18,Pedestrian,26.90231350595901,2,0,0.0
nuscenes_mini_subset,scene-0103_002,-1,19,Pedestrian,21.947975557927318,4,0,0.0
nuscenes_mini_subset,scene-0103_002,-0.5,0,Pedestrian,26.61836038120394,4,4,100.0
nuscenes_mini_subset,scene-0103_002,-0.5,1,Pedestrian,19.460861411790273,11,11,100.0
nuscenes_mini_subset,scene-0103_002,-0.5,2,Pedestrian,27.300633395406177,5,4,80.0
nuscenes_mini_subset,scene-0103_002,-0.5,3,Car,40.16134351922958,4,4,100.0
nuscenes_mini_subset,scene-0103_002,-0.5,4,Car,58.86868502933762,0,0,nan
nuscenes_mini_subset,scene-0103_002,-0.5,5,Pedestrian,19.984225121293328,8,7,87.5
nuscenes_mini_subset,scene-0103_002,-0.5,6,Pedestrian,27.656889530885756,3,0,0.0
nuscenes_mini_subset,scene-0103_002,-0.5,7,Pedestrian,27.438148326016687,2,1,50.0
nuscenes_mini_subset,scene-0103_002,-0.5,8,Pedestrian,22.317610256025887,5,5,100.0
nuscenes_mini_subset,scene-0103_002,-0.5,9,Car,56.27298508403271,0,0,nan
nuscenes_mini_subset,scene-0103_002,-0.5,10,Car,43.29996425516614,1,1,100.0
nuscenes_mini_subset,scene-0103_002,-0.5,11,Pedestrian,46.17229489028692,1,0,0.0
nuscenes_mini_subset,scene-0103_002,-0.5,12,Pedestrian,24.534033567216674,4,4,100.0
nuscenes_mini_subset,scene-0103_002,-0.5,13,Car,72.61237661964499,0,0,nan
nuscenes_mini_subset,scene-0103_002,-0.5,14,Car,31.489632599345413,0,0,nan
nuscenes_mini_subset,scene-0103_002,-0.5,15,Pedestrian,28.51142394324119,2,1,50.0
nuscenes_mini_subset,scene-0103_002,-0.5,16,Pedestrian,46.18477344847586,1,1,100.0
nuscenes_mini_subset,scene-0103_002,-0.5,17,Truck,105.41961308479878,3,3,100.0
nuscenes_mini_subset,scene-0103_002,-0.5,18,Pedestrian,26.90231350595901,2,2,100.0
nuscenes_mini_subset,scene-0103_002,-0.5,19,Pedestrian,21.947975557927318,4,3,75.0
nuscenes_mini_subset,scene-0103_002,0,0,Pedestrian,26.61836038120394,4,4,100.0
nuscenes_mini_subset,scene-0103_002,0,1,Pedestrian,19.460861411790273,11,11,100.0
nuscenes_mini_subset,scene-0103_002,0,2,Pedestrian,27.300633395406177,5,5,100.0
nuscenes_mini_subset,scene-0103_002,0,3,Car,40.16134351922958,4,4,100.0
nuscenes_mini_subset,scene-0103_002,0,4,Car,58.86868502933762,0,0,nan
nuscenes_mini_subset,scene-0103_002,0,5,Pedestrian,19.984225121293328,8,8,100.0
nuscenes_mini_subset,scene-0103_002,0,6,Pedestrian,27.656889530885756,3,3,100.0
nuscenes_mini_subset,scene-0103_002,0,7,Pedestrian,27.438148326016687,2,2,100.0
nuscenes_mini_subset,scene-0103_002,0,8,Pedestrian,22.317610256025887,5,5,100.0
nuscenes_mini_subset,scene-0103_002,0,9,Car,56.27298508403271,0,0,nan
nuscenes_mini_subset,scene-0103_002,0,10,Car,43.29996425516614,1,1,100.0
nuscenes_mini_subset,scene-0103_002,0,11,Pedestrian,46.17229489028692,1,1,100.0
nuscenes_mini_subset,scene-0103_002,0,12,Pedestrian,24.534033567216674,4,4,100.0
nuscenes_mini_subset,scene-0103_002,0,13,Car,72.61237661964499,0,0,nan
nuscenes_mini_subset,scene-0103_002,0,14,Car,31.489632599345413,0,0,nan
nuscenes_mini_subset,scene-0103_002,0,15,Pedestrian,28.51142394324119,2,2,100.0
nuscenes_mini_subset,scene-0103_002,0,16,Pedestrian,46.18477344847586,1,1,100.0
nuscenes_mini_subset,scene-0103_002,0,17,Truck,105.41961308479878,3,3,100.0
nuscenes_mini_subset,scene-0103_002,0,18,Pedestrian,26.90231350595901,2,2,100.0
nuscenes_mini_subset,scene-0103_002,0,19,Pedestrian,21.947975557927318,4,4,100.0
nuscenes_mini_subset,scene-0103_002,0.5,0,Pedestrian,26.61836038120394,4,4,100.0
nuscenes_mini_subset,scene-0103_002,0.5,1,Pedestrian,19.460861411790273,11,8,72.72727272727273
nuscenes_mini_subset,scene-0103_002,0.5,2,Pedestrian,27.300633395406177,5,3,60.0
nuscenes_mini_subset,scene-0103_002,0.5,3,Car,40.16134351922958,4,4,100.0
nuscenes_mini_subset,scene-0103_002,0.5,4,Car,58.86868502933762,0,0,nan
nuscenes_mini_subset,scene-0103_002,0.5,5,Pedestrian,19.984225121293328,8,7,87.5
nuscenes_mini_subset,scene-0103_002,0.5,6,Pedestrian,27.656889530885756,3,3,100.0
nuscenes_mini_subset,scene-0103_002,0.5,7,Pedestrian,27.438148326016687,2,1,50.0
nuscenes_mini_subset,scene-0103_002,0.5,8,Pedestrian,22.317610256025887,5,5,100.0
nuscenes_mini_subset,scene-0103_002,0.5,9,Car,56.27298508403271,0,0,nan
nuscenes_mini_subset,scene-0103_002,0.5,10,Car,43.29996425516614,1,0,0.0
nuscenes_mini_subset,scene-0103_002,0.5,11,Pedestrian,46.17229489028692,1,1,100.0
nuscenes_mini_subset,scene-0103_002,0.5,12,Pedestrian,24.534033567216674,4,2,50.0
nuscenes_mini_subset,scene-0103_002,0.5,13,Car,72.61237661964499,0,0,nan
nuscenes_mini_subset,scene-0103_002,0.5,14,Car,31.489632599345413,0,0,nan
nuscenes_mini_subset,scene-0103_002,0.5,15,Pedestrian,28.51142394324119,2,2,100.0
nuscenes_mini_subset,scene-0103_002,0.5,16,Pedestrian,46.18477344847586,1,0,0.0
nuscenes_mini_subset,scene-0103_002,0.5,17,Truck,105.41961308479878,3,2,66.66666666666667
nuscenes_mini_subset,scene-0103_002,0.5,18,Pedestrian,26.90231350595901,2,2,100.0
nuscenes_mini_subset,scene-0103_002,0.5,19,Pedestrian,21.947975557927318,4,4,100.0
nuscenes_mini_subset,scene-0103_002,1,0,Pedestrian,26.61836038120394,4,0,0.0
nuscenes_mini_subset,scene-0103_002,1,1,Pedestrian,19.460861411790273,11,7,63.63636363636363
nuscenes_mini_subset,scene-0103_002,1,2,Pedestrian,27.300633395406177,5,0,0.0
nuscenes_mini_subset,scene-0103_002,1,3,Car,40.16134351922958,4,3,75.0
nuscenes_mini_subset,scene-0103_002,1,4,Car,58.86868502933762,0,0,nan
nuscenes_mini_subset,scene-0103_002,1,5,Pedestrian,19.984225121293328,8,6,75.0
nuscenes_mini_subset,scene-0103_002,1,6,Pedestrian,27.656889530885756,3,1,33.333333333333336
nuscenes_mini_subset,scene-0103_002,1,7,Pedestrian,27.438148326016687,2,0,0.0
nuscenes_mini_subset,scene-0103_002,1,8,Pedestrian,22.317610256025887,5,1,20.0
nuscenes_mini_subset,scene-0103_002,1,9,Car,56.27298508403271,0,0,nan
nuscenes_mini_subset,scene-0103_002,1,10,Car,43.29996425516614,1,0,0.0
nuscenes_mini_subset,scene-0103_002,1,11,Pedestrian,46.17229489028692,1,0,0.0
nuscenes_mini_subset,scene-0103_002,1,12,Pedestrian,24.534033567216674,4,0,0.0
nuscenes_mini_subset,scene-0103_002,1,13,Car,72.61237661964499,0,0,nan
nuscenes_mini_subset,scene-0103_002,1,14,Car,31.489632599345413,0,0,nan
nuscenes_mini_subset,scene-0103_002,1,15,Pedestrian,28.51142394324119,2,1,50.0
nuscenes_mini_subset,scene-0103_002,1,16,Pedestrian,46.18477344847586,1,0,0.0
nuscenes_mini_subset,scene-0103_002,1,17,Truck,105.41961308479878,3,0,0.0
nuscenes_mini_subset,scene-0103_002,1,18,Pedestrian,26.90231350595901,2,0,0.0
nuscenes_mini_subset,scene-0103_002,1,19,Pedestrian,21.947975557927318,4,2,50.0
nuscenes_mini_subset,scene-0103_002,2,0,Pedestrian,26.61836038120394,4,0,0.0
nuscenes_mini_subset,scene-0103_002,2,1,Pedestrian,19.460861411790273,11,1,9.090909090909092
nuscenes_mini_subset,scene-0103_002,2,2,Pedestrian,27.300633395406177,5,0,0.0
nuscenes_mini_subset,scene-0103_002,2,3,Car,40.16134351922958,4,1,25.0
nuscenes_mini_subset,scene-0103_002,2,4,Car,58.86868502933762,0,0,nan
nuscenes_mini_subset,scene-0103_002,2,5,Pedestrian,19.984225121293328,8,0,0.0
nuscenes_mini_subset,scene-0103_002,2,6,Pedestrian,27.656889530885756,3,0,0.0
nuscenes_mini_subset,scene-0103_002,2,7,Pedestrian,27.438148326016687,2,0,0.0
nuscenes_mini_subset,scene-0103_002,2,8,Pedestrian,22.317610256025887,5,0,0.0
nuscenes_mini_subset,scene-0103_002,2,9,Car,56.27298508403271,0,0,nan
nuscenes_mini_subset,scene-0103_002,2,10,Car,43.29996425516614,1,0,0.0
nuscenes_mini_subset,scene-0103_002,2,11,Pedestrian,46.17229489028692,1,0,0.0
nuscenes_mini_subset,scene-0103_002,2,12,Pedestrian,24.534033567216674,4,0,0.0
nuscenes_mini_subset,scene-0103_002,2,13,Car,72.61237661964499,0,0,nan
nuscenes_mini_subset,scene-0103_002,2,14,Car,31.489632599345413,0,0,nan
nuscenes_mini_subset,scene-0103_002,2,15,Pedestrian,28.51142394324119,2,0,0.0
nuscenes_mini_subset,scene-0103_002,2,16,Pedestrian,46.18477344847586,1,0,0.0
nuscenes_mini_subset,scene-0103_002,2,17,Truck,105.41961308479878,3,0,0.0
nuscenes_mini_subset,scene-0103_002,2,18,Pedestrian,26.90231350595901,2,0,0.0
nuscenes_mini_subset,scene-0103_002,2,19,Pedestrian,21.947975557927318,4,0,0.0
nuscenes_mini_subset,scene-0103_002,3,0,Pedestrian,26.61836038120394,4,0,0.0
nuscenes_mini_subset,scene-0103_002,3,1,Pedestrian,19.460861411790273,11,0,0.0
nuscenes_mini_subset,scene-0103_002,3,2,Pedestrian,27.300633395406177,5,0,0.0
nuscenes_mini_subset,scene-0103_002,3,3,Car,40.16134351922958,4,0,0.0
nuscenes_mini_subset,scene-0103_002,3,4,Car,58.86868502933762,0,0,nan
nuscenes_mini_subset,scene-0103_002,3,5,Pedestrian,19.984225121293328,8,0,0.0
nuscenes_mini_subset,scene-0103_002,3,6,Pedestrian,27.656889530885756,3,0,0.0
nuscenes_mini_subset,scene-0103_002,3,7,Pedestrian,27.438148326016687,2,0,0.0
nuscenes_mini_subset,scene-0103_002,3,8,Pedestrian,22.317610256025887,5,0,0.0
nuscenes_mini_subset,scene-0103_002,3,9,Car,56.27298508403271,0,0,nan
nuscenes_mini_subset,scene-0103_002,3,10,Car,43.29996425516614,1,0,0.0
nuscenes_mini_subset,scene-0103_002,3,11,Pedestrian,46.17229489028692,1,0,0.0
nuscenes_mini_subset,scene-0103_002,3,12,Pedestrian,24.534033567216674,4,0,0.0
nuscenes_mini_subset,scene-0103_002,3,13,Car,72.61237661964499,0,0,nan
nuscenes_mini_subset,scene-0103_002,3,14,Car,31.489632599345413,0,0,nan
nuscenes_mini_subset,scene-0103_002,3,15,Pedestrian,28.51142394324119,2,0,0.0
nuscenes_mini_subset,scene-0103_002,3,16,Pedestrian,46.18477344847586,1,0,0.0
nuscenes_mini_subset,scene-0103_002,3,17,Truck,105.41961308479878,3,0,0.0
nuscenes_mini_subset,scene-0103_002,3,18,Pedestrian,26.90231350595901,2,0,0.0
nuscenes_mini_subset,scene-0103_002,3,19,Pedestrian,21.947975557927318,4,0,0.0
nuscenes_mini_subset,scene-0103_003,-3,0,Pedestrian,21.637317617603628,5,0,0.0
nuscenes_mini_subset,scene-0103_003,-3,1,Pedestrian,14.682211702075131,15,0,0.0
nuscenes_mini_subset,scene-0103_003,-3,2,Pedestrian,23.010391880738553,4,0,0.0
nuscenes_mini_subset,scene-0103_003,-3,3,Car,39.79790335028564,7,0,0.0
nuscenes_mini_subset,scene-0103_003,-3,4,Pedestrian,42.2122594741659,1,0,0.0
nuscenes_mini_subset,scene-0103_003,-3,5,Car,54.64088614625802,0,0,nan
nuscenes_mini_subset,scene-0103_003,-3,6,Pedestrian,16.828506006798325,4,0,0.0
nuscenes_mini_subset,scene-0103_003,-3,7,Pedestrian,23.437296226207966,1,0,0.0
nuscenes_mini_subset,scene-0103_003,-3,8,Pedestrian,17.860264858753155,8,0,0.0
nuscenes_mini_subset,scene-0103_003,-3,9,Car,48.1710957085027,4,0,0.0
nuscenes_mini_subset,scene-0103_003,-3,10,Car,38.927160017078556,0,0,nan
nuscenes_mini_subset,scene-0103_003,-3,11,Pedestrian,42.382341183467176,1,0,0.0
nuscenes_mini_subset,scene-0103_003,-3,12,Pedestrian,20.064628834733398,3,0,0.0
nuscenes_mini_subset,scene-0103_003,-3,13,Car,68.45692352134931,0,0,nan
nuscenes_mini_subset,scene-0103_003,-3,14,Car,22.72176880839218,12,10,83.33333333333333
nuscenes_mini_subset,scene-0103_003,-3,15,Pedestrian,24.502885454453676,4,0,0.0
nuscenes_mini_subset,scene-0103_003,-3,16,Pedestrian,43.09077094720685,1,0,0.0
nuscenes_mini_subset,scene-0103_003,-3,17,Pedestrian,60.380032736965596,1,0,0.0
nuscenes_mini_subset,scene-0103_003,-3,18,Truck,101.40858751999295,0,0,nan
nuscenes_mini_subset,scene-0103_003,-3,19,Pedestrian,21.874364932932803,4,0,0.0
nuscenes_mini_subset,scene-0103_003,-3,20,Pedestrian,18.719105713975033,1,0,0.0
nuscenes_mini_subset,scene-0103_003,-2,0,Pedestrian,21.637317617603628,5,0,0.0
nuscenes_mini_subset,scene-0103_003,-2,1,Pedestrian,14.682211702075131,15,9,60.0
nuscenes_mini_subset,scene-0103_003,-2,2,Pedestrian,23.010391880738553,4,0,0.0
nuscenes_mini_subset,scene-0103_003,-2,3,Car,39.79790335028564,7,2,28.571428571428573
nuscenes_mini_subset,scene-0103_003,-2,4,Pedestrian,42.2122594741659,1,0,0.0
nuscenes_mini_subset,scene-0103_003,-2,5,Car,54.64088614625802,0,0,nan
nuscenes_mini_subset,scene-0103_003,-2,6,Pedestrian,16.828506006798325,4,0,0.0
nuscenes_mini_subset,scene-0103_003,-2,7,Pedestrian,23.437296226207966,1,0,0.0
nuscenes_mini_subset,scene-0103_003,-2,8,Pedestrian,17.860264858753155,8,0,0.0
nuscenes_mini_subset,scene-0103_003,-2,9,Car,48.1710957085027,4,1,25.0
nuscenes_mini_subset,scene-0103_003,-2,10,Car,38.927160017078556,0,0,nan
nuscenes_mini_subset,scene-0103_003,-2,11,Pedestrian,42.382341183467176,1,0,0.0
nuscenes_mini_subset,scene-0103_003,-2,12,Pedestrian,20.064628834733398,3,0,0.0
nuscenes_mini_subset,scene-0103_003,-2,13,Car,68.45692352134931,0,0,nan
nuscenes_mini_subset,scene-0103_003,-2,14,Car,22.72176880839218,12,10,83.33333333333333
nuscenes_mini_subset,scene-0103_003,-2,15,Pedestrian,24.502885454453676,4,0,0.0
nuscenes_mini_subset,scene-0103_003,-2,16,Pedestrian,43.09077094720685,1,0,0.0
nuscenes_mini_subset,scene-0103_003,-2,17,Pedestrian,60.380032736965596,1,0,0.0
nuscenes_mini_subset,scene-0103_003,-2,18,Truck,101.40858751999295,0,0,nan
nuscenes_mini_subset,scene-0103_003,-2,19,Pedestrian,21.874364932932803,4,0,0.0
nuscenes_mini_subset,scene-0103_003,-2,20,Pedestrian,18.719105713975033,1,0,0.0
nuscenes_mini_subset,scene-0103_003,-1,0,Pedestrian,21.637317617603628,5,2,40.0
nuscenes_mini_subset,scene-0103_003,-1,1,Pedestrian,14.682211702075131,15,15,100.0
nuscenes_mini_subset,scene-0103_003,-1,2,Pedestrian,23.010391880738553,4,0,0.0
nuscenes_mini_subset,scene-0103_003,-1,3,Car,39.79790335028564,7,5,71.42857142857143
nuscenes_mini_subset,scene-0103_003,-1,4,Pedestrian,42.2122594741659,1,0,0.0
nuscenes_mini_subset,scene-0103_003,-1,5,Car,54.64088614625802,0,0,nan
nuscenes_mini_subset,scene-0103_003,-1,6,Pedestrian,16.828506006798325,4,1,25.0
nuscenes_mini_subset,scene-0103_003,-1,7,Pedestrian,23.437296226207966,1,0,0.0
nuscenes_mini_subset,scene-0103_003,-1,8,Pedestrian,17.860264858753155,8,7,87.5
nuscenes_mini_subset,scene-0103_003,-1,9,Car,48.1710957085027,4,3,75.0
nuscenes_mini_subset,scene-0103_003,-1,10,Car,38.927160017078556,0,0,nan
nuscenes_mini_subset,scene-0103_003,-1,11,Pedestrian,42.382341183467176,1,0,0.0
nuscenes_mini_subset,scene-0103_003,-1,12,Pedestrian,20.064628834733398,3,1,33.333333333333336
nuscenes_mini_subset,scene-0103_003,-1,13,Car,68.45692352134931,0,0,nan
nuscenes_mini_subset,scene-0103_003,-1,14,Car,22.72176880839218,12,12,100.0
nuscenes_mini_subset,scene-0103_003,-1,15,Pedestrian,24.502885454453676,4,1,25.0
nuscenes_mini_subset,scene-0103_003,-1,16,Pedestrian,43.09077094720685,1,0,0.0
nuscenes_mini_subset,scene-0103_003,-1,17,Pedestrian,60.380032736965596,1,0,0.0
nuscenes_mini_subset,scene-0103_003,-1,18,Truck,101.40858751999295,0,0,nan
nuscenes_mini_subset,scene-0103_003,-1,19,Pedestrian,21.874364932932803,4,0,0.0
nuscenes_mini_subset,scene-0103_003,-1,20,Pedestrian,18.719105713975033,1,1,100.0
nuscenes_mini_subset,scene-0103_003,-0.5,0,Pedestrian,21.637317617603628,5,5,100.0
nuscenes_mini_subset,scene-0103_003,-0.5,1,Pedestrian,14.682211702075131,15,15,100.0
nuscenes_mini_subset,scene-0103_003,-0.5,2,Pedestrian,23.010391880738553,4,3,75.0
nuscenes_mini_subset,scene-0103_003,-0.5,3,Car,39.79790335028564,7,7,100.0
nuscenes_mini_subset,scene-0103_003,-0.5,4,Pedestrian,42.2122594741659,1,0,0.0
nuscenes_mini_subset,scene-0103_003,-0.5,5,Car,54.64088614625802,0,0,nan
nuscenes_mini_subset,scene-0103_003,-0.5,6,Pedestrian,16.828506006798325,4,4,100.0
nuscenes_mini_subset,scene-0103_003,-0.5,7,Pedestrian,23.437296226207966,1,1,100.0
nuscenes_mini_subset,scene-0103_003,-0.5,8,Pedestrian,17.860264858753155,8,8,100.0
nuscenes_mini_subset,scene-0103_003,-0.5,9,Car,48.1710957085027,4,4,100.0
nuscenes_mini_subset,scene-0103_003,-0.5,10,Car,38.927160017078556,0,0,nan
nuscenes_mini_subset,scene-0103_003,-0.5,11,Pedestrian,42.382341183467176,1,0,0.0
nuscenes_mini_subset,scene-0103_003,-0.5,12,Pedestrian,20.064628834733398,3,2,66.66666666666667
nuscenes_mini_subset,scene-0103_003,-0.5,13,Car,68.45692352134931,0,0,nan
nuscenes_mini_subset,scene-0103_003,-0.5,14,Car,22.72176880839218,12,12,100.0
nuscenes_mini_subset,scene-0103_003,-0.5,15,Pedestrian,24.502885454453676,4,4,100.0
nuscenes_mini_subset,scene-0103_003,-0.5,16,Pedestrian,43.09077094720685,1,1,100.0
nuscenes_mini_subset,scene-0103_003,-0.5,17,Pedestrian,60.380032736965596,1,0,0.0
nuscenes_mini_subset,scene-0103_003,-0.5,18,Truck,101.40858751999295,0,0,nan
nuscenes_mini_subset,scene-0103_003,-0.5,19,Pedestrian,21.874364932932803,4,1,25.0
nuscenes_mini_subset,scene-0103_003,-0.5,20,Pedestrian,18.719105713975033,1,1,100.0
nuscenes_mini_subset,scene-0103_003,0,0,Pedestrian,21.637317617603628,5,5,100.0
nuscenes_mini_subset,scene-0103_003,0,1,Pedestrian,14.682211702075131,15,15,100.0
nuscenes_mini_subset,scene-0103_003,0,2,Pedestrian,23.010391880738553,4,4,100.0
nuscenes_mini_subset,scene-0103_003,0,3,Car,39.79790335028564,7,7,100.0
nuscenes_mini_subset,scene-0103_003,0,4,Pedestrian,42.2122594741659,1,1,100.0
nuscenes_mini_subset,scene-0103_003,0,5,Car,54.64088614625802,0,0,nan
nuscenes_mini_subset,scene-0103_003,0,6,Pedestrian,16.828506006798325,4,4,100.0
nuscenes_mini_subset,scene-0103_003,0,7,Pedestrian,23.437296226207966,1,1,100.0
nuscenes_mini_subset,scene-0103_003,0,8,Pedestrian,17.860264858753155,8,8,100.0
nuscenes_mini_subset,scene-0103_003,0,9,Car,48.1710957085027,4,4,100.0
nuscenes_mini_subset,scene-0103_003,0,10,Car,38.927160017078556,0,0,nan
nuscenes_mini_subset,scene-0103_003,0,11,Pedestrian,42.382341183467176,1,1,100.0
nuscenes_mini_subset,scene-0103_003,0,12,Pedestrian,20.064628834733398,3,3,100.0
nuscenes_mini_subset,scene-0103_003,0,13,Car,68.45692352134931,0,0,nan
nuscenes_mini_subset,scene-0103_003,0,14,Car,22.72176880839218,12,12,100.0
nuscenes_mini_subset,scene-0103_003,0,15,Pedestrian,24.502885454453676,4,4,100.0
nuscenes_mini_subset,scene-0103_003,0,16,Pedestrian,43.09077094720685,1,1,100.0
nuscenes_mini_subset,scene-0103_003,0,17,Pedestrian,60.380032736965596,1,1,100.0
nuscenes_mini_subset,scene-0103_003,0,18,Truck,101.40858751999295,0,0,nan
nuscenes_mini_subset,scene-0103_003,0,19,Pedestrian,21.874364932932803,4,4,100.0
nuscenes_mini_subset,scene-0103_003,0,20,Pedestrian,18.719105713975033,1,1,100.0
nuscenes_mini_subset,scene-0103_003,0.5,0,Pedestrian,21.637317617603628,5,5,100.0
nuscenes_mini_subset,scene-0103_003,0.5,1,Pedestrian,14.682211702075131,15,15,100.0
nuscenes_mini_subset,scene-0103_003,0.5,2,Pedestrian,23.010391880738553,4,4,100.0
nuscenes_mini_subset,scene-0103_003,0.5,3,Car,39.79790335028564,7,6,85.71428571428571
nuscenes_mini_subset,scene-0103_003,0.5,4,Pedestrian,42.2122594741659,1,1,100.0
nuscenes_mini_subset,scene-0103_003,0.5,5,Car,54.64088614625802,0,0,nan
nuscenes_mini_subset,scene-0103_003,0.5,6,Pedestrian,16.828506006798325,4,4,100.0
nuscenes_mini_subset,scene-0103_003,0.5,7,Pedestrian,23.437296226207966,1,1,100.0
nuscenes_mini_subset,scene-0103_003,0.5,8,Pedestrian,17.860264858753155,8,8,100.0
nuscenes_mini_subset,scene-0103_003,0.5,9,Car,48.1710957085027,4,3,75.0
nuscenes_mini_subset,scene-0103_003,0.5,10,Car,38.927160017078556,0,0,nan
nuscenes_mini_subset,scene-0103_003,0.5,11,Pedestrian,42.382341183467176,1,1,100.0
nuscenes_mini_subset,scene-0103_003,0.5,12,Pedestrian,20.064628834733398,3,2,66.66666666666667
nuscenes_mini_subset,scene-0103_003,0.5,13,Car,68.45692352134931,0,0,nan
nuscenes_mini_subset,scene-0103_003,0.5,14,Car,22.72176880839218,12,12,100.0
nuscenes_mini_subset,scene-0103_003,0.5,15,Pedestrian,24.502885454453676,4,3,75.0
nuscenes_mini_subset,scene-0103_003,0.5,16,Pedestrian,43.09077094720685,1,0,0.0
nuscenes_mini_subset,scene-0103_003,0.5,17,Pedestrian,60.380032736965596,1,0,0.0
nuscenes_mini_subset,scene-0103_003,0.5,18,Truck,101.40858751999295,0,0,nan
nuscenes_mini_subset,scene-0103_003,0.5,19,Pedestrian,21.874364932932803,4,4,100.0
nuscenes_mini_subset,scene-0103_003,0.5,20,Pedestrian,18.719105713975033,1,1,100.0
nuscenes_mini_subset,scene-0103_003,1,0,Pedestrian,21.637317617603628,5,3,60.0
nuscenes_mini_subset,scene-0103_003,1,1,Pedestrian,14.682211702075131,15,12,80.0
nuscenes_mini_subset,scene-0103_003,1,2,Pedestrian,23.010391880738553,4,1,25.0
nuscenes_mini_subset,scene-0103_003,1,3,Car,39.79790335028564,7,5,71.42857142857143
nuscenes_mini_subset,scene-0103_003,1,4,Pedestrian,42.2122594741659,1,0,0.0
nuscenes_mini_subset,scene-0103_003,1,5,Car,54.64088614625802,0,0,nan
nuscenes_mini_subset,scene-0103_003,1,6,Pedestrian,16.828506006798325,4,4,100.0
nuscenes_mini_subset,scene-0103_003,1,7,Pedestrian,23.437296226207966,1,0,0.0
nuscenes_mini_subset,scene-0103_003,1,8,Pedestrian,17.860264858753155,8,5,62.5
nuscenes_mini_subset,scene-0103_003,1,9,Car,48.1710957085027,4,2,50.0
nuscenes_mini_subset,scene-0103_003,1,10,Car,38.927160017078556,0,0,nan
nuscenes_mini_subset,scene-0103_003,1,11,Pedestrian,42.382341183467176,1,0,0.0
nuscenes_mini_subset,scene-0103_003,1,12,Pedestrian,20.064628834733398,3,2,66.66666666666667
nuscenes_mini_subset,scene-0103_003,1,13,Car,68.45692352134931,0,0,nan
nuscenes_mini_subset,scene-0103_003,1,14,Car,22.72176880839218,12,12,100.0
nuscenes_mini_subset,scene-0103_003,1,15,Pedestrian,24.502885454453676,4,1,25.0
nuscenes_mini_subset,scene-0103_003,1,16,Pedestrian,43.09077094720685,1,0,0.0
nuscenes_mini_subset,scene-0103_003,1,17,Pedestrian,60.380032736965596,1,0,0.0
nuscenes_mini_subset,scene-0103_003,1,18,Truck,101.40858751999295,0,0,nan
nuscenes_mini_subset,scene-0103_003,1,19,Pedestrian,21.874364932932803,4,4,100.0
nuscenes_mini_subset,scene-0103_003,1,20,Pedestrian,18.719105713975033,1,0,0.0
nuscenes_mini_subset,scene-0103_003,2,0,Pedestrian,21.637317617603628,5,0,0.0
nuscenes_mini_subset,scene-0103_003,2,1,Pedestrian,14.682211702075131,15,3,20.0
nuscenes_mini_subset,scene-0103_003,2,2,Pedestrian,23.010391880738553,4,0,0.0
nuscenes_mini_subset,scene-0103_003,2,3,Car,39.79790335028564,7,2,28.571428571428573
nuscenes_mini_subset,scene-0103_003,2,4,Pedestrian,42.2122594741659,1,0,0.0
nuscenes_mini_subset,scene-0103_003,2,5,Car,54.64088614625802,0,0,nan
nuscenes_mini_subset,scene-0103_003,2,6,Pedestrian,16.828506006798325,4,1,25.0
nuscenes_mini_subset,scene-0103_003,2,7,Pedestrian,23.437296226207966,1,0,0.0
nuscenes_mini_subset,scene-0103_003,2,8,Pedestrian,17.860264858753155,8,0,0.0
nuscenes_mini_subset,scene-0103_003,2,9,Car,48.1710957085027,4,0,0.0
nuscenes_mini_subset,scene-0103_003,2,10,Car,38.927160017078556,0,0,nan
nuscenes_mini_subset,scene-0103_003,2,11,Pedestrian,42.382341183467176,1,0,0.0
nuscenes_mini_subset,scene-0103_003,2,12,Pedestrian,20.064628834733398,3,0,0.0
nuscenes_mini_subset,scene-0103_003,2,13,Car,68.45692352134931,0,0,nan
nuscenes_mini_subset,scene-0103_003,2,14,Car,22.72176880839218,12,11,91.66666666666667
nuscenes_mini_subset,scene-0103_003,2,15,Pedestrian,24.502885454453676,4,0,0.0
nuscenes_mini_subset,scene-0103_003,2,16,Pedestrian,43.09077094720685,1,0,0.0
nuscenes_mini_subset,scene-0103_003,2,17,Pedestrian,60.380032736965596,1,0,0.0
nuscenes_mini_subset,scene-0103_003,2,18,Truck,101.40858751999295,0,0,nan
nuscenes_mini_subset,scene-0103_003,2,19,Pedestrian,21.874364932932803,4,1,25.0
nuscenes_mini_subset,scene-0103_003,2,20,Pedestrian,18.719105713975033,1,0,0.0
nuscenes_mini_subset,scene-0103_003,3,0,Pedestrian,21.637317617603628,5,0,0.0
nuscenes_mini_subset,scene-0103_003,3,1,Pedestrian,14.682211702075131,15,0,0.0
nuscenes_mini_subset,scene-0103_003,3,2,Pedestrian,23.010391880738553,4,0,0.0
nuscenes_mini_subset,scene-0103_003,3,3,Car,39.79790335028564,7,0,0.0
nuscenes_mini_subset,scene-0103_003,3,4,Pedestrian,42.2122594741659,1,0,0.0
nuscenes_mini_subset,scene-0103_003,3,5,Car,54.64088614625802,0,0,nan
nuscenes_mini_subset,scene-0103_003,3,6,Pedestrian,16.828506006798325,4,0,0.0
nuscenes_mini_subset,scene-0103_003,3,7,Pedestrian,23.437296226207966,1,0,0.0
nuscenes_mini_subset,scene-0103_003,3,8,Pedestrian,17.860264858753155,8,0,0.0
nuscenes_mini_subset,scene-0103_003,3,9,Car,48.1710957085027,4,0,0.0
nuscenes_mini_subset,scene-0103_003,3,10,Car,38.927160017078556,0,0,nan
nuscenes_mini_subset,scene-0103_003,3,11,Pedestrian,42.382341183467176,1,0,0.0
nuscenes_mini_subset,scene-0103_003,3,12,Pedestrian,20.064628834733398,3,0,0.0
nuscenes_mini_subset,scene-0103_003,3,13,Car,68.45692352134931,0,0,nan
nuscenes_mini_subset,scene-0103_003,3,14,Car,22.72176880839218,12,6,50.0
nuscenes_mini_subset,scene-0103_003,3,15,Pedestrian,24.502885454453676,4,0,0.0
nuscenes_mini_subset,scene-0103_003,3,16,Pedestrian,43.09077094720685,1,0,0.0
nuscenes_mini_subset,scene-0103_003,3,17,Pedestrian,60.380032736965596,1,0,0.0
nuscenes_mini_subset,scene-0103_003,3,18,Truck,101.40858751999295,0,0,nan
nuscenes_mini_subset,scene-0103_003,3,19,Pedestrian,21.874364932932803,4,0,0.0
nuscenes_mini_subset,scene-0103_003,3,20,Pedestrian,18.719105713975033,1,0,0.0
nuscenes_mini_subset,scene-0103_004,-3,0,Pedestrian,16.6343185219888,10,0,0.0
nuscenes_mini_subset,scene-0103_004,-3,1,Pedestrian,18.69743203811711,6,0,0.0
nuscenes_mini_subset,scene-0103_004,-3,2,Car,40.4847455306583,1,0,0.0
nuscenes_mini_subset,scene-0103_004,-3,3,Pedestrian,38.29252493830025,0,0,nan
nuscenes_mini_subset,scene-0103_004,-3,4,Car,50.37895914059419,0,0,nan
nuscenes_mini_subset,scene-0103_004,-3,5,Pedestrian,13.644520042541552,0,0,nan
nuscenes_mini_subset,scene-0103_004,-3,6,Pedestrian,19.15300752015481,7,0,0.0
nuscenes_mini_subset,scene-0103_004,-3,7,Car,49.69073542671877,1,0,0.0
nuscenes_mini_subset,scene-0103_004,-3,8,Pedestrian,13.49189332444397,16,0,0.0
nuscenes_mini_subset,scene-0103_004,-3,9,Car,39.67565166476863,0,0,nan
nuscenes_mini_subset,scene-0103_004,-3,10,Car,34.515666336954716,1,1,100.0
nuscenes_mini_subset,scene-0103_004,-3,11,Pedestrian,38.54338779630365,1,0,0.0
nuscenes_mini_subset,scene-0103_004,-3,12,Pedestrian,15.703952577549602,9,0,0.0
nuscenes_mini_subset,scene-0103_004,-3,13,Pedestrian,21.257956630508172,3,0,0.0
nuscenes_mini_subset,scene-0103_004,-3,14,Car,64.21948749634454,0,0,nan
nuscenes_mini_subset,scene-0103_004,-3,15,bicycle_rack,82.01697852695455,1,0,0.0
nuscenes_mini_subset,scene-0103_004,-3,16,Car,13.887624468485821,53,46,86.79245283018868
nuscenes_mini_subset,scene-0103_004,-3,17,Car,48.29251899127137,5,0,0.0
nuscenes_mini_subset,scene-0103_004,-3,18,Pedestrian,20.438439391565726,2,0,0.0
nuscenes_mini_subset,scene-0103_004,-3,19,Pedestrian,39.94433141660938,1,0,0.0
nuscenes_mini_subset,scene-0103_004,-3,20,Pedestrian,57.4068920407617,2,0,0.0
nuscenes_mini_subset,scene-0103_004,-3,21,Truck,97.29940057934914,1,0,0.0
nuscenes_mini_subset,scene-0103_004,-3,22,Pedestrian,15.470348342474585,6,0,0.0
nuscenes_mini_subset,scene-0103_004,-2,0,Pedestrian,16.6343185219888,10,0,0.0
nuscenes_mini_subset,scene-0103_004,-2,1,Pedestrian,18.69743203811711,6,0,0.0
nuscenes_mini_subset,scene-0103_004,-2,2,Car,40.4847455306583,1,1,100.0
nuscenes_mini_subset,scene-0103_004,-2,3,Pedestrian,38.29252493830025,0,0,nan
nuscenes_mini_subset,scene-0103_004,-2,4,Car,50.37895914059419,0,0,nan
nuscenes_mini_subset,scene-0103_004,-2,5,Pedestrian,13.644520042541552,0,0,nan
nuscenes_mini_subset,scene-0103_004,-2,6,Pedestrian,19.15300752015481,7,0,0.0
nuscenes_mini_subset,scene-0103_004,-2,7,Car,49.69073542671877,1,1,100.0
nuscenes_mini_subset,scene-0103_004,-2,8,Pedestrian,13.49189332444397,16,2,12.5
nuscenes_mini_subset,scene-0103_004,-2,9,Car,39.67565166476863,0,0,nan
nuscenes_mini_subset,scene-0103_004,-2,10,Car,34.515666336954716,1,1,100.0
nuscenes_mini_subset,scene-0103_004,-2,11,Pedestrian,38.54338779630365,1,0,0.0
nuscenes_mini_subset,scene-0103_004,-2,12,Pedestrian,15.703952577549602,9,0,0.0
nuscenes_mini_subset,scene-0103_004,-2,13,Pedestrian,21.257956630508172,3,0,0.0
nuscenes_mini_subset,scene-0103_004,-2,14,Car,64.21948749634454,0,0,nan
nuscenes_mini_subset,scene-0103_004,-2,15,bicycle_rack,82.01697852695455,1,0,0.0
nuscenes_mini_subset,scene-0103_004,-2,16,Car,13.887624468485821,53,47,88.67924528301887
nuscenes_mini_subset,scene-0103_004,-2,17,Car,48.29251899127137,5,0,0.0
nuscenes_mini_subset,scene-0103_004,-2,18,Pedestrian,20.438439391565726,2,0,0.0
nuscenes_mini_subset,scene-0103_004,-2,19,Pedestrian,39.94433141660938,1,0,0.0
nuscenes_mini_subset,scene-0103_004,-2,20,Pedestrian,57.4068920407617,2,0,0.0
nuscenes_mini_subset,scene-0103_004,-2,21,Truck,97.29940057934914,1,0,0.0
nuscenes_mini_subset,scene-0103_004,-2,22,Pedestrian,15.470348342474585,6,0,0.0
nuscenes_mini_subset,scene-0103_004,-1,0,Pedestrian,16.6343185219888,10,7,70.0
nuscenes_mini_subset,scene-0103_004,-1,1,Pedestrian,18.69743203811711,6,2,33.333333333333336
nuscenes_mini_subset,scene-0103_004,-1,2,Car,40.4847455306583,1,1,100.0
nuscenes_mini_subset,scene-0103_004,-1,3,Pedestrian,38.29252493830025,0,0,nan
nuscenes_mini_subset,scene-0103_004,-1,4,Car,50.37895914059419,0,0,nan
nuscenes_mini_subset,scene-0103_004,-1,5,Pedestrian,13.644520042541552,0,0,nan
nuscenes_mini_subset,scene-0103_004,-1,6,Pedestrian,19.15300752015481,7,1,14.285714285714286
nuscenes_mini_subset,scene-0103_004,-1,7,Car,49.69073542671877,1,1,100.0
nuscenes_mini_subset,scene-0103_004,-1,8,Pedestrian,13.49189332444397,16,12,75.0
nuscenes_mini_subset,scene-0103_004,-1,9,Car,39.67565166476863,0,0,nan
nuscenes_mini_subset,scene-0103_004,-1,10,Car,34.515666336954716,1,1,100.0
nuscenes_mini_subset,scene-0103_004,-1,11,Pedestrian,38.54338779630365,1,0,0.0
nuscenes_mini_subset,scene-0103_004,-1,12,Pedestrian,15.703952577549602,9,7,77.77777777777777
nuscenes_mini_subset,scene-0103_004,-1,13,Pedestrian,21.257956630508172,3,0,0.0
nuscenes_mini_subset,scene-0103_004,-1,14,Car,64.21948749634454,0,0,nan
nuscenes_mini_subset,scene-0103_004,-1,15,bicycle_rack,82.01697852695455,1,0,0.0
nuscenes_mini_subset,scene-0103_004,-1,16,Car,13.887624468485821,53,51,96.22641509433963
nuscenes_mini_subset,scene-0103_004,-1,17,Car,48.29251899127137,5,3,60.0
nuscenes_mini_subset,scene-0103_004,-1,18,Pedestrian,20.438439391565726,2,0,0.0
nuscenes_mini_subset,scene-0103_004,-1,19,Pedestrian,39.94433141660938,1,0,0.0
nuscenes_mini_subset,scene-0103_004,-1,20,Pedestrian,57.4068920407617,2,0,0.0
nuscenes_mini_subset,scene-0103_004,-1,21,Truck,97.29940057934914,1,1,100.0
nuscenes_mini_subset,scene-0103_004,-1,22,Pedestrian,15.470348342474585,6,2,33.333333333333336
nuscenes_mini_subset,scene-0103_004,-0.5,0,Pedestrian,16.6343185219888,10,10,100.0
nuscenes_mini_subset,scene-0103_004,-0.5,1,Pedestrian,18.69743203811711,6,6,100.0
nuscenes_mini_subset,scene-0103_004,-0.5,2,Car,40.4847455306583,1,1,100.0
nuscenes_mini_subset,scene-0103_004,-0.5,3,Pedestrian,38.29252493830025,0,0,nan
nuscenes_mini_subset,scene-0103_004,-0.5,4,Car,50.37895914059419,0,0,nan
nuscenes_mini_subset,scene-0103_004,-0.5,5,Pedestrian,13.644520042541552,0,0,nan
nuscenes_mini_subset,scene-0103_004,-0.5,6,Pedestrian,19.15300752015481,7,5,71.42857142857143
nuscenes_mini_subset,scene-0103_004,-0.5,7,Car,49.69073542671877,1,1,100.0
nuscenes_mini_subset,scene-0103_004,-0.5,8,Pedestrian,13.49189332444397,16,16,100.0
nuscenes_mini_subset,scene-0103_004,-0.5,9,Car,39.67565166476863,0,0,nan
nuscenes_mini_subset,scene-0103_004,-0.5,10,Car,34.515666336954716,1,1,100.0
nuscenes_mini_subset,scene-0103_004,-0.5,11,Pedestrian,38.54338779630365,1,0,0.0
nuscenes_mini_subset,scene-0103_004,-0.5,12,Pedestrian,15.703952577549602,9,9,100.0
nuscenes_mini_subset,scene-0103_004,-0.5,13,Pedestrian,21.257956630508172,3,3,100.0
nuscenes_mini_subset,scene-0103_004,-0.5,14,Car,64.21948749634454,0,0,nan
nuscenes_mini_subset,scene-0103_004,-0.5,15,bicycle_rack,82.01697852695455,1,0,0.0
nuscenes_mini_subset,scene-0103_004,-0.5,16,Car,13.887624468485821,53,53,100.0
nuscenes_mini_subset,scene-0103_004,-0.5,17,Car,48.29251899127137,5,5,100.0
nuscenes_mini_subset,scene-0103_004,-0.5,18,Pedestrian,20.438439391565726,2,2,100.0
nuscenes_mini_subset,scene-0103_004,-0.5,19,Pedestrian,39.94433141660938,1,1,100.0
nuscenes_mini_subset,scene-0103_004,-0.5,20,Pedestrian,57.4068920407617,2,1,50.0
nuscenes_mini_subset,scene-0103_004,-0.5,21,Truck,97.29940057934914,1,1,100.0
nuscenes_mini_subset,scene-0103_004,-0.5,22,Pedestrian,15.470348342474585,6,2,33.333333333333336
nuscenes_mini_subset,scene-0103_004,0,0,Pedestrian,16.6343185219888,10,10,100.0
nuscenes_mini_subset,scene-0103_004,0,1,Pedestrian,18.69743203811711,6,6,100.0
nuscenes_mini_subset,scene-0103_004,0,2,Car,40.4847455306583,1,1,100.0
nuscenes_mini_subset,scene-0103_004,0,3,Pedestrian,38.29252493830025,0,0,nan
nuscenes_mini_subset,scene-0103_004,0,4,Car,50.37895914059419,0,0,nan
nuscenes_mini_subset,scene-0103_004,0,5,Pedestrian,13.644520042541552,0,0,nan
nuscenes_mini_subset,scene-0103_004,0,6,Pedestrian,19.15300752015481,7,7,100.0
nuscenes_mini_subset,scene-0103_004,0,7,Car,49.69073542671877,1,1,100.0
nuscenes_mini_subset,scene-0103_004,0,8,Pedestrian,13.49189332444397,16,16,100.0
nuscenes_mini_subset,scene-0103_004,0,9,Car,39.67565166476863,0,0,nan
nuscenes_mini_subset,scene-0103_004,0,10,Car,34.515666336954716,1,1,100.0
nuscenes_mini_subset,scene-0103_004,0,11,Pedestrian,38.54338779630365,1,1,100.0
nuscenes_mini_subset,scene-0103_004,0,12,Pedestrian,15.703952577549602,9,9,100.0
nuscenes_mini_subset,scene-0103_004,0,13,Pedestrian,21.257956630508172,3,3,100.0
nuscenes_mini_subset,scene-0103_004,0,14,Car,64.21948749634454,0,0,nan
nuscenes_mini_subset,scene-0103_004,0,15,bicycle_rack,82.01697852695455,1,1,100.0
nuscenes_mini_subset,scene-0103_004,0,16,Car,13.887624468485821,53,53,100.0
nuscenes_mini_subset,scene-0103_004,0,17,Car,48.29251899127137,5,5,100.0
nuscenes_mini_subset,scene-0103_004,0,18,Pedestrian,20.438439391565726,2,2,100.0
nuscenes_mini_subset,scene-0103_004,0,19,Pedestrian,39.94433141660938,1,1,100.0
nuscenes_mini_subset,scene-0103_004,0,20,Pedestrian,57.4068920407617,2,2,100.0
nuscenes_mini_subset,scene-0103_004,0,21,Truck,97.29940057934914,1,1,100.0
nuscenes_mini_subset,scene-0103_004,0,22,Pedestrian,15.470348342474585,6,6,100.0
nuscenes_mini_subset,scene-0103_004,0.5,0,Pedestrian,16.6343185219888,10,3,30.0
nuscenes_mini_subset,scene-0103_004,0.5,1,Pedestrian,18.69743203811711,6,4,66.66666666666667
nuscenes_mini_subset,scene-0103_004,0.5,2,Car,40.4847455306583,1,1,100.0
nuscenes_mini_subset,scene-0103_004,0.5,3,Pedestrian,38.29252493830025,0,0,nan
nuscenes_mini_subset,scene-0103_004,0.5,4,Car,50.37895914059419,0,0,nan
nuscenes_mini_subset,scene-0103_004,0.5,5,Pedestrian,13.644520042541552,0,0,nan
nuscenes_mini_subset,scene-0103_004,0.5,6,Pedestrian,19.15300752015481,7,7,100.0
nuscenes_mini_subset,scene-0103_004,0.5,7,Car,49.69073542671877,1,1,100.0
nuscenes_mini_subset,scene-0103_004,0.5,8,Pedestrian,13.49189332444397,16,16,100.0
nuscenes_mini_subset,scene-0103_004,0.5,9,Car,39.67565166476863,0,0,nan
nuscenes_mini_subset,scene-0103_004,0.5,10,Car,34.515666336954716,1,1,100.0
nuscenes_mini_subset,scene-0103_004,0.5,11,Pedestrian,38.54338779630365,1,1,100.0
nuscenes_mini_subset,scene-0103_004,0.5,12,Pedestrian,15.703952577549602,9,9,100.0
nuscenes_mini_subset,scene-0103_004,0.5,13,Pedestrian,21.257956630508172,3,3,100.0
nuscenes_mini_subset,scene-0103_004,0.5,14,Car,64.21948749634454,0,0,nan
nuscenes_mini_subset,scene-0103_004,0.5,15,bicycle_rack,82.01697852695455,1,1,100.0
nuscenes_mini_subset,scene-0103_004,0.5,16,Car,13.887624468485821,53,53,100.0
nuscenes_mini_subset,scene-0103_004,0.5,17,Car,48.29251899127137,5,5,100.0
nuscenes_mini_subset,scene-0103_004,0.5,18,Pedestrian,20.438439391565726,2,2,100.0
nuscenes_mini_subset,scene-0103_004,0.5,19,Pedestrian,39.94433141660938,1,0,0.0
nuscenes_mini_subset,scene-0103_004,0.5,20,Pedestrian,57.4068920407617,2,0,0.0
nuscenes_mini_subset,scene-0103_004,0.5,21,Truck,97.29940057934914,1,0,0.0
nuscenes_mini_subset,scene-0103_004,0.5,22,Pedestrian,15.470348342474585,6,5,83.33333333333333
nuscenes_mini_subset,scene-0103_004,1,0,Pedestrian,16.6343185219888,10,0,0.0
nuscenes_mini_subset,scene-0103_004,1,1,Pedestrian,18.69743203811711,6,4,66.66666666666667
nuscenes_mini_subset,scene-0103_004,1,2,Car,40.4847455306583,1,0,0.0
nuscenes_mini_subset,scene-0103_004,1,3,Pedestrian,38.29252493830025,0,0,nan
nuscenes_mini_subset,scene-0103_004,1,4,Car,50.37895914059419,0,0,nan
nuscenes_mini_subset,scene-0103_004,1,5,Pedestrian,13.644520042541552,0,0,nan
nuscenes_mini_subset,scene-0103_004,1,6,Pedestrian,19.15300752015481,7,2,28.571428571428573
nuscenes_mini_subset,scene-0103_004,1,7,Car,49.69073542671877,1,1,100.0
nuscenes_mini_subset,scene-0103_004,1,8,Pedestrian,13.49189332444397,16,15,93.75
nuscenes_mini_subset,scene-0103_004,1,9,Car,39.67565166476863,0,0,nan
nuscenes_mini_subset,scene-0103_004,1,10,Car,34.515666336954716,1,1,100.0
nuscenes_mini_subset,scene-0103_004,1,11,Pedestrian,38.54338779630365,1,0,0.0
nuscenes_mini_subset,scene-0103_004,1,12,Pedestrian,15.703952577549602,9,7,77.77777777777777
nuscenes_mini_subset,scene-0103_004,1,13,Pedestrian,21.257956630508172,3,0,0.0
nuscenes_mini_subset,scene-0103_004,1,14,Car,64.21948749634454,0,0,nan
nuscenes_mini_subset,scene-0103_004,1,15,bicycle_rack,82.01697852695455,1,1,100.0
nuscenes_mini_subset,scene-0103_004,1,16,Car,13.887624468485821,53,53,100.0
nuscenes_mini_subset,scene-0103_004,1,17,Car,48.29251899127137,5,4,80.0
nuscenes_mini_subset,scene-0103_004,1,18,Pedestrian,20.438439391565726,2,0,0.0
nuscenes_mini_subset,scene-0103_004,1,19,Pedestrian,39.94433141660938,1,0,0.0
nuscenes_mini_subset,scene-0103_004,1,20,Pedestrian,57.4068920407617,2,0,0.0
nuscenes_mini_subset,scene-0103_004,1,21,Truck,97.29940057934914,1,0,0.0
nuscenes_mini_subset,scene-0103_004,1,22,Pedestrian,15.470348342474585,6,4,66.66666666666667
nuscenes_mini_subset,scene-0103_004,2,0,Pedestrian,16.6343185219888,10,0,0.0
nuscenes_mini_subset,scene-0103_004,2,1,Pedestrian,18.69743203811711,6,0,0.0
nuscenes_mini_subset,scene-0103_004,2,2,Car,40.4847455306583,1,0,0.0
nuscenes_mini_subset,scene-0103_004,2,3,Pedestrian,38.29252493830025,0,0,nan
nuscenes_mini_subset,scene-0103_004,2,4,Car,50.37895914059419,0,0,nan
nuscenes_mini_subset,scene-0103_004,2,5,Pedestrian,13.644520042541552,0,0,nan
nuscenes_mini_subset,scene-0103_004,2,6,Pedestrian,19.15300752015481,7,0,0.0
nuscenes_mini_subset,scene-0103_004,2,7,Car,49.69073542671877,1,1,100.0
nuscenes_mini_subset,scene-0103_004,2,8,Pedestrian,13.49189332444397,16,7,43.75
nuscenes_mini_subset,scene-0103_004,2,9,Car,39.67565166476863,0,0,nan
nuscenes_mini_subset,scene-0103_004,2,10,Car,34.515666336954716,1,0,0.0
nuscenes_mini_subset,scene-0103_004,2,11,Pedestrian,38.54338779630365,1,0,0.0
nuscenes_mini_subset,scene-0103_004,2,12,Pedestrian,15.703952577549602,9,0,0.0
nuscenes_mini_subset,scene-0103_004,2,13,Pedestrian,21.257956630508172,3,0,0.0
nuscenes_mini_subset,scene-0103_004,2,14,Car,64.21948749634454,0,0,nan
nuscenes_mini_subset,scene-0103_004,2,15,bicycle_rack,82.01697852695455,1,0,0.0
nuscenes_mini_subset,scene-0103_004,2,16,Car,13.887624468485821,53,51,96.22641509433963
nuscenes_mini_subset,scene-0103_004,2,17,Car,48.29251899127137,5,1,20.0
nuscenes_mini_subset,scene-0103_004,2,18,Pedestrian,20.438439391565726,2,0,0.0
nuscenes_mini_subset,scene-0103_004,2,19,Pedestrian,39.94433141660938,1,0,0.0
nuscenes_mini_subset,scene-0103_004,2,20,Pedestrian,57.4068920407617,2,0,0.0
nuscenes_mini_subset,scene-0103_004,2,21,Truck,97.29940057934914,1,0,0.0
nuscenes_mini_subset,scene-0103_004,2,22,Pedestrian,15.470348342474585,6,0,0.0
nuscenes_mini_subset,scene-0103_004,3,0,Pedestrian,16.6343185219888,10,0,0.0
nuscenes_mini_subset,scene-0103_004,3,1,Pedestrian,18.69743203811711,6,0,0.0
nuscenes_mini_subset,scene-0103_004,3,2,Car,40.4847455306583,1,0,0.0
nuscenes_mini_subset,scene-0103_004,3,3,Pedestrian,38.29252493830025,0,0,nan
nuscenes_mini_subset,scene-0103_004,3,4,Car,50.37895914059419,0,0,nan
nuscenes_mini_subset,scene-0103_004,3,5,Pedestrian,13.644520042541552,0,0,nan
nuscenes_mini_subset,scene-0103_004,3,6,Pedestrian,19.15300752015481,7,0,0.0
nuscenes_mini_subset,scene-0103_004,3,7,Car,49.69073542671877,1,0,0.0
nuscenes_mini_subset,scene-0103_004,3,8,Pedestrian,13.49189332444397,16,0,0.0
nuscenes_mini_subset,scene-0103_004,3,9,Car,39.67565166476863,0,0,nan
nuscenes_mini_subset,scene-0103_004,3,10,Car,34.515666336954716,1,0,0.0
nuscenes_mini_subset,scene-0103_004,3,11,Pedestrian,38.54338779630365,1,0,0.0
nuscenes_mini_subset,scene-0103_004,3,12,Pedestrian,15.703952577549602,9,0,0.0
nuscenes_mini_subset,scene-0103_004,3,13,Pedestrian,21.257956630508172,3,0,0.0
nuscenes_mini_subset,scene-0103_004,3,14,Car,64.21948749634454,0,0,nan
nuscenes_mini_subset,scene-0103_004,3,15,bicycle_rack,82.01697852695455,1,0,0.0
nuscenes_mini_subset,scene-0103_004,3,16,Car,13.887624468485821,53,47,88.67924528301887
nuscenes_mini_subset,scene-0103_004,3,17,Car,48.29251899127137,5,0,0.0
nuscenes_mini_subset,scene-0103_004,3,18,Pedestrian,20.438439391565726,2,0,0.0
nuscenes_mini_subset,scene-0103_004,3,19,Pedestrian,39.94433141660938,1,0,0.0
nuscenes_mini_subset,scene-0103_004,3,20,Pedestrian,57.4068920407617,2,0,0.0
nuscenes_mini_subset,scene-0103_004,3,21,Truck,97.29940057934914,1,0,0.0
nuscenes_mini_subset,scene-0103_004,3,22,Pedestrian,15.470348342474585,6,0,0.0
nuscenes_mini_subset,scene-0103_005,-3,0,Pedestrian,14.212560595143438,13,0,0.0
nuscenes_mini_subset,scene-0103_005,-3,1,Car,39.757583025573766,2,0,0.0
nuscenes_mini_subset,scene-0103_005,-3,2,Pedestrian,34.26955128785161,2,0,0.0
nuscenes_mini_subset,scene-0103_005,-3,3,Car,45.99314404086695,0,0,nan
nuscenes_mini_subset,scene-0103_005,-3,4,Pedestrian,14.609270182037712,9,0,0.0
nuscenes_mini_subset,scene-0103_005,-3,5,Car,45.022278436201724,6,0,0.0
nuscenes_mini_subset,scene-0103_005,-3,6,Car,31.01640636208696,0,0,nan
nuscenes_mini_subset,scene-0103_005,-3,7,Car,29.990420585825785,5,1,20.0
nuscenes_mini_subset,scene-0103_005,-3,8,Pedestrian,34.600975908525925,3,0,0.0
nuscenes_mini_subset,scene-0103_005,-3,9,Pedestrian,16.75778163138063,7,0,0.0
nuscenes_mini_subset,scene-0103_005,-3,10,Car,59.842631365304705,0,0,nan
nuscenes_mini_subset,scene-0103_005,-3,11,bicycle_rack,77.68648547240375,0,0,nan
nuscenes_mini_subset,scene-0103_005,-3,12,Car,4.9914885101834825,79,79,100.0
nuscenes_mini_subset,scene-0103_005,-3,13,Car,44.1714051098835,0,0,nan
nuscenes_mini_subset,scene-0103_005,-3,14,Pedestrian,16.051360027268277,2,0,0.0
nuscenes_mini_subset,scene-0103_005,-3,15,Pedestrian,36.62196028942728,1,0,0.0
nuscenes_mini_subset,scene-0103_005,-3,16,Pedestrian,54.23480285303128,1,0,0.0
nuscenes_mini_subset,scene-0103_005,-3,17,Truck,92.99941502750166,2,0,0.0
nuscenes_mini_subset,scene-0103_005,-3,18,Car,66.43584222837937,0,0,nan
nuscenes_mini_subset,scene-0103_005,-3,19,Pedestrian,54.65260008179372,1,0,0.0
nuscenes_mini_subset,scene-0103_005,-2,0,Pedestrian,14.212560595143438,13,0,0.0
nuscenes_mini_subset,scene-0103_005,-2,1,Car,39.757583025573766,2,1,50.0
nuscenes_mini_subset,scene-0103_005,-2,2,Pedestrian,34.26955128785161,2,0,0.0
nuscenes_mini_subset,scene-0103_005,-2,3,Car,45.99314404086695,0,0,nan
nuscenes_mini_subset,scene-0103_005,-2,4,Pedestrian,14.609270182037712,9,0,0.0
nuscenes_mini_subset,scene-0103_005,-2,5,Car,45.022278436201724,6,3,50.0
nuscenes_mini_subset,scene-0103_005,-2,6,Car,31.01640636208696,0,0,nan
nuscenes_mini_subset,scene-0103_005,-2,7,Car,29.990420585825785,5,3,60.0
nuscenes_mini_subset,scene-0103_005,-2,8,Pedestrian,34.600975908525925,3,0,0.0
nuscenes_mini_subset,scene-0103_005,-2,9,Pedestrian,16.75778163138063,7,0,0.0
nuscenes_mini_subset,scene-0103_005,-2,10,Car,59.842631365304705,0,0,nan
nuscenes_mini_subset,scene-0103_005,-2,11,bicycle_rack,77.68648547240375,0,0,nan
nuscenes_mini_subset,scene-0103_005,-2,12,Car,4.9914885101834825,79,79,100.0
nuscenes_mini_subset,scene-0103_005,-2,13,Car,44.1714051098835,0,0,nan
nuscenes_mini_subset,scene-0103_005,-2,14,Pedestrian,16.051360027268277,2,0,0.0
nuscenes_mini_subset,scene-0103_005,-2,15,Pedestrian,36.62196028942728,1,0,0.0
nuscenes_mini_subset,scene-0103_005,-2,16,Pedestrian,54.23480285303128,1,0,0.0
nuscenes_mini_subset,scene-0103_005,-2,17,Truck,92.99941502750166,2,0,0.0
nuscenes_mini_subset,scene-0103_005,-2,18,Car,66.43584222837937,0,0,nan
nuscenes_mini_subset,scene-0103_005,-2,19,Pedestrian,54.65260008179372,1,0,0.0
nuscenes_mini_subset,scene-0103_005,-1,0,Pedestrian,14.212560595143438,13,7,53.84615384615385
nuscenes_mini_subset,scene-0103_005,-1,1,Car,39.757583025573766,2,2,100.0
nuscenes_mini_subset,scene-0103_005,-1,2,Pedestrian,34.26955128785161,2,0,0.0
nuscenes_mini_subset,scene-0103_005,-1,3,Car,45.99314404086695,0,0,nan
nuscenes_mini_subset,scene-0103_005,-1,4,Pedestrian,14.609270182037712,9,5,55.55555555555556
nuscenes_mini_subset,scene-0103_005,-1,5,Car,45.022278436201724,6,5,83.33333333333333
nuscenes_mini_subset,scene-0103_005,-1,6,Car,31.01640636208696,0,0,nan
nuscenes_mini_subset,scene-0103_005,-1,7,Car,29.990420585825785,5,5,100.0
nuscenes_mini_subset,scene-0103_005,-1,8,Pedestrian,34.600975908525925,3,0,0.0
nuscenes_mini_subset,scene-0103_005,-1,9,Pedestrian,16.75778163138063,7,1,14.285714285714286
nuscenes_mini_subset,scene-0103_005,-1,10,Car,59.842631365304705,0,0,nan
nuscenes_mini_subset,scene-0103_005,-1,11,bicycle_rack,77.68648547240375,0,0,nan
nuscenes_mini_subset,scene-0103_005,-1,12,Car,4.9914885101834825,79,79,100.0
nuscenes_mini_subset,scene-0103_005,-1,13,Car,44.1714051098835,0,0,nan
nuscenes_mini_subset,scene-0103_005,-1,14,Pedestrian,16.051360027268277,2,2,100.0
nuscenes_mini_subset,scene-0103_005,-1,15,Pedestrian,36.62196028942728,1,0,0.0
nuscenes_mini_subset,scene-0103_005,-1,16,Pedestrian,54.23480285303128,1,0,0.0
nuscenes_mini_subset,scene-0103_005,-1,17,Truck,92.99941502750166,2,1,50.0
nuscenes_mini_subset,scene-0103_005,-1,18,Car,66.43584222837937,0,0,nan
nuscenes_mini_subset,scene-0103_005,-1,19,Pedestrian,54.65260008179372,1,0,0.0
nuscenes_mini_subset,scene-0103_005,-0.5,0,Pedestrian,14.212560595143438,13,11,84.61538461538461
nuscenes_mini_subset,scene-0103_005,-0.5,1,Car,39.757583025573766,2,2,100.0
nuscenes_mini_subset,scene-0103_005,-0.5,2,Pedestrian,34.26955128785161,2,1,50.0
nuscenes_mini_subset,scene-0103_005,-0.5,3,Car,45.99314404086695,0,0,nan
nuscenes_mini_subset,scene-0103_005,-0.5,4,Pedestrian,14.609270182037712,9,6,66.66666666666667
nuscenes_mini_subset,scene-0103_005,-0.5,5,Car,45.022278436201724,6,6,100.0
nuscenes_mini_subset,scene-0103_005,-0.5,6,Car,31.01640636208696,0,0,nan
nuscenes_mini_subset,scene-0103_005,-0.5,7,Car,29.990420585825785,5,5,100.0
nuscenes_mini_subset,scene-0103_005,-0.5,8,Pedestrian,34.600975908525925,3,2,66.66666666666667
nuscenes_mini_subset,scene-0103_005,-0.5,9,Pedestrian,16.75778163138063,7,6,85.71428571428571
nuscenes_mini_subset,scene-0103_005,-0.5,10,Car,59.842631365304705,0,0,nan
nuscenes_mini_subset,scene-0103_005,-0.5,11,bicycle_rack,77.68648547240375,0,0,nan
nuscenes_mini_subset,scene-0103_005,-0.5,12,Car,4.9914885101834825,79,79,100.0
nuscenes_mini_subset,scene-0103_005,-0.5,13,Car,44.1714051098835,0,0,nan
nuscenes_mini_subset,scene-0103_005,-0.5,14,Pedestrian,16.051360027268277,2,2,100.0
nuscenes_mini_subset,scene-0103_005,-0.5,15,Pedestrian,36.62196028942728,1,1,100.0
nuscenes_mini_subset,scene-0103_005,-0.5,16,Pedestrian,54.23480285303128,1,0,0.0
nuscenes_mini_subset,scene-0103_005,-0.5,17,Truck,92.99941502750166,2,2,100.0
nuscenes_mini_subset,scene-0103_005,-0.5,18,Car,66.43584222837937,0,0,nan
nuscenes_mini_subset,scene-0103_005,-0.5,19,Pedestrian,54.65260008179372,1,0,0.0
nuscenes_mini_subset,scene-0103_005,0,0,Pedestrian,14.212560595143438,13,13,100.0
nuscenes_mini_subset,scene-0103_005,0,1,Car,39.757583025573766,2,2,100.0
nuscenes_mini_subset,scene-0103_005,0,2,Pedestrian,34.26955128785161,2,2,100.0
nuscenes_mini_subset,scene-0103_005,0,3,Car,45.99314404086695,0,0,nan
nuscenes_mini_subset,scene-0103_005,0,4,Pedestrian,14.609270182037712,9,9,100.0
nuscenes_mini_subset,scene-0103_005,0,5,Car,45.022278436201724,6,6,100.0
nuscenes_mini_subset,scene-0103_005,0,6,Car,31.01640636208696,0,0,nan
nuscenes_mini_subset,scene-0103_005,0,7,Car,29.990420585825785,5,5,100.0
nuscenes_mini_subset,scene-0103_005,0,8,Pedestrian,34.600975908525925,3,3,100.0
nuscenes_mini_subset,scene-0103_005,0,9,Pedestrian,16.75778163138063,7,7,100.0
nuscenes_mini_subset,scene-0103_005,0,10,Car,59.842631365304705,0,0,nan
nuscenes_mini_subset,scene-0103_005,0,11,bicycle_rack,77.68648547240375,0,0,nan
nuscenes_mini_subset,scene-0103_005,0,12,Car,4.9914885101834825,79,79,100.0
nuscenes_mini_subset,scene-0103_005,0,13,Car,44.1714051098835,0,0,nan
nuscenes_mini_subset,scene-0103_005,0,14,Pedestrian,16.051360027268277,2,2,100.0
nuscenes_mini_subset,scene-0103_005,0,15,Pedestrian,36.62196028942728,1,1,100.0
nuscenes_mini_subset,scene-0103_005,0,16,Pedestrian,54.23480285303128,1,1,100.0
nuscenes_mini_subset,scene-0103_005,0,17,Truck,92.99941502750166,2,2,100.0
nuscenes_mini_subset,scene-0103_005,0,18,Car,66.43584222837937,0,0,nan
nuscenes_mini_subset,scene-0103_005,0,19,Pedestrian,54.65260008179372,1,1,100.0
nuscenes_mini_subset,scene-0103_005,0.5,0,Pedestrian,14.212560595143438,13,13,100.0
nuscenes_mini_subset,scene-0103_005,0.5,1,Car,39.757583025573766,2,1,50.0
nuscenes_mini_subset,scene-0103_005,0.5,2,Pedestrian,34.26955128785161,2,2,100.0
nuscenes_mini_subset,scene-0103_005,0.5,3,Car,45.99314404086695,0,0,nan
nuscenes_mini_subset,scene-0103_005,0.5,4,Pedestrian,14.609270182037712,9,9,100.0
nuscenes_mini_subset,scene-0103_005,0.5,5,Car,45.022278436201724,6,6,100.0
nuscenes_mini_subset,scene-0103_005,0.5,6,Car,31.01640636208696,0,0,nan
nuscenes_mini_subset,scene-0103_005,0.5,7,Car,29.990420585825785,5,5,100.0
nuscenes_mini_subset,scene-0103_005,0.5,8,Pedestrian,34.600975908525925,3,2,66.66666666666667
nuscenes_mini_subset,scene-0103_005,0.5,9,Pedestrian,16.75778163138063,7,7,100.0
nuscenes_mini_subset,scene-0103_005,0.5,10,Car,59.842631365304705,0,0,nan
nuscenes_mini_subset,scene-0103_005,0.5,11,bicycle_rack,77.68648547240375,0,0,nan
nuscenes_mini_subset,scene-0103_005,0.5,12,Car,4.9914885101834825,79,76,96.20253164556962
nuscenes_mini_subset,scene-0103_005,0.5,13,Car,44.1714051098835,0,0,nan
nuscenes_mini_subset,scene-0103_005,0.5,14,Pedestrian,16.051360027268277,2,2,100.0
nuscenes_mini_subset,scene-0103_005,0.5,15,Pedestrian,36.62196028942728,1,0,0.0
nuscenes_mini_subset,scene-0103_005,0.5,16,Pedestrian,54.23480285303128,1,0,0.0
nuscenes_mini_subset,scene-0103_005,0.5,17,Truck,92.99941502750166,2,1,50.0
nuscenes_mini_subset,scene-0103_005,0.5,18,Car,66.43584222837937,0,0,nan
nuscenes_mini_subset,scene-0103_005,0.5,19,Pedestrian,54.65260008179372,1,1,100.0
nuscenes_mini_subset,scene-0103_005,1,0,Pedestrian,14.212560595143438,13,12,92.3076923076923
nuscenes_mini_subset,scene-0103_005,1,1,Car,39.757583025573766,2,1,50.0
nuscenes_mini_subset,scene-0103_005,1,2,Pedestrian,34.26955128785161,2,0,0.0
nuscenes_mini_subset,scene-0103_005,1,3,Car,45.99314404086695,0,0,nan
nuscenes_mini_subset,scene-0103_005,1,4,Pedestrian,14.609270182037712,9,4,44.44444444444444
nuscenes_mini_subset,scene-0103_005,1,5,Car,45.022278436201724,6,6,100.0
nuscenes_mini_subset,scene-0103_005,1,6,Car,31.01640636208696,0,0,nan
nuscenes_mini_subset,scene-0103_005,1,7,Car,29.990420585825785,5,5,100.0
nuscenes_mini_subset,scene-0103_005,1,8,Pedestrian,34.600975908525925,3,1,33.333333333333336
nuscenes_mini_subset,scene-0103_005,1,9,Pedestrian,16.75778163138063,7,5,71.42857142857143
nuscenes_mini_subset,scene-0103_005,1,10,Car,59.842631365304705,0,0,nan
nuscenes_mini_subset,scene-0103_005,1,11,bicycle_rack,77.68648547240375,0,0,nan
nuscenes_mini_subset,scene-0103_005,1,12,Car,4.9914885101834825,79,71,89.87341772151899
nuscenes_mini_subset,scene-0103_005,1,13,Car,44.1714051098835,0,0,nan
nuscenes_mini_subset,scene-0103_005,1,14,Pedestrian,16.051360027268277,2,0,0.0
nuscenes_mini_subset,scene-0103_005,1,15,Pedestrian,36.62196028942728,1,0,0.0
nuscenes_mini_subset,scene-0103_005,1,16,Pedestrian,54.23480285303128,1,0,0.0
nuscenes_mini_subset,scene-0103_005,1,17,Truck,92.99941502750166,2,1,50.0
nuscenes_mini_subset,scene-0103_005,1,18,Car,66.43584222837937,0,0,nan
nuscenes_mini_subset,scene-0103_005,1,19,Pedestrian,54.65260008179372,1,0,0.0
nuscenes_mini_subset,scene-0103_005,2,0,Pedestrian,14.212560595143438,13,2,15.384615384615385
nuscenes_mini_subset,scene-0103_005,2,1,Car,39.757583025573766,2,0,0.0
nuscenes_mini_subset,scene-0103_005,2,2,Pedestrian,34.26955128785161,2,0,0.0
nuscenes_mini_subset,scene-0103_005,2,3,Car,45.99314404086695,0,0,nan
nuscenes_mini_subset,scene-0103_005,2,4,Pedestrian,14.609270182037712,9,0,0.0
nuscenes_mini_subset,scene-0103_005,2,5,Car,45.022278436201724,6,6,100.0
nuscenes_mini_subset,scene-0103_005,2,6,Car,31.01640636208696,0,0,nan
nuscenes_mini_subset,scene-0103_005,2,7,Car,29.990420585825785,5,5,100.0
nuscenes_mini_subset,scene-0103_005,2,8,Pedestrian,34.600975908525925,3,0,0.0
nuscenes_mini_subset,scene-0103_005,2,9,Pedestrian,16.75778163138063,7,0,0.0
nuscenes_mini_subset,scene-0103_005,2,10,Car,59.842631365304705,0,0,nan
nuscenes_mini_subset,scene-0103_005,2,11,bicycle_rack,77.68648547240375,0,0,nan
nuscenes_mini_subset,scene-0103_005,2,12,Car,4.9914885101834825,79,63,79.74683544303798
nuscenes_mini_subset,scene-0103_005,2,13,Car,44.1714051098835,0,0,nan
nuscenes_mini_subset,scene-0103_005,2,14,Pedestrian,16.051360027268277,2,0,0.0
nuscenes_mini_subset,scene-0103_005,2,15,Pedestrian,36.62196028942728,1,0,0.0
nuscenes_mini_subset,scene-0103_005,2,16,Pedestrian,54.23480285303128,1,0,0.0
nuscenes_mini_subset,scene-0103_005,2,17,Truck,92.99941502750166,2,0,0.0
nuscenes_mini_subset,scene-0103_005,2,18,Car,66.43584222837937,0,0,nan
nuscenes_mini_subset,scene-0103_005,2,19,Pedestrian,54.65260008179372,1,0,0.0
nuscenes_mini_subset,scene-0103_005,3,0,Pedestrian,14.212560595143438,13,0,0.0
nuscenes_mini_subset,scene-0103_005,3,1,Car,39.757583025573766,2,0,0.0
nuscenes_mini_subset,scene-0103_005,3,2,Pedestrian,34.26955128785161,2,0,0.0
nuscenes_mini_subset,scene-0103_005,3,3,Car,45.99314404086695,0,0,nan
nuscenes_mini_subset,scene-0103_005,3,4,Pedestrian,14.609270182037712,9,0,0.0
nuscenes_mini_subset,scene-0103_005,3,5,Car,45.022278436201724,6,4,66.66666666666667
nuscenes_mini_subset,scene-0103_005,3,6,Car,31.01640636208696,0,0,nan
nuscenes_mini_subset,scene-0103_005,3,7,Car,29.990420585825785,5,3,60.0
nuscenes_mini_subset,scene-0103_005,3,8,Pedestrian,34.600975908525925,3,0,0.0
nuscenes_mini_subset,scene-0103_005,3,9,Pedestrian,16.75778163138063,7,0,0.0
nuscenes_mini_subset,scene-0103_005,3,10,Car,59.842631365304705,0,0,nan
nuscenes_mini_subset,scene-0103_005,3,11,bicycle_rack,77.68648547240375,0,0,nan
nuscenes_mini_subset,scene-0103_005,3,12,Car,4.9914885101834825,79,54,68.35443037974683
nuscenes_mini_subset,scene-0103_005,3,13,Car,44.1714051098835,0,0,nan
nuscenes_mini_subset,scene-0103_005,3,14,Pedestrian,16.051360027268277,2,0,0.0
nuscenes_mini_subset,scene-0103_005,3,15,Pedestrian,36.62196028942728,1,0,0.0
nuscenes_mini_subset,scene-0103_005,3,16,Pedestrian,54.23480285303128,1,0,0.0
nuscenes_mini_subset,scene-0103_005,3,17,Truck,92.99941502750166,2,0,0.0
nuscenes_mini_subset,scene-0103_005,3,18,Car,66.43584222837937,0,0,nan
nuscenes_mini_subset,scene-0103_005,3,19,Pedestrian,54.65260008179372,1,0,0.0
nuscenes_mini_subset,scene-0103_006,-3,0,Car,40.14618511426812,6,0,0.0
nuscenes_mini_subset,scene-0103_006,-3,1,Pedestrian,30.263043671953902,2,0,0.0
nuscenes_mini_subset,scene-0103_006,-3,2,Car,41.510932706242365,3,2,66.66666666666667
nuscenes_mini_subset,scene-0103_006,-3,3,Car,40.313346917719564,7,2,28.571428571428573
nuscenes_mini_subset,scene-0103_006,-3,4,Car,22.246569810841894,19,11,57.89473684210526
nuscenes_mini_subset,scene-0103_006,-3,5,Car,25.349886982890688,14,9,64.28571428571429
nuscenes_mini_subset,scene-0103_006,-3,6,Pedestrian,30.532389372265236,3,0,0.0
nuscenes_mini_subset,scene-0103_006,-3,7,Pedestrian,12.233218646017674,5,0,0.0
nuscenes_mini_subset,scene-0103_006,-3,8,Car,55.362668212544406,0,0,nan
nuscenes_mini_subset,scene-0103_006,-3,9,bicycle_rack,73.29091676500342,0,0,nan
nuscenes_mini_subset,scene-0103_006,-3,10,Car,40.13940781292161,0,0,nan
nuscenes_mini_subset,scene-0103_006,-3,11,Pedestrian,33.317782675582116,3,0,0.0
nuscenes_mini_subset,scene-0103_006,-3,12,Pedestrian,51.09220179765233,1,0,0.0
nuscenes_mini_subset,scene-0103_006,-3,13,Truck,88.64477145072058,1,0,0.0
nuscenes_mini_subset,scene-0103_006,-3,14,Car,59.92205680310593,0,0,nan
nuscenes_mini_subset,scene-0103_006,-3,15,Pedestrian,50.20112136339322,1,0,0.0
nuscenes_mini_subset,scene-0103_006,-2,0,Car,40.14618511426812,6,2,33.333333333333336
nuscenes_mini_subset,scene-0103_006,-2,1,Pedestrian,30.263043671953902,2,0,0.0
nuscenes_mini_subset,scene-0103_006,-2,2,Car,41.510932706242365,3,3,100.0
nuscenes_mini_subset,scene-0103_006,-2,3,Car,40.313346917719564,7,5,71.42857142857143
nuscenes_mini_subset,scene-0103_006,-2,4,Car,22.246569810841894,19,15,78.94736842105263
nuscenes_mini_subset,scene-0103_006,-2,5,Car,25.349886982890688,14,13,92.85714285714286
nuscenes_mini_subset,scene-0103_006,-2,6,Pedestrian,30.532389372265236,3,0,0.0
nuscenes_mini_subset,scene-0103_006,-2,7,Pedestrian,12.233218646017674,5,0,0.0
nuscenes_mini_subset,scene-0103_006,-2,8,Car,55.362668212544406,0,0,nan
nuscenes_mini_subset,scene-0103_006,-2,9,bicycle_rack,73.29091676500342,0,0,nan
nuscenes_mini_subset,scene-0103_006,-2,10,Car,40.13940781292161,0,0,nan
nuscenes_mini_subset,scene-0103_006,-2,11,Pedestrian,33.317782675582116,3,0,0.0
nuscenes_mini_subset,scene-0103_006,-2,12,Pedestrian,51.09220179765233,1,0,0.0
nuscenes_mini_subset,scene-0103_006,-2,13,Truck,88.64477145072058,1,0,0.0
nuscenes_mini_subset,scene-0103_006,-2,14,Car,59.92205680310593,0,0,nan
nuscenes_mini_subset,scene-0103_006,-2,15,Pedestrian,50.20112136339322,1,0,0.0
nuscenes_mini_subset,scene-0103_006,-1,0,Car,40.14618511426812,6,5,83.33333333333333
nuscenes_mini_subset,scene-0103_006,-1,1,Pedestrian,30.263043671953902,2,0,0.0
nuscenes_mini_subset,scene-0103_006,-1,2,Car,41.510932706242365,3,3,100.0
nuscenes_mini_subset,scene-0103_006,-1,3,Car,40.313346917719564,7,7,100.0
nuscenes_mini_subset,scene-0103_006,-1,4,Car,22.246569810841894,19,18,94.73684210526316
nuscenes_mini_subset,scene-0103_006,-1,5,Car,25.349886982890688,14,13,92.85714285714286
nuscenes_mini_subset,scene-0103_006,-1,6,Pedestrian,30.532389372265236,3,0,0.0
nuscenes_mini_subset,scene-0103_006,-1,7,Pedestrian,12.233218646017674,5,0,0.0
nuscenes_mini_subset,scene-0103_006,-1,8,Car,55.362668212544406,0,0,nan
nuscenes_mini_subset,scene-0103_006,-1,9,bicycle_rack,73.29091676500342,0,0,nan
nuscenes_mini_subset,scene-0103_006,-1,10,Car,40.13940781292161,0,0,nan
nuscenes_mini_subset,scene-0103_006,-1,11,Pedestrian,33.317782675582116,3,0,0.0
nuscenes_mini_subset,scene-0103_006,-1,12,Pedestrian,51.09220179765233,1,0,0.0
nuscenes_mini_subset,scene-0103_006,-1,13,Truck,88.64477145072058,1,0,0.0
nuscenes_mini_subset,scene-0103_006,-1,14,Car,59.92205680310593,0,0,nan
nuscenes_mini_subset,scene-0103_006,-1,15,Pedestrian,50.20112136339322,1,0,0.0
nuscenes_mini_subset,scene-0103_006,-0.5,0,Car,40.14618511426812,6,6,100.0
nuscenes_mini_subset,scene-0103_006,-0.5,1,Pedestrian,30.263043671953902,2,1,50.0
nuscenes_mini_subset,scene-0103_006,-0.5,2,Car,41.510932706242365,3,3,100.0
nuscenes_mini_subset,scene-0103_006,-0.5,3,Car,40.313346917719564,7,7,100.0
nuscenes_mini_subset,scene-0103_006,-0.5,4,Car,22.246569810841894,19,19,100.0
nuscenes_mini_subset,scene-0103_006,-0.5,5,Car,25.349886982890688,14,14,100.0
nuscenes_mini_subset,scene-0103_006,-0.5,6,Pedestrian,30.532389372265236,3,1,33.333333333333336
nuscenes_mini_subset,scene-0103_006,-0.5,7,Pedestrian,12.233218646017674,5,1,20.0
nuscenes_mini_subset,scene-0103_006,-0.5,8,Car,55.362668212544406,0,0,nan
nuscenes_mini_subset,scene-0103_006,-0.5,9,bicycle_rack,73.29091676500342,0,0,nan
nuscenes_mini_subset,scene-0103_006,-0.5,10,Car,40.13940781292161,0,0,nan
nuscenes_mini_subset,scene-0103_006,-0.5,11,Pedestrian,33.317782675582116,3,2,66.66666666666667
nuscenes_mini_subset,scene-0103_006,-0.5,12,Pedestrian,51.09220179765233,1,0,0.0
nuscenes_mini_subset,scene-0103_006,-0.5,13,Truck,88.64477145072058,1,1,100.0
nuscenes_mini_subset,scene-0103_006,-0.5,14,Car,59.92205680310593,0,0,nan
nuscenes_mini_subset,scene-0103_006,-0.5,15,Pedestrian,50.20112136339322,1,1,100.0
nuscenes_mini_subset,scene-0103_006,0,0,Car,40.14618511426812,6,6,100.0
nuscenes_mini_subset,scene-0103_006,0,1,Pedestrian,30.263043671953902,2,2,100.0
nuscenes_mini_subset,scene-0103_006,0,2,Car,41.510932706242365,3,3,100.0
nuscenes_mini_subset,scene-0103_006,0,3,Car,40.313346917719564,7,7,100.0
nuscenes_mini_subset,scene-0103_006,0,4,Car,22.246569810841894,19,19,100.0
nuscenes_mini_subset,scene-0103_006,0,5,Car,25.349886982890688,14,14,100.0
nuscenes_mini_subset,scene-0103_006,0,6,Pedestrian,30.532389372265236,3,3,100.0
nuscenes_mini_subset,scene-0103_006,0,7,Pedestrian,12.233218646017674,5,4,80.0
nuscenes_mini_subset,scene-0103_006,0,8,Car,55.362668212544406,0,0,nan
nuscenes_mini_subset,scene-0103_006,0,9,bicycle_rack,73.29091676500342,0,0,nan
nuscenes_mini_subset,scene-0103_006,0,10,Car,40.13940781292161,0,0,nan
nuscenes_mini_subset,scene-0103_006,0,11,Pedestrian,33.317782675582116,3,3,100.0
nuscenes_mini_subset,scene-0103_006,0,12,Pedestrian,51.09220179765233,1,1,100.0
nuscenes_mini_subset,scene-0103_006,0,13,Truck,88.64477145072058,1,1,100.0
nuscenes_mini_subset,scene-0103_006,0,14,Car,59.92205680310593,0,0,nan
nuscenes_mini_subset,scene-0103_006,0,15,Pedestrian,50.20112136339322,1,1,100.0
nuscenes_mini_subset,scene-0103_006,0.5,0,Car,40.14618511426812,6,6,100.0
nuscenes_mini_subset,scene-0103_006,0.5,1,Pedestrian,30.263043671953902,2,1,50.0
nuscenes_mini_subset,scene-0103_006,0.5,2,Car,41.510932706242365,3,3,100.0
nuscenes_mini_subset,scene-0103_006,0.5,3,Car,40.313346917719564,7,7,100.0
nuscenes_mini_subset,scene-0103_006,0.5,4,Car,22.246569810841894,19,18,94.73684210526316
nuscenes_mini_subset,scene-0103_006,0.5,5,Car,25.349886982890688,14,14,100.0
nuscenes_mini_subset,scene-0103_006,0.5,6,Pedestrian,30.532389372265236,3,3,100.0
nuscenes_mini_subset,scene-0103_006,0.5,7,Pedestrian,12.233218646017674,5,5,100.0
nuscenes_mini_subset,scene-0103_006,0.5,8,Car,55.362668212544406,0,0,nan
nuscenes_mini_subset,scene-0103_006,0.5,9,bicycle_rack,73.29091676500342,0,0,nan
nuscenes_mini_subset,scene-0103_006,0.5,10,Car,40.13940781292161,0,0,nan
nuscenes_mini_subset,scene-0103_006,0.5,11,Pedestrian,33.317782675582116,3,3,100.0
nuscenes_mini_subset,scene-0103_006,0.5,12,Pedestrian,51.09220179765233,1,0,0.0
nuscenes_mini_subset,scene-0103_006,0.5,13,Truck,88.64477145072058,1,1,100.0
nuscenes_mini_subset,scene-0103_006,0.5,14,Car,59.92205680310593,0,0,nan
nuscenes_mini_subset,scene-0103_006,0.5,15,Pedestrian,50.20112136339322,1,0,0.0
nuscenes_mini_subset,scene-0103_006,1,0,Car,40.14618511426812,6,4,66.66666666666667
nuscenes_mini_subset,scene-0103_006,1,1,Pedestrian,30.263043671953902,2,0,0.0
nuscenes_mini_subset,scene-0103_006,1,2,Car,41.510932706242365,3,3,100.0
nuscenes_mini_subset,scene-0103_006,1,3,Car,40.313346917719564,7,7,100.0
nuscenes_mini_subset,scene-0103_006,1,4,Car,22.246569810841894,19,17,89.47368421052632
nuscenes_mini_subset,scene-0103_006,1,5,Car,25.349886982890688,14,14,100.0
nuscenes_mini_subset,scene-0103_006,1,6,Pedestrian,30.532389372265236,3,2,66.66666666666667
nuscenes_mini_subset,scene-0103_006,1,7,Pedestrian,12.233218646017674,5,4,80.0
nuscenes_mini_subset,scene-0103_006,1,8,Car,55.362668212544406,0,0,nan
nuscenes_mini_subset,scene-0103_006,1,9,bicycle_rack,73.29091676500342,0,0,nan
nuscenes_mini_subset,scene-0103_006,1,10,Car,40.13940781292161,0,0,nan
nuscenes_mini_subset,scene-0103_006,1,11,Pedestrian,33.317782675582116,3,1,33.333333333333336
nuscenes_mini_subset,scene-0103_006,1,12,Pedestrian,51.09220179765233,1,0,0.0
nuscenes_mini_subset,scene-0103_006,1,13,Truck,88.64477145072058,1,1,100.0
nuscenes_mini_subset,scene-0103_006,1,14,Car,59.92205680310593,0,0,nan
nuscenes_mini_subset,scene-0103_006,1,15,Pedestrian,50.20112136339322,1,0,0.0
nuscenes_mini_subset,scene-0103_006,2,0,Car,40.14618511426812,6,1,16.666666666666668
nuscenes_mini_subset,scene-0103_006,2,1,Pedestrian,30.263043671953902,2,0,0.0
nuscenes_mini_subset,scene-0103_006,2,2,Car,41.510932706242365,3,3,100.0
nuscenes_mini_subset,scene-0103_006,2,3,Car,40.313346917719564,7,7,100.0
nuscenes_mini_subset,scene-0103_006,2,4,Car,22.246569810841894,19,14,73.6842105263158
nuscenes_mini_subset,scene-0103_006,2,5,Car,25.349886982890688,14,11,78.57142857142857
nuscenes_mini_subset,scene-0103_006,2,6,Pedestrian,30.532389372265236,3,0,0.0
nuscenes_mini_subset,scene-0103_006,2,7,Pedestrian,12.233218646017674,5,0,0.0
nuscenes_mini_subset,scene-0103_006,2,8,Car,55.362668212544406,0,0,nan
nuscenes_mini_subset,scene-0103_006,2,9,bicycle_rack,73.29091676500342,0,0,nan
nuscenes_mini_subset,scene-0103_006,2,10,Car,40.13940781292161,0,0,nan
nuscenes_mini_subset,scene-0103_006,2,11,Pedestrian,33.317782675582116,3,0,0.0
nuscenes_mini_subset,scene-0103_006,2,12,Pedestrian,51.09220179765233,1,0,0.0
nuscenes_mini_subset,scene-0103_006,2,13,Truck,88.64477145072058,1,0,0.0
nuscenes_mini_subset,scene-0103_006,2,14,Car,59.92205680310593,0,0,nan
nuscenes_mini_subset,scene-0103_006,2,15,Pedestrian,50.20112136339322,1,0,0.0
nuscenes_mini_subset,scene-0103_006,3,0,Car,40.14618511426812,6,0,0.0
nuscenes_mini_subset,scene-0103_006,3,1,Pedestrian,30.263043671953902,2,0,0.0
nuscenes_mini_subset,scene-0103_006,3,2,Car,41.510932706242365,3,3,100.0
nuscenes_mini_subset,scene-0103_006,3,3,Car,40.313346917719564,7,6,85.71428571428571
nuscenes_mini_subset,scene-0103_006,3,4,Car,22.246569810841894,19,11,57.89473684210526
nuscenes_mini_subset,scene-0103_006,3,5,Car,25.349886982890688,14,8,57.142857142857146
nuscenes_mini_subset,scene-0103_006,3,6,Pedestrian,30.532389372265236,3,0,0.0
nuscenes_mini_subset,scene-0103_006,3,7,Pedestrian,12.233218646017674,5,0,0.0
nuscenes_mini_subset,scene-0103_006,3,8,Car,55.362668212544406,0,0,nan
nuscenes_mini_subset,scene-0103_006,3,9,bicycle_rack,73.29091676500342,0,0,nan
nuscenes_mini_subset,scene-0103_006,3,10,Car,40.13940781292161,0,0,nan
nuscenes_mini_subset,scene-0103_006,3,11,Pedestrian,33.317782675582116,3,0,0.0
nuscenes_mini_subset,scene-0103_006,3,12,Pedestrian,51.09220179765233,1,0,0.0
nuscenes_mini_subset,scene-0103_006,3,13,Truck,88.64477145072058,1,0,0.0
nuscenes_mini_subset,scene-0103_006,3,14,Car,59.92205680310593,0,0,nan
nuscenes_mini_subset,scene-0103_006,3,15,Pedestrian,50.20112136339322,1,0,0.0
nuscenes_mini_subset,scene-0103_007,-3,0,Car,40.31266416379843,1,0,0.0
nuscenes_mini_subset,scene-0103_007,-3,1,Pedestrian,26.23620392640049,2,0,0.0
nuscenes_mini_subset,scene-0103_007,-3,2,Car,36.94728878839881,7,5,71.42857142857143
nuscenes_mini_subset,scene-0103_007,-3,3,Car,35.70985804811366,2,0,0.0
nuscenes_mini_subset,scene-0103_007,-3,4,Car,12.686548224712272,101,81,80.1980198019802
nuscenes_mini_subset,scene-0103_007,-3,5,Car,20.76418436046029,11,11,100.0
nuscenes_mini_subset,scene-0103_007,-3,6,TrafficCone,33.00341715988239,1,0,0.0
nuscenes_mini_subset,scene-0103_007,-3,7,Pedestrian,26.44454309075533,2,0,0.0
nuscenes_mini_subset,scene-0103_007,-3,8,Car,67.39316097493553,0,0,nan
nuscenes_mini_subset,scene-0103_007,-3,9,Car,50.766006075623125,0,0,nan
nuscenes_mini_subset,scene-0103_007,-3,10,bicycle_rack,68.73380154217163,1,0,0.0
nuscenes_mini_subset,scene-0103_007,-3,11,Car,35.88106609144987,8,0,0.0
nuscenes_mini_subset,scene-0103_007,-3,12,Pedestrian,29.756854123550674,5,0,0.0
nuscenes_mini_subset,scene-0103_007,-3,13,Pedestrian,47.661821984835505,0,0,nan
nuscenes_mini_subset,scene-0103_007,-3,14,Truck,84.11550301452235,2,0,0.0
nuscenes_mini_subset,scene-0103_007,-3,15,Car,53.223706214565276,1,0,0.0
nuscenes_mini_subset,scene-0103_007,-3,16,Pedestrian,45.43701482772511,2,0,0.0
nuscenes_mini_subset,scene-0103_007,-2,0,Car,40.31266416379843,1,0,0.0
nuscenes_mini_subset,scene-0103_007,-2,1,Pedestrian,26.23620392640049,2,0,0.0
nuscenes_mini_subset,scene-0103_007,-2,2,Car,36.94728878839881,7,7,100.0
nuscenes_mini_subset,scene-0103_007,-2,3,Car,35.70985804811366,2,2,100.0
nuscenes_mini_subset,scene-0103_007,-2,4,Car,12.686548224712272,101,89,88.11881188118812
nuscenes_mini_subset,scene-0103_007,-2,5,Car,20.76418436046029,11,11,100.0
nuscenes_mini_subset,scene-0103_007,-2,6,TrafficCone,33.00341715988239,1,0,0.0
nuscenes_mini_subset,scene-0103_007,-2,7,Pedestrian,26.44454309075533,2,0,0.0
nuscenes_mini_subset,scene-0103_007,-2,8,Car,67.39316097493553,0,0,nan
nuscenes_mini_subset,scene-0103_007,-2,9,Car,50.766006075623125,0,0,nan
nuscenes_mini_subset,scene-0103_007,-2,10,bicycle_rack,68.73380154217163,1,0,0.0
nuscenes_mini_subset,scene-0103_007,-2,11,Car,35.88106609144987,8,3,37.5
nuscenes_mini_subset,scene-0103_007,-2,12,Pedestrian,29.756854123550674,5,0,0.0
nuscenes_mini_subset,scene-0103_007,-2,13,Pedestrian,47.661821984835505,0,0,nan
nuscenes_mini_subset,scene-0103_007,-2,14,Truck,84.11550301452235,2,0,0.0
nuscenes_mini_subset,scene-0103_007,-2,15,Car,53.223706214565276,1,1,100.0
nuscenes_mini_subset,scene-0103_007,-2,16,Pedestrian,45.43701482772511,2,0,0.0
nuscenes_mini_subset,scene-0103_007,-1,0,Car,40.31266416379843,1,0,0.0
nuscenes_mini_subset,scene-0103_007,-1,1,Pedestrian,26.23620392640049,2,0,0.0
nuscenes_mini_subset,scene-0103_007,-1,2,Car,36.94728878839881,7,7,100.0
nuscenes_mini_subset,scene-0103_007,-1,3,Car,35.70985804811366,2,2,100.0
nuscenes_mini_subset,scene-0103_007,-1,4,Car,12.686548224712272,101,99,98.01980198019803
nuscenes_mini_subset,scene-0103_007,-1,5,Car,20.76418436046029,11,11,100.0
nuscenes_mini_subset,scene-0103_007,-1,6,TrafficCone,33.00341715988239,1,0,0.0
nuscenes_mini_subset,scene-0103_007,-1,7,Pedestrian,26.44454309075533,2,0,0.0
nuscenes_mini_subset,scene-0103_007,-1,8,Car,67.39316097493553,0,0,nan
nuscenes_mini_subset,scene-0103_007,-1,9,Car,50.766006075623125,0,0,nan
nuscenes_mini_subset,scene-0103_007,-1,10,bicycle_rack,68.73380154217163,1,1,100.0
nuscenes_mini_subset,scene-0103_007,-1,11,Car,35.88106609144987,8,6,75.0
nuscenes_mini_subset,scene-0103_007,-1,12,Pedestrian,29.756854123550674,5,1,20.0
nuscenes_mini_subset,scene-0103_007,-1,13,Pedestrian,47.661821984835505,0,0,nan
nuscenes_mini_subset,scene-0103_007,-1,14,Truck,84.11550301452235,2,0,0.0
nuscenes_mini_subset,scene-0103_007,-1,15,Car,53.223706214565276,1,1,100.0
nuscenes_mini_subset,scene-0103_007,-1,16,Pedestrian,45.43701482772511,2,0,0.0
nuscenes_mini_subset,scene-0103_007,-0.5,0,Car,40.31266416379843,1,1,100.0
nuscenes_mini_subset,scene-0103_007,-0.5,1,Pedestrian,26.23620392640049,2,2,100.0
nuscenes_mini_subset,scene-0103_007,-0.5,2,Car,36.94728878839881,7,7,100.0
nuscenes_mini_subset,scene-0103_007,-0.5,3,Car,35.70985804811366,2,2,100.0
nuscenes_mini_subset,scene-0103_007,-0.5,4,Car,12.686548224712272,101,101,100.0
nuscenes_mini_subset,scene-0103_007,-0.5,5,Car,20.76418436046029,11,11,100.0
nuscenes_mini_subset,scene-0103_007,-0.5,6,TrafficCone,33.00341715988239,1,0,0.0
nuscenes_mini_subset,scene-0103_007,-0.5,7,Pedestrian,26.44454309075533,2,1,50.0
nuscenes_mini_subset,scene-0103_007,-0.5,8,Car,67.39316097493553,0,0,nan
nuscenes_mini_subset,scene-0103_007,-0.5,9,Car,50.766006075623125,0,0,nan
nuscenes_mini_subset,scene-0103_007,-0.5,10,bicycle_rack,68.73380154217163,1,1,100.0
nuscenes_mini_subset,scene-0103_007,-0.5,11,Car,35.88106609144987,8,7,87.5
nuscenes_mini_subset,scene-0103_007,-0.5,12,Pedestrian,29.756854123550674,5,3,60.0
nuscenes_mini_subset,scene-0103_007,-0.5,13,Pedestrian,47.661821984835505,0,0,nan
nuscenes_mini_subset,scene-0103_007,-0.5,14,Truck,84.11550301452235,2,2,100.0
nuscenes_mini_subset,scene-0103_007,-0.5,15,Car,53.223706214565276,1,1,100.0
nuscenes_mini_subset,scene-0103_007,-0.5,16,Pedestrian,45.43701482772511,2,0,0.0
nuscenes_mini_subset,scene-0103_007,0,0,Car,40.31266416379843,1,1,100.0
nuscenes_mini_subset,scene-0103_007,0,1,Pedestrian,26.23620392640049,2,2,100.0
nuscenes_mini_subset,scene-0103_007,0,2,Car,36.94728878839881,7,7,100.0
nuscenes_mini_subset,scene-0103_007,0,3,Car,35.70985804811366,2,2,100.0
nuscenes_mini_subset,scene-0103_007,0,4,Car,12.686548224712272,101,101,100.0
nuscenes_mini_subset,scene-0103_007,0,5,Car,20.76418436046029,11,11,100.0
nuscenes_mini_subset,scene-0103_007,0,6,TrafficCone,33.00341715988239,1,1,100.0
nuscenes_mini_subset,scene-0103_007,0,7,Pedestrian,26.44454309075533,2,2,100.0
nuscenes_mini_subset,scene-0103_007,0,8,Car,67.39316097493553,0,0,nan
nuscenes_mini_subset,scene-0103_007,0,9,Car,50.766006075623125,0,0,nan
nuscenes_mini_subset,scene-0103_007,0,10,bicycle_rack,68.73380154217163,1,1,100.0
nuscenes_mini_subset,scene-0103_007,0,11,Car,35.88106609144987,8,8,100.0
nuscenes_mini_subset,scene-0103_007,0,12,Pedestrian,29.756854123550674,5,5,100.0
nuscenes_mini_subset,scene-0103_007,0,13,Pedestrian,47.661821984835505,0,0,nan
nuscenes_mini_subset,scene-0103_007,0,14,Truck,84.11550301452235,2,2,100.0
nuscenes_mini_subset,scene-0103_007,0,15,Car,53.223706214565276,1,1,100.0
nuscenes_mini_subset,scene-0103_007,0,16,Pedestrian,45.43701482772511,2,2,100.0
nuscenes_mini_subset,scene-0103_007,0.5,0,Car,40.31266416379843,1,1,100.0
nuscenes_mini_subset,scene-0103_007,0.5,1,Pedestrian,26.23620392640049,2,2,100.0
nuscenes_mini_subset,scene-0103_007,0.5,2,Car,36.94728878839881,7,7,100.0
nuscenes_mini_subset,scene-0103_007,0.5,3,Car,35.70985804811366,2,2,100.0
nuscenes_mini_subset,scene-0103_007,0.5,4,Car,12.686548224712272,101,101,100.0
nuscenes_mini_subset,scene-0103_007,0.5,5,Car,20.76418436046029,11,11,100.0
nuscenes_mini_subset,scene-0103_007,0.5,6,TrafficCone,33.00341715988239,1,0,0.0
nuscenes_mini_subset,scene-0103_007,0.5,7,Pedestrian,26.44454309075533,2,2,100.0
nuscenes_mini_subset,scene-0103_007,0.5,8,Car,67.39316097493553,0,0,nan
nuscenes_mini_subset,scene-0103_007,0.5,9,Car,50.766006075623125,0,0,nan
nuscenes_mini_subset,scene-0103_007,0.5,10,bicycle_rack,68.73380154217163,1,1,100.0
nuscenes_mini_subset,scene-0103_007,0.5,11,Car,35.88106609144987,8,8,100.0
nuscenes_mini_subset,scene-0103_007,0.5,12,Pedestrian,29.756854123550674,5,5,100.0
nuscenes_mini_subset,scene-0103_007,0.5,13,Pedestrian,47.661821984835505,0,0,nan
nuscenes_mini_subset,scene-0103_007,0.5,14,Truck,84.11550301452235,2,2,100.0
nuscenes_mini_subset,scene-0103_007,0.5,15,Car,53.223706214565276,1,0,0.0
nuscenes_mini_subset,scene-0103_007,0.5,16,Pedestrian,45.43701482772511,2,1,50.0
nuscenes_mini_subset,scene-0103_007,1,0,Car,40.31266416379843,1,1,100.0
nuscenes_mini_subset,scene-0103_007,1,1,Pedestrian,26.23620392640049,2,0,0.0
nuscenes_mini_subset,scene-0103_007,1,2,Car,36.94728878839881,7,7,100.0
nuscenes_mini_subset,scene-0103_007,1,3,Car,35.70985804811366,2,2,100.0
nuscenes_mini_subset,scene-0103_007,1,4,Car,12.686548224712272,101,100,99.00990099009901
nuscenes_mini_subset,scene-0103_007,1,5,Car,20.76418436046029,11,10,90.9090909090909
nuscenes_mini_subset,scene-0103_007,1,6,TrafficCone,33.00341715988239,1,0,0.0
nuscenes_mini_subset,scene-0103_007,1,7,Pedestrian,26.44454309075533,2,2,100.0
nuscenes_mini_subset,scene-0103_007,1,8,Car,67.39316097493553,0,0,nan
nuscenes_mini_subset,scene-0103_007,1,9,Car,50.766006075623125,0,0,nan
nuscenes_mini_subset,scene-0103_007,1,10,bicycle_rack,68.73380154217163,1,1,100.0
nuscenes_mini_subset,scene-0103_007,1,11,Car,35.88106609144987,8,8,100.0
nuscenes_mini_subset,scene-0103_007,1,12,Pedestrian,29.756854123550674,5,3,60.0
nuscenes_mini_subset,scene-0103_007,1,13,Pedestrian,47.661821984835505,0,0,nan
nuscenes_mini_subset,scene-0103_007,1,14,Truck,84.11550301452235,2,2,100.0
nuscenes_mini_subset,scene-0103_007,1,15,Car,53.223706214565276,1,0,0.0
nuscenes_mini_subset,scene-0103_007,1,16,Pedestrian,45.43701482772511,2,0,0.0
nuscenes_mini_subset,scene-0103_007,2,0,Car,40.31266416379843,1,1,100.0
nuscenes_mini_subset,scene-0103_007,2,1,Pedestrian,26.23620392640049,2,0,0.0
nuscenes_mini_subset,scene-0103_007,2,2,Car,36.94728878839881,7,6,85.71428571428571
nuscenes_mini_subset,scene-0103_007,2,3,Car,35.70985804811366,2,2,100.0
nuscenes_mini_subset,scene-0103_007,2,4,Car,12.686548224712272,101,96,95.04950495049505
nuscenes_mini_subset,scene-0103_007,2,5,Car,20.76418436046029,11,8,72.72727272727273
nuscenes_mini_subset,scene-0103_007,2,6,TrafficCone,33.00341715988239,1,0,0.0
nuscenes_mini_subset,scene-0103_007,2,7,Pedestrian,26.44454309075533,2,0,0.0
nuscenes_mini_subset,scene-0103_007,2,8,Car,67.39316097493553,0,0,nan
nuscenes_mini_subset,scene-0103_007,2,9,Car,50.766006075623125,0,0,nan
nuscenes_mini_subset,scene-0103_007,2,10,bicycle_rack,68.73380154217163,1,0,0.0
nuscenes_mini_subset,scene-0103_007,2,11,Car,35.88106609144987,8,5,62.5
nuscenes_mini_subset,scene-0103_007,2,12,Pedestrian,29.756854123550674,5,0,0.0
nuscenes_mini_subset,scene-0103_007,2,13,Pedestrian,47.661821984835505,0,0,nan
nuscenes_mini_subset,scene-0103_007,2,14,Truck,84.11550301452235,2,0,0.0
nuscenes_mini_subset,scene-0103_007,2,15,Car,53.223706214565276,1,0,0.0
nuscenes_mini_subset,scene-0103_007,2,16,Pedestrian,45.43701482772511,2,0,0.0
nuscenes_mini_subset,scene-0103_007,3,0,Car,40.31266416379843,1,0,0.0
nuscenes_mini_subset,scene-0103_007,3,1,Pedestrian,26.23620392640049,2,0,0.0
nuscenes_mini_subset,scene-0103_007,3,2,Car,36.94728878839881,7,6,85.71428571428571
nuscenes_mini_subset,scene-0103_007,3,3,Car,35.70985804811366,2,2,100.0
nuscenes_mini_subset,scene-0103_007,3,4,Car,12.686548224712272,101,91,90.0990099009901
nuscenes_mini_subset,scene-0103_007,3,5,Car,20.76418436046029,11,8,72.72727272727273
nuscenes_mini_subset,scene-0103_007,3,6,TrafficCone,33.00341715988239,1,0,0.0
nuscenes_mini_subset,scene-0103_007,3,7,Pedestrian,26.44454309075533,2,0,0.0
nuscenes_mini_subset,scene-0103_007,3,8,Car,67.39316097493553,0,0,nan
nuscenes_mini_subset,scene-0103_007,3,9,Car,50.766006075623125,0,0,nan
nuscenes_mini_subset,scene-0103_007,3,10,bicycle_rack,68.73380154217163,1,0,0.0
nuscenes_mini_subset,scene-0103_007,3,11,Car,35.88106609144987,8,2,25.0
nuscenes_mini_subset,scene-0103_007,3,12,Pedestrian,29.756854123550674,5,0,0.0
nuscenes_mini_subset,scene-0103_007,3,13,Pedestrian,47.661821984835505,0,0,nan
nuscenes_mini_subset,scene-0103_007,3,14,Truck,84.11550301452235,2,0,0.0
nuscenes_mini_subset,scene-0103_007,3,15,Car,53.223706214565276,1,0,0.0
nuscenes_mini_subset,scene-0103_007,3,16,Pedestrian,45.43701482772511,2,0,0.0
nuscenes_mini_subset,scene-0103_008,-3,0,Car,40.82451432557803,1,0,0.0
nuscenes_mini_subset,scene-0103_008,-3,1,Pedestrian,22.26882686863478,2,0,0.0
nuscenes_mini_subset,scene-0103_008,-3,2,Car,32.49177455541708,5,3,60.0
nuscenes_mini_subset,scene-0103_008,-3,3,Car,31.041185504532613,1,1,100.0
nuscenes_mini_subset,scene-0103_008,-3,4,Car,3.1099980202469486,61,46,75.40983606557377
nuscenes_mini_subset,scene-0103_008,-3,5,Car,16.195541399673523,48,44,91.66666666666667
nuscenes_mini_subset,scene-0103_008,-3,6,TrafficCone,28.623385498545463,1,0,0.0
nuscenes_mini_subset,scene-0103_008,-3,7,Pedestrian,22.446000422468725,1,0,0.0
nuscenes_mini_subset,scene-0103_008,-3,8,Car,63.11455278116005,4,0,0.0
nuscenes_mini_subset,scene-0103_008,-3,9,Car,46.18092351255936,0,0,nan
nuscenes_mini_subset,scene-0103_008,-3,10,bicycle_rack,64.17158513422953,3,0,0.0
nuscenes_mini_subset,scene-0103_008,-3,11,Car,31.467980823711862,7,1,14.285714285714286
nuscenes_mini_subset,scene-0103_008,-3,12,Pedestrian,26.09381348712341,5,0,0.0
nuscenes_mini_subset,scene-0103_008,-3,13,Pedestrian,44.118542309452295,0,0,nan
nuscenes_mini_subset,scene-0103_008,-3,14,Truck,79.56742733586435,3,0,0.0
nuscenes_mini_subset,scene-0103_008,-3,15,Car,46.494319230306026,0,0,nan
nuscenes_mini_subset,scene-0103_008,-3,16,Pedestrian,40.401967558444014,2,0,0.0
nuscenes_mini_subset,scene-0103_008,-2,0,Car,40.82451432557803,1,1,100.0
nuscenes_mini_subset,scene-0103_008,-2,1,Pedestrian,22.26882686863478,2,0,0.0
nuscenes_mini_subset,scene-0103_008,-2,2,Car,32.49177455541708,5,4,80.0
nuscenes_mini_subset,scene-0103_008,-2,3,Car,31.041185504532613,1,1,100.0
nuscenes_mini_subset,scene-0103_008,-2,4,Car,3.1099980202469486,61,56,91.80327868852459
nuscenes_mini_subset,scene-0103_008,-2,5,Car,16.195541399673523,48,44,91.66666666666667
nuscenes_mini_subset,scene-0103_008,-2,6,TrafficCone,28.623385498545463,1,0,0.0
nuscenes_mini_subset,scene-0103_008,-2,7,Pedestrian,22.446000422468725,1,0,0.0
nuscenes_mini_subset,scene-0103_008,-2,8,Car,63.11455278116005,4,0,0.0
nuscenes_mini_subset,scene-0103_008,-2,9,Car,46.18092351255936,0,0,nan
nuscenes_mini_subset,scene-0103_008,-2,10,bicycle_rack,64.17158513422953,3,0,0.0
nuscenes_mini_subset,scene-0103_008,-2,11,Car,31.467980823711862,7,3,42.857142857142854
nuscenes_mini_subset,scene-0103_008,-2,12,Pedestrian,26.09381348712341,5,0,0.0
nuscenes_mini_subset,scene-0103_008,-2,13,Pedestrian,44.118542309452295,0,0,nan
nuscenes_mini_subset,scene-0103_008,-2,14,Truck,79.56742733586435,3,1,33.333333333333336
nuscenes_mini_subset,scene-0103_008,-2,15,Car,46.494319230306026,0,0,nan
nuscenes_mini_subset,scene-0103_008,-2,16,Pedestrian,40.401967558444014,2,0,0.0
nuscenes_mini_subset,scene-0103_008,-1,0,Car,40.82451432557803,1,1,100.0
nuscenes_mini_subset,scene-0103_008,-1,1,Pedestrian,22.26882686863478,2,1,50.0
nuscenes_mini_subset,scene-0103_008,-1,2,Car,32.49177455541708,5,5,100.0
nuscenes_mini_subset,scene-0103_008,-1,3,Car,31.041185504532613,1,1,100.0
nuscenes_mini_subset,scene-0103_008,-1,4,Car,3.1099980202469486,61,59,96.72131147540983
nuscenes_mini_subset,scene-0103_008,-1,5,Car,16.195541399673523,48,47,97.91666666666667
nuscenes_mini_subset,scene-0103_008,-1,6,TrafficCone,28.623385498545463,1,0,0.0
nuscenes_mini_subset,scene-0103_008,-1,7,Pedestrian,22.446000422468725,1,0,0.0
nuscenes_mini_subset,scene-0103_008,-1,8,Car,63.11455278116005,4,1,25.0
nuscenes_mini_subset,scene-0103_008,-1,9,Car,46.18092351255936,0,0,nan
nuscenes_mini_subset,scene-0103_008,-1,10,bicycle_rack,64.17158513422953,3,2,66.66666666666667
nuscenes_mini_subset,scene-0103_008,-1,11,Car,31.467980823711862,7,5,71.42857142857143
nuscenes_mini_subset,scene-0103_008,-1,12,Pedestrian,26.09381348712341,5,1,20.0
nuscenes_mini_subset,scene-0103_008,-1,13,Pedestrian,44.118542309452295,0,0,nan
nuscenes_mini_subset,scene-0103_008,-1,14,Truck,79.56742733586435,3,2,66.66666666666667
nuscenes_mini_subset,scene-0103_008,-1,15,Car,46.494319230306026,0,0,nan
nuscenes_mini_subset,scene-0103_008,-1,16,Pedestrian,40.401967558444014,2,0,0.0
nuscenes_mini_subset,scene-0103_008,-0.5,0,Car,40.82451432557803,1,1,100.0
nuscenes_mini_subset,scene-0103_008,-0.5,1,Pedestrian,22.26882686863478,2,2,100.0
nuscenes_mini_subset,scene-0103_008,-0.5,2,Car,32.49177455541708,5,5,100.0
nuscenes_mini_subset,scene-0103_008,-0.5,3,Car,31.041185504532613,1,1,100.0
nuscenes_mini_subset,scene-0103_008,-0.5,4,Car,3.1099980202469486,61,61,100.0
nuscenes_mini_subset,scene-0103_008,-0.5,5,Car,16.195541399673523,48,48,100.0
nuscenes_mini_subset,scene-0103_008,-0.5,6,TrafficCone,28.623385498545463,1,0,0.0
nuscenes_mini_subset,scene-0103_008,-0.5,7,Pedestrian,22.446000422468725,1,0,0.0
nuscenes_mini_subset,scene-0103_008,-0.5,8,Car,63.11455278116005,4,3,75.0
nuscenes_mini_subset,scene-0103_008,-0.5,9,Car,46.18092351255936,0,0,nan
nuscenes_mini_subset,scene-0103_008,-0.5,10,bicycle_rack,64.17158513422953,3,3,100.0
nuscenes_mini_subset,scene-0103_008,-0.5,11,Car,31.467980823711862,7,6,85.71428571428571
nuscenes_mini_subset,scene-0103_008,-0.5,12,Pedestrian,26.09381348712341,5,5,100.0
nuscenes_mini_subset,scene-0103_008,-0.5,13,Pedestrian,44.118542309452295,0,0,nan
nuscenes_mini_subset,scene-0103_008,-0.5,14,Truck,79.56742733586435,3,3,100.0
nuscenes_mini_subset,scene-0103_008,-0.5,15,Car,46.494319230306026,0,0,nan
nuscenes_mini_subset,scene-0103_008,-0.5,16,Pedestrian,40.401967558444014,2,1,50.0
nuscenes_mini_subset,scene-0103_008,0,0,Car,40.82451432557803,1,1,100.0
nuscenes_mini_subset,scene-0103_008,0,1,Pedestrian,22.26882686863478,2,2,100.0
nuscenes_mini_subset,scene-0103_008,0,2,Car,32.49177455541708,5,5,100.0
nuscenes_mini_subset,scene-0103_008,0,3,Car,31.041185504532613,1,1,100.0
nuscenes_mini_subset,scene-0103_008,0,4,Car,3.1099980202469486,61,61,100.0
nuscenes_mini_subset,scene-0103_008,0,5,Car,16.195541399673523,48,48,100.0
nuscenes_mini_subset,scene-0103_008,0,6,TrafficCone,28.623385498545463,1,1,100.0
nuscenes_mini_subset,scene-0103_008,0,7,Pedestrian,22.446000422468725,1,1,100.0
nuscenes_mini_subset,scene-0103_008,0,8,Car,63.11455278116005,4,4,100.0
nuscenes_mini_subset,scene-0103_008,0,9,Car,46.18092351255936,0,0,nan
nuscenes_mini_subset,scene-0103_008,0,10,bicycle_rack,64.17158513422953,3,3,100.0
nuscenes_mini_subset,scene-0103_008,0,11,Car,31.467980823711862,7,7,100.0
nuscenes_mini_subset,scene-0103_008,0,12,Pedestrian,26.09381348712341,5,5,100.0
nuscenes_mini_subset,scene-0103_008,0,13,Pedestrian,44.118542309452295,0,0,nan
nuscenes_mini_subset,scene-0103_008,0,14,Truck,79.56742733586435,3,3,100.0
nuscenes_mini_subset,scene-0103_008,0,15,Car,46.494319230306026,0,0,nan
nuscenes_mini_subset,scene-0103_008,0,16,Pedestrian,40.401967558444014,2,2,100.0
nuscenes_mini_subset,scene-0103_008,0.5,0,Car,40.82451432557803,1,0,0.0
nuscenes_mini_subset,scene-0103_008,0.5,1,Pedestrian,22.26882686863478,2,2,100.0
nuscenes_mini_subset,scene-0103_008,0.5,2,Car,32.49177455541708,5,5,100.0
nuscenes_mini_subset,scene-0103_008,0.5,3,Car,31.041185504532613,1,1,100.0
nuscenes_mini_subset,scene-0103_008,0.5,4,Car,3.1099980202469486,61,52,85.24590163934427
nuscenes_mini_subset,scene-0103_008,0.5,5,Car,16.195541399673523,48,48,100.0
nuscenes_mini_subset,scene-0103_008,0.5,6,TrafficCone,28.623385498545463,1,0,0.0
nuscenes_mini_subset,scene-0103_008,0.5,7,Pedestrian,22.446000422468725,1,1,100.0
nuscenes_mini_subset,scene-0103_008,0.5,8,Car,63.11455278116005,4,3,75.0
nuscenes_mini_subset,scene-0103_008,0.5,9,Car,46.18092351255936,0,0,nan
nuscenes_mini_subset,scene-0103_008,0.5,10,bicycle_rack,64.17158513422953,3,3,100.0
nuscenes_mini_subset,scene-0103_008,0.5,11,Car,31.467980823711862,7,7,100.0
nuscenes_mini_subset,scene-0103_008,0.5,12,Pedestrian,26.09381348712341,5,5,100.0
nuscenes_mini_subset,scene-0103_008,0.5,13,Pedestrian,44.118542309452295,0,0,nan
nuscenes_mini_subset,scene-0103_008,0.5,14,Truck,79.56742733586435,3,2,66.66666666666667
nuscenes_mini_subset,scene-0103_008,0.5,15,Car,46.494319230306026,0,0,nan
nuscenes_mini_subset,scene-0103_008,0.5,16,Pedestrian,40.401967558444014,2,1,50.0
nuscenes_mini_subset,scene-0103_008,1,0,Car,40.82451432557803,1,0,0.0
nuscenes_mini_subset,scene-0103_008,1,1,Pedestrian,22.26882686863478,2,0,0.0
nuscenes_mini_subset,scene-0103_008,1,2,Car,32.49177455541708,5,5,100.0
nuscenes_mini_subset,scene-0103_008,1,3,Car,31.041185504532613,1,1,100.0
nuscenes_mini_subset,scene-0103_008,1,4,Car,3.1099980202469486,61,42,68.85245901639344
nuscenes_mini_subset,scene-0103_008,1,5,Car,16.195541399673523,48,48,100.0
nuscenes_mini_subset,scene-0103_008,1,6,TrafficCone,28.623385498545463,1,0,0.0
nuscenes_mini_subset,scene-0103_008,1,7,Pedestrian,22.446000422468725,1,1,100.0
nuscenes_mini_subset,scene-0103_008,1,8,Car,63.11455278116005,4,1,25.0
nuscenes_mini_subset,scene-0103_008,1,9,Car,46.18092351255936,0,0,nan
nuscenes_mini_subset,scene-0103_008,1,10,bicycle_rack,64.17158513422953,3,3,100.0
nuscenes_mini_subset,scene-0103_008,1,11,Car,31.467980823711862,7,7,100.0
nuscenes_mini_subset,scene-0103_008,1,12,Pedestrian,26.09381348712341,5,4,80.0
nuscenes_mini_subset,scene-0103_008,1,13,Pedestrian,44.118542309452295,0,0,nan
nuscenes_mini_subset,scene-0103_008,1,14,Truck,79.56742733586435,3,2,66.66666666666667
nuscenes_mini_subset,scene-0103_008,1,15,Car,46.494319230306026,0,0,nan
nuscenes_mini_subset,scene-0103_008,1,16,Pedestrian,40.401967558444014,2,0,0.0
nuscenes_mini_subset,scene-0103_008,2,0,Car,40.82451432557803,1,0,0.0
nuscenes_mini_subset,scene-0103_008,2,1,Pedestrian,22.26882686863478,2,0,0.0
nuscenes_mini_subset,scene-0103_008,2,2,Car,32.49177455541708,5,4,80.0
nuscenes_mini_subset,scene-0103_008,2,3,Car,31.041185504532613,1,1,100.0
nuscenes_mini_subset,scene-0103_008,2,4,Car,3.1099980202469486,61,26,42.622950819672134
nuscenes_mini_subset,scene-0103_008,2,5,Car,16.195541399673523,48,43,89.58333333333333
nuscenes_mini_subset,scene-0103_008,2,6,TrafficCone,28.623385498545463,1,0,0.0
nuscenes_mini_subset,scene-0103_008,2,7,Pedestrian,22.446000422468725,1,0,0.0
nuscenes_mini_subset,scene-0103_008,2,8,Car,63.11455278116005,4,0,0.0
nuscenes_mini_subset,scene-0103_008,2,9,Car,46.18092351255936,0,0,nan
nuscenes_mini_subset,scene-0103_008,2,10,bicycle_rack,64.17158513422953,3,2,66.66666666666667
nuscenes_mini_subset,scene-0103_008,2,11,Car,31.467980823711862,7,5,71.42857142857143
nuscenes_mini_subset,scene-0103_008,2,12,Pedestrian,26.09381348712341,5,0,0.0
nuscenes_mini_subset,scene-0103_008,2,13,Pedestrian,44.118542309452295,0,0,nan
nuscenes_mini_subset,scene-0103_008,2,14,Truck,79.56742733586435,3,0,0.0
nuscenes_mini_subset,scene-0103_008,2,15,Car,46.494319230306026,0,0,nan
nuscenes_mini_subset,scene-0103_008,2,16,Pedestrian,40.401967558444014,2,0,0.0
nuscenes_mini_subset,scene-0103_008,3,0,Car,40.82451432557803,1,0,0.0
nuscenes_mini_subset,scene-0103_008,3,1,Pedestrian,22.26882686863478,2,0,0.0
nuscenes_mini_subset,scene-0103_008,3,2,Car,32.49177455541708,5,2,40.0
nuscenes_mini_subset,scene-0103_008,3,3,Car,31.041185504532613,1,0,0.0
nuscenes_mini_subset,scene-0103_008,3,4,Car,3.1099980202469486,61,9,14.754098360655737
nuscenes_mini_subset,scene-0103_008,3,5,Car,16.195541399673523,48,38,79.16666666666667
nuscenes_mini_subset,scene-0103_008,3,6,TrafficCone,28.623385498545463,1,0,0.0
nuscenes_mini_subset,scene-0103_008,3,7,Pedestrian,22.446000422468725,1,0,0.0
nuscenes_mini_subset,scene-0103_008,3,8,Car,63.11455278116005,4,0,0.0
nuscenes_mini_subset,scene-0103_008,3,9,Car,46.18092351255936,0,0,nan
nuscenes_mini_subset,scene-0103_008,3,10,bicycle_rack,64.17158513422953,3,0,0.0
nuscenes_mini_subset,scene-0103_008,3,11,Car,31.467980823711862,7,4,57.142857142857146
nuscenes_mini_subset,scene-0103_008,3,12,Pedestrian,26.09381348712341,5,0,0.0
nuscenes_mini_subset,scene-0103_008,3,13,Pedestrian,44.118542309452295,0,0,nan
nuscenes_mini_subset,scene-0103_008,3,14,Truck,79.56742733586435,3,0,0.0
nuscenes_mini_subset,scene-0103_008,3,15,Car,46.494319230306026,0,0,nan
nuscenes_mini_subset,scene-0103_008,3,16,Pedestrian,40.401967558444014,2,0,0.0
nuscenes_mini_subset,scene-0103_009,-3,0,Car,41.29252282182366,3,0,0.0
nuscenes_mini_subset,scene-0103_009,-3,1,Pedestrian,18.399295141568512,1,0,0.0
nuscenes_mini_subset,scene-0103_009,-3,2,Car,28.13607770564652,10,10,100.0
nuscenes_mini_subset,scene-0103_009,-3,3,Car,63.7722735102968,1,0,0.0
nuscenes_mini_subset,scene-0103_009,-3,4,Car,26.541829736456123,7,5,71.42857142857143
nuscenes_mini_subset,scene-0103_009,-3,5,Car,11.678588864906958,58,49,84.48275862068965
nuscenes_mini_subset,scene-0103_009,-3,6,TrafficCone,24.15553327526476,1,0,0.0
nuscenes_mini_subset,scene-0103_009,-3,7,Pedestrian,18.546955821124133,1,0,0.0
nuscenes_mini_subset,scene-0103_009,-3,8,Car,58.73175901435926,2,0,0.0
nuscenes_mini_subset,scene-0103_009,-3,9,Car,41.710158468776804,1,0,0.0
nuscenes_mini_subset,scene-0103_009,-3,10,bicycle_rack,59.64302297121359,0,0,nan
nuscenes_mini_subset,scene-0103_009,-3,11,Car,26.98556064334037,19,6,31.57894736842105
nuscenes_mini_subset,scene-0103_009,-3,12,Pedestrian,22.314038807169403,9,0,0.0
nuscenes_mini_subset,scene-0103_009,-3,13,Pedestrian,40.451142873701116,0,0,nan
nuscenes_mini_subset,scene-0103_009,-3,14,Truck,75.03815166180351,2,0,0.0
nuscenes_mini_subset,scene-0103_009,-3,15,Car,39.763159068496584,4,0,0.0
nuscenes_mini_subset,scene-0103_009,-3,16,Pedestrian,35.24420004330733,1,0,0.0
nuscenes_mini_subset,scene-0103_009,-2,0,Car,41.29252282182366,3,1,33.333333333333336
nuscenes_mini_subset,scene-0103_009,-2,1,Pedestrian,18.399295141568512,1,0,0.0
nuscenes_mini_subset,scene-0103_009,-2,2,Car,28.13607770564652,10,10,100.0
nuscenes_mini_subset,scene-0103_009,-2,3,Car,63.7722735102968,1,0,0.0
nuscenes_mini_subset,scene-0103_009,-2,4,Car,26.541829736456123,7,5,71.42857142857143
nuscenes_mini_subset,scene-0103_009,-2,5,Car,11.678588864906958,58,54,93.10344827586206
nuscenes_mini_subset,scene-0103_009,-2,6,TrafficCone,24.15553327526476,1,0,0.0
nuscenes_mini_subset,scene-0103_009,-2,7,Pedestrian,18.546955821124133,1,0,0.0
nuscenes_mini_subset,scene-0103_009,-2,8,Car,58.73175901435926,2,0,0.0
nuscenes_mini_subset,scene-0103_009,-2,9,Car,41.710158468776804,1,0,0.0
nuscenes_mini_subset,scene-0103_009,-2,10,bicycle_rack,59.64302297121359,0,0,nan
nuscenes_mini_subset,scene-0103_009,-2,11,Car,26.98556064334037,19,12,63.1578947368421
nuscenes_mini_subset,scene-0103_009,-2,12,Pedestrian,22.314038807169403,9,0,0.0
nuscenes_mini_subset,scene-0103_009,-2,13,Pedestrian,40.451142873701116,0,0,nan
nuscenes_mini_subset,scene-0103_009,-2,14,Truck,75.03815166180351,2,0,0.0
nuscenes_mini_subset,scene-0103_009,-2,15,Car,39.763159068496584,4,2,50.0
nuscenes_mini_subset,scene-0103_009,-2,16,Pedestrian,35.24420004330733,1,0,0.0
nuscenes_mini_subset,scene-0103_009,-1,0,Car,41.29252282182366,3,1,33.333333333333336
nuscenes_mini_subset,scene-0103_009,-1,1,Pedestrian,18.399295141568512,1,0,0.0
nuscenes_mini_subset,scene-0103_009,-1,2,Car,28.13607770564652,10,10,100.0
nuscenes_mini_subset,scene-0103_009,-1,3,Car,63.7722735102968,1,0,0.0
nuscenes_mini_subset,scene-0103_009,-1,4,Car,26.541829736456123,7,7,100.0
nuscenes_mini_subset,scene-0103_009,-1,5,Car,11.678588864906958,58,58,100.0
nuscenes_mini_subset,scene-0103_009,-1,6,TrafficCone,24.15553327526476,1,0,0.0
nuscenes_mini_subset,scene-0103_009,-1,7,Pedestrian,18.546955821124133,1,0,0.0
nuscenes_mini_subset,scene-0103_009,-1,8,Car,58.73175901435926,2,0,0.0
nuscenes_mini_subset,scene-0103_009,-1,9,Car,41.710158468776804,1,0,0.0
nuscenes_mini_subset,scene-0103_009,-1,10,bicycle_rack,59.64302297121359,0,0,nan
nuscenes_mini_subset,scene-0103_009,-1,11,Car,26.98556064334037,19,17,89.47368421052632
nuscenes_mini_subset,scene-0103_009,-1,12,Pedestrian,22.314038807169403,9,5,55.55555555555556
nuscenes_mini_subset,scene-0103_009,-1,13,Pedestrian,40.451142873701116,0,0,nan
nuscenes_mini_subset,scene-0103_009,-1,14,Truck,75.03815166180351,2,1,50.0
nuscenes_mini_subset,scene-0103_009,-1,15,Car,39.763159068496584,4,3,75.0
nuscenes_mini_subset,scene-0103_009,-1,16,Pedestrian,35.24420004330733,1,0,0.0
nuscenes_mini_subset,scene-0103_009,-0.5,0,Car,41.29252282182366,3,2,66.66666666666667
nuscenes_mini_subset,scene-0103_009,-0.5,1,Pedestrian,18.399295141568512,1,1,100.0
nuscenes_mini_subset,scene-0103_009,-0.5,2,Car,28.13607770564652,10,10,100.0
nuscenes_mini_subset,scene-0103_009,-0.5,3,Car,63.7722735102968,1,1,100.0
nuscenes_mini_subset,scene-0103_009,-0.5,4,Car,26.541829736456123,7,7,100.0
nuscenes_mini_subset,scene-0103_009,-0.5,5,Car,11.678588864906958,58,58,100.0
nuscenes_mini_subset,scene-0103_009,-0.5,6,TrafficCone,24.15553327526476,1,0,0.0
nuscenes_mini_subset,scene-0103_009,-0.5,7,Pedestrian,18.546955821124133,1,0,0.0
nuscenes_mini_subset,scene-0103_009,-0.5,8,Car,58.73175901435926,2,1,50.0
nuscenes_mini_subset,scene-0103_009,-0.5,9,Car,41.710158468776804,1,0,0.0
nuscenes_mini_subset,scene-0103_009,-0.5,10,bicycle_rack,59.64302297121359,0,0,nan
nuscenes_mini_subset,scene-0103_009,-0.5,11,Car,26.98556064334037,19,19,100.0
nuscenes_mini_subset,scene-0103_009,-0.5,12,Pedestrian,22.314038807169403,9,8,88.88888888888889
nuscenes_mini_subset,scene-0103_009,-0.5,13,Pedestrian,40.451142873701116,0,0,nan
nuscenes_mini_subset,scene-0103_009,-0.5,14,Truck,75.03815166180351,2,2,100.0
nuscenes_mini_subset,scene-0103_009,-0.5,15,Car,39.763159068496584,4,4,100.0
nuscenes_mini_subset,scene-0103_009,-0.5,16,Pedestrian,35.24420004330733,1,0,0.0
nuscenes_mini_subset,scene-0103_009,0,0,Car,41.29252282182366,3,3,100.0
nuscenes_mini_subset,scene-0103_009,0,1,Pedestrian,18.399295141568512,1,1,100.0
nuscenes_mini_subset,scene-0103_009,0,2,Car,28.13607770564652,10,10,100.0
nuscenes_mini_subset,scene-0103_009,0,3,Car,63.7722735102968,1,1,100.0
nuscenes_mini_subset,scene-0103_009,0,4,Car,26.541829736456123,7,7,100.0
nuscenes_mini_subset,scene-0103_009,0,5,Car,11.678588864906958,58,58,100.0
nuscenes_mini_subset,scene-0103_009,0,6,TrafficCone,24.15553327526476,1,1,100.0
nuscenes_mini_subset,scene-0103_009,0,7,Pedestrian,18.546955821124133,1,1,100.0
nuscenes_mini_subset,scene-0103_009,0,8,Car,58.73175901435926,2,2,100.0
nuscenes_mini_subset,scene-0103_009,0,9,Car,41.710158468776804,1,1,100.0
nuscenes_mini_subset,scene-0103_009,0,10,bicycle_rack,59.64302297121359,0,0,nan
nuscenes_mini_subset,scene-0103_009,0,11,Car,26.98556064334037,19,19,100.0
nuscenes_mini_subset,scene-0103_009,0,12,Pedestrian,22.314038807169403,9,9,100.0
nuscenes_mini_subset,scene-0103_009,0,13,Pedestrian,40.451142873701116,0,0,nan
nuscenes_mini_subset,scene-0103_009,0,14,Truck,75.03815166180351,2,2,100.0
nuscenes_mini_subset,scene-0103_009,0,15,Car,39.763159068496584,4,4,100.0
nuscenes_mini_subset,scene-0103_009,0,16,Pedestrian,35.24420004330733,1,1,100.0
nuscenes_mini_subset,scene-0103_009,0.5,0,Car,41.29252282182366,3,3,100.0
nuscenes_mini_subset,scene-0103_009,0.5,1,Pedestrian,18.399295141568512,1,0,0.0
nuscenes_mini_subset,scene-0103_009,0.5,2,Car,28.13607770564652,10,10,100.0
nuscenes_mini_subset,scene-0103_009,0.5,3,Car,63.7722735102968,1,1,100.0
nuscenes_mini_subset,scene-0103_009,0.5,4,Car,26.541829736456123,7,7,100.0
nuscenes_mini_subset,scene-0103_009,0.5,5,Car,11.678588864906958,58,53,91.37931034482759
nuscenes_mini_subset,scene-0103_009,0.5,6,TrafficCone,24.15553327526476,1,1,100.0
nuscenes_mini_subset,scene-0103_009,0.5,7,Pedestrian,18.546955821124133,1,0,0.0
nuscenes_mini_subset,scene-0103_009,0.5,8,Car,58.73175901435926,2,2,100.0
nuscenes_mini_subset,scene-0103_009,0.5,9,Car,41.710158468776804,1,1,100.0
nuscenes_mini_subset,scene-0103_009,0.5,10,bicycle_rack,59.64302297121359,0,0,nan
nuscenes_mini_subset,scene-0103_009,0.5,11,Car,26.98556064334037,19,19,100.0
nuscenes_mini_subset,scene-0103_009,0.5,12,Pedestrian,22.314038807169403,9,9,100.0
nuscenes_mini_subset,scene-0103_009,0.5,13,Pedestrian,40.451142873701116,0,0,nan
nuscenes_mini_subset,scene-0103_009,0.5,14,Truck,75.03815166180351,2,2,100.0
nuscenes_mini_subset,scene-0103_009,0.5,15,Car,39.763159068496584,4,4,100.0
nuscenes_mini_subset,scene-0103_009,0.5,16,Pedestrian,35.24420004330733,1,1,100.0
nuscenes_mini_subset,scene-0103_009,1,0,Car,41.29252282182366,3,2,66.66666666666667
nuscenes_mini_subset,scene-0103_009,1,1,Pedestrian,18.399295141568512,1,0,0.0
nuscenes_mini_subset,scene-0103_009,1,2,Car,28.13607770564652,10,10,100.0
nuscenes_mini_subset,scene-0103_009,1,3,Car,63.7722735102968,1,1,100.0
nuscenes_mini_subset,scene-0103_009,1,4,Car,26.541829736456123,7,7,100.0
nuscenes_mini_subset,scene-0103_009,1,5,Car,11.678588864906958,58,49,84.48275862068965
nuscenes_mini_subset,scene-0103_009,1,6,TrafficCone,24.15553327526476,1,0,0.0
nuscenes_mini_subset,scene-0103_009,1,7,Pedestrian,18.546955821124133,1,0,0.0
nuscenes_mini_subset,scene-0103_009,1,8,Car,58.73175901435926,2,1,50.0
nuscenes_mini_subset,scene-0103_009,1,9,Car,41.710158468776804,1,1,100.0
nuscenes_mini_subset,scene-0103_009,1,10,bicycle_rack,59.64302297121359,0,0,nan
nuscenes_mini_subset,scene-0103_009,1,11,Car,26.98556064334037,19,18,94.73684210526316
nuscenes_mini_subset,scene-0103_009,1,12,Pedestrian,22.314038807169403,9,7,77.77777777777777
nuscenes_mini_subset,scene-0103_009,1,13,Pedestrian,40.451142873701116,0,0,nan
nuscenes_mini_subset,scene-0103_009,1,14,Truck,75.03815166180351,2,2,100.0
nuscenes_mini_subset,scene-0103_009,1,15,Car,39.763159068496584,4,2,50.0
nuscenes_mini_subset,scene-0103_009,1,16,Pedestrian,35.24420004330733,1,1,100.0
nuscenes_mini_subset,scene-0103_009,2,0,Car,41.29252282182366,3,2,66.66666666666667
nuscenes_mini_subset,scene-0103_009,2,1,Pedestrian,18.399295141568512,1,0,0.0
nuscenes_mini_subset,scene-0103_009,2,2,Car,28.13607770564652,10,9,90.0
nuscenes_mini_subset,scene-0103_009,2,3,Car,63.7722735102968,1,0,0.0
nuscenes_mini_subset,scene-0103_009,2,4,Car,26.541829736456123,7,6,85.71428571428571
nuscenes_mini_subset,scene-0103_009,2,5,Car,11.678588864906958,58,40,68.96551724137932
nuscenes_mini_subset,scene-0103_009,2,6,TrafficCone,24.15553327526476,1,0,0.0
nuscenes_mini_subset,scene-0103_009,2,7,Pedestrian,18.546955821124133,1,0,0.0
nuscenes_mini_subset,scene-0103_009,2,8,Car,58.73175901435926,2,0,0.0
nuscenes_mini_subset,scene-0103_009,2,9,Car,41.710158468776804,1,1,100.0
nuscenes_mini_subset,scene-0103_009,2,10,bicycle_rack,59.64302297121359,0,0,nan
nuscenes_mini_subset,scene-0103_009,2,11,Car,26.98556064334037,19,16,84.21052631578948
nuscenes_mini_subset,scene-0103_009,2,12,Pedestrian,22.314038807169403,9,0,0.0
nuscenes_mini_subset,scene-0103_009,2,13,Pedestrian,40.451142873701116,0,0,nan
nuscenes_mini_subset,scene-0103_009,2,14,Truck,75.03815166180351,2,0,0.0
nuscenes_mini_subset,scene-0103_009,2,15,Car,39.763159068496584,4,1,25.0
nuscenes_mini_subset,scene-0103_009,2,16,Pedestrian,35.24420004330733,1,0,0.0
nuscenes_mini_subset,scene-0103_009,3,0,Car,41.29252282182366,3,0,0.0
nuscenes_mini_subset,scene-0103_009,3,1,Pedestrian,18.399295141568512,1,0,0.0
nuscenes_mini_subset,scene-0103_009,3,2,Car,28.13607770564652,10,9,90.0
nuscenes_mini_subset,scene-0103_009,3,3,Car,63.7722735102968,1,0,0.0
nuscenes_mini_subset,scene-0103_009,3,4,Car,26.541829736456123,7,6,85.71428571428571
nuscenes_mini_subset,scene-0103_009,3,5,Car,11.678588864906958,58,30,51.724137931034484
nuscenes_mini_subset,scene-0103_009,3,6,TrafficCone,24.15553327526476,1,0,0.0
nuscenes_mini_subset,scene-0103_009,3,7,Pedestrian,18.546955821124133,1,0,0.0
nuscenes_mini_subset,scene-0103_009,3,8,Car,58.73175901435926,2,0,0.0
nuscenes_mini_subset,scene-0103_009,3,9,Car,41.710158468776804,1,1,100.0
nuscenes_mini_subset,scene-0103_009,3,10,bicycle_rack,59.64302297121359,0,0,nan
nuscenes_mini_subset,scene-0103_009,3,11,Car,26.98556064334037,19,11,57.89473684210526
nuscenes_mini_subset,scene-0103_009,3,12,Pedestrian,22.314038807169403,9,0,0.0
nuscenes_mini_subset,scene-0103_009,3,13,Pedestrian,40.451142873701116,0,0,nan
nuscenes_mini_subset,scene-0103_009,3,14,Truck,75.03815166180351,2,0,0.0
nuscenes_mini_subset,scene-0103_009,3,15,Car,39.763159068496584,4,0,0.0
nuscenes_mini_subset,scene-0103_009,3,16,Pedestrian,35.24420004330733,1,0,0.0
nuscenes_mini_subset,scene-0103_010,-3,0,Car,41.49445758359534,7,0,0.0
nuscenes_mini_subset,scene-0103_010,-3,1,Car,23.885106537554805,38,35,92.10526315789474
nuscenes_mini_subset,scene-0103_010,-3,2,Car,59.31101057068088,0,0,nan
nuscenes_mini_subset,scene-0103_010,-3,3,Car,22.178363353038343,15,9,60.0
nuscenes_mini_subset,scene-0103_010,-3,4,Car,7.372378025447919,0,0,nan
nuscenes_mini_subset,scene-0103_010,-3,5,TrafficCone,19.728926174634534,0,0,nan
nuscenes_mini_subset,scene-0103_010,-3,6,Car,54.30388120676996,0,0,nan
nuscenes_mini_subset,scene-0103_010,-3,7,Car,37.30044739804211,1,0,0.0
nuscenes_mini_subset,scene-0103_010,-3,8,bicycle_rack,55.25926225179716,5,0,0.0
nuscenes_mini_subset,scene-0103_010,-3,9,Car,22.557546481165456,25,12,48.0
nuscenes_mini_subset,scene-0103_010,-3,10,Pedestrian,18.548739493880504,9,0,0.0
nuscenes_mini_subset,scene-0103_010,-3,11,Pedestrian,36.80142130661973,2,0,0.0
nuscenes_mini_subset,scene-0103_010,-3,12,Truck,70.6537245540867,4,0,0.0
nuscenes_mini_subset,scene-0103_010,-3,13,Car,34.92573391776142,0,0,nan
nuscenes_mini_subset,scene-0103_010,-3,14,Pedestrian,30.109047456404813,3,0,0.0
nuscenes_mini_subset,scene-0103_010,-2,0,Car,41.49445758359534,7,2,28.571428571428573
nuscenes_mini_subset,scene-0103_010,-2,1,Car,23.885106537554805,38,38,100.0
nuscenes_mini_subset,scene-0103_010,-2,2,Car,59.31101057068088,0,0,nan
nuscenes_mini_subset,scene-0103_010,-2,3,Car,22.178363353038343,15,12,80.0
nuscenes_mini_subset,scene-0103_010,-2,4,Car,7.372378025447919,0,0,nan
nuscenes_mini_subset,scene-0103_010,-2,5,TrafficCone,19.728926174634534,0,0,nan
nuscenes_mini_subset,scene-0103_010,-2,6,Car,54.30388120676996,0,0,nan
nuscenes_mini_subset,scene-0103_010,-2,7,Car,37.30044739804211,1,0,0.0
nuscenes_mini_subset,scene-0103_010,-2,8,bicycle_rack,55.25926225179716,5,3,60.0
nuscenes_mini_subset,scene-0103_010,-2,9,Car,22.557546481165456,25,18,72.0
nuscenes_mini_subset,scene-0103_010,-2,10,Pedestrian,18.548739493880504,9,2,22.22222222222222
nuscenes_mini_subset,scene-0103_010,-2,11,Pedestrian,36.80142130661973,2,0,0.0
nuscenes_mini_subset,scene-0103_010,-2,12,Truck,70.6537245540867,4,1,25.0
nuscenes_mini_subset,scene-0103_010,-2,13,Car,34.92573391776142,0,0,nan
nuscenes_mini_subset,scene-0103_010,-2,14,Pedestrian,30.109047456404813,3,0,0.0
nuscenes_mini_subset,scene-0103_010,-1,0,Car,41.49445758359534,7,5,71.42857142857143
nuscenes_mini_subset,scene-0103_010,-1,1,Car,23.885106537554805,38,38,100.0
nuscenes_mini_subset,scene-0103_010,-1,2,Car,59.31101057068088,0,0,nan
nuscenes_mini_subset,scene-0103_010,-1,3,Car,22.178363353038343,15,15,100.0
nuscenes_mini_subset,scene-0103_010,-1,4,Car,7.372378025447919,0,0,nan
nuscenes_mini_subset,scene-0103_010,-1,5,TrafficCone,19.728926174634534,0,0,nan
nuscenes_mini_subset,scene-0103_010,-1,6,Car,54.30388120676996,0,0,nan
nuscenes_mini_subset,scene-0103_010,-1,7,Car,37.30044739804211,1,0,0.0
nuscenes_mini_subset,scene-0103_010,-1,8,bicycle_rack,55.25926225179716,5,5,100.0
nuscenes_mini_subset,scene-0103_010,-1,9,Car,22.557546481165456,25,24,96.0
nuscenes_mini_subset,scene-0103_010,-1,10,Pedestrian,18.548739493880504,9,8,88.88888888888889
nuscenes_mini_subset,scene-0103_010,-1,11,Pedestrian,36.80142130661973,2,0,0.0
nuscenes_mini_subset,scene-0103_010,-1,12,Truck,70.6537245540867,4,2,50.0
nuscenes_mini_subset,scene-0103_010,-1,13,Car,34.92573391776142,0,0,nan
nuscenes_mini_subset,scene-0103_010,-1,14,Pedestrian,30.109047456404813,3,0,0.0
nuscenes_mini_subset,scene-0103_010,-0.5,0,Car,41.49445758359534,7,7,100.0
nuscenes_mini_subset,scene-0103_010,-0.5,1,Car,23.885106537554805,38,38,100.0
nuscenes_mini_subset,scene-0103_010,-0.5,2,Car,59.31101057068088,0,0,nan
nuscenes_mini_subset,scene-0103_010,-0.5,3,Car,22.178363353038343,15,15,100.0
nuscenes_mini_subset,scene-0103_010,-0.5,4,Car,7.372378025447919,0,0,nan
nuscenes_mini_subset,scene-0103_010,-0.5,5,TrafficCone,19.728926174634534,0,0,nan
nuscenes_mini_subset,scene-0103_010,-0.5,6,Car,54.30388120676996,0,0,nan
nuscenes_mini_subset,scene-0103_010,-0.5,7,Car,37.30044739804211,1,1,100.0
nuscenes_mini_subset,scene-0103_010,-0.5,8,bicycle_rack,55.25926225179716,5,5,100.0
nuscenes_mini_subset,scene-0103_010,-0.5,9,Car,22.557546481165456,25,25,100.0
nuscenes_mini_subset,scene-0103_010,-0.5,10,Pedestrian,18.548739493880504,9,9,100.0
nuscenes_mini_subset,scene-0103_010,-0.5,11,Pedestrian,36.80142130661973,2,1,50.0
nuscenes_mini_subset,scene-0103_010,-0.5,12,Truck,70.6537245540867,4,4,100.0
nuscenes_mini_subset,scene-0103_010,-0.5,13,Car,34.92573391776142,0,0,nan
nuscenes_mini_subset,scene-0103_010,-0.5,14,Pedestrian,30.109047456404813,3,1,33.333333333333336
nuscenes_mini_subset,scene-0103_010,0,0,Car,41.49445758359534,7,7,100.0
nuscenes_mini_subset,scene-0103_010,0,1,Car,23.885106537554805,38,38,100.0
nuscenes_mini_subset,scene-0103_010,0,2,Car,59.31101057068088,0,0,nan
nuscenes_mini_subset,scene-0103_010,0,3,Car,22.178363353038343,15,15,100.0
nuscenes_mini_subset,scene-0103_010,0,4,Car,7.372378025447919,0,0,nan
nuscenes_mini_subset,scene-0103_010,0,5,TrafficCone,19.728926174634534,0,0,nan
nuscenes_mini_subset,scene-0103_010,0,6,Car,54.30388120676996,0,0,nan
nuscenes_mini_subset,scene-0103_010,0,7,Car,37.30044739804211,1,1,100.0
nuscenes_mini_subset,scene-0103_010,0,8,bicycle_rack,55.25926225179716,5,5,100.0
nuscenes_mini_subset,scene-0103_010,0,9,Car,22.557546481165456,25,25,100.0
nuscenes_mini_subset,scene-0103_010,0,10,Pedestrian,18.548739493880504,9,9,100.0
nuscenes_mini_subset,scene-0103_010,0,11,Pedestrian,36.80142130661973,2,2,100.0
nuscenes_mini_subset,scene-0103_010,0,12,Truck,70.6537245540867,4,4,100.0
nuscenes_mini_subset,scene-0103_010,0,13,Car,34.92573391776142,0,0,nan
nuscenes_mini_subset,scene-0103_010,0,14,Pedestrian,30.109047456404813,3,3,100.0
nuscenes_mini_subset,scene-0103_010,0.5,0,Car,41.49445758359534,7,6,85.71428571428571
nuscenes_mini_subset,scene-0103_010,0.5,1,Car,23.885106537554805,38,38,100.0
nuscenes_mini_subset,scene-0103_010,0.5,2,Car,59.31101057068088,0,0,nan
nuscenes_mini_subset,scene-0103_010,0.5,3,Car,22.178363353038343,15,14,93.33333333333333
nuscenes_mini_subset,scene-0103_010,0.5,4,Car,7.372378025447919,0,0,nan
nuscenes_mini_subset,scene-0103_010,0.5,5,TrafficCone,19.728926174634534,0,0,nan
nuscenes_mini_subset,scene-0103_010,0.5,6,Car,54.30388120676996,0,0,nan
nuscenes_mini_subset,scene-0103_010,0.5,7,Car,37.30044739804211,1,1,100.0
nuscenes_mini_subset,scene-0103_010,0.5,8,bicycle_rack,55.25926225179716,5,5,100.0
nuscenes_mini_subset,scene-0103_010,0.5,9,Car,22.557546481165456,25,25,100.0
nuscenes_mini_subset,scene-0103_010,0.5,10,Pedestrian,18.548739493880504,9,8,88.88888888888889
nuscenes_mini_subset,scene-0103_010,0.5,11,Pedestrian,36.80142130661973,2,1,50.0
nuscenes_mini_subset,scene-0103_010,0.5,12,Truck,70.6537245540867,4,4,100.0
nuscenes_mini_subset,scene-0103_010,0.5,13,Car,34.92573391776142,0,0,nan
nuscenes_mini_subset,scene-0103_010,0.5,14,Pedestrian,30.109047456404813,3,3,100.0
nuscenes_mini_subset,scene-0103_010,1,0,Car,41.49445758359534,7,4,57.142857142857146
nuscenes_mini_subset,scene-0103_010,1,1,Car,23.885106537554805,38,38,100.0
nuscenes_mini_subset,scene-0103_010,1,2,Car,59.31101057068088,0,0,nan
nuscenes_mini_subset,scene-0103_010,1,3,Car,22.178363353038343,15,12,80.0
nuscenes_mini_subset,scene-0103_010,1,4,Car,7.372378025447919,0,0,nan
nuscenes_mini_subset,scene-0103_010,1,5,TrafficCone,19.728926174634534,0,0,nan
nuscenes_mini_subset,scene-0103_010,1,6,Car,54.30388120676996,0,0,nan
nuscenes_mini_subset,scene-0103_010,1,7,Car,37.30044739804211,1,1,100.0
nuscenes_mini_subset,scene-0103_010,1,8,bicycle_rack,55.25926225179716,5,5,100.0
nuscenes_mini_subset,scene-0103_010,1,9,Car,22.557546481165456,25,24,96.0
nuscenes_mini_subset,scene-0103_010,1,10,Pedestrian,18.548739493880504,9,7,77.77777777777777
nuscenes_mini_subset,scene-0103_010,1,11,Pedestrian,36.80142130661973,2,0,0.0
nuscenes_mini_subset,scene-0103_010,1,12,Truck,70.6537245540867,4,3,75.0
nuscenes_mini_subset,scene-0103_010,1,13,Car,34.92573391776142,0,0,nan
nuscenes_mini_subset,scene-0103_010,1,14,Pedestrian,30.109047456404813,3,2,66.66666666666667
nuscenes_mini_subset,scene-0103_010,2,0,Car,41.49445758359534,7,1,14.285714285714286
nuscenes_mini_subset,scene-0103_010,2,1,Car,23.885106537554805,38,37,97.36842105263158
nuscenes_mini_subset,scene-0103_010,2,2,Car,59.31101057068088,0,0,nan
nuscenes_mini_subset,scene-0103_010,2,3,Car,22.178363353038343,15,7,46.666666666666664
nuscenes_mini_subset,scene-0103_010,2,4,Car,7.372378025447919,0,0,nan
nuscenes_mini_subset,scene-0103_010,2,5,TrafficCone,19.728926174634534,0,0,nan
nuscenes_mini_subset,scene-0103_010,2,6,Car,54.30388120676996,0,0,nan
nuscenes_mini_subset,scene-0103_010,2,7,Car,37.30044739804211,1,1,100.0
nuscenes_mini_subset,scene-0103_010,2,8,bicycle_rack,55.25926225179716,5,2,40.0
nuscenes_mini_subset,scene-0103_010,2,9,Car,22.557546481165456,25,22,88.0
nuscenes_mini_subset,scene-0103_010,2,10,Pedestrian,18.548739493880504,9,1,11.11111111111111
nuscenes_mini_subset,scene-0103_010,2,11,Pedestrian,36.80142130661973,2,0,0.0
nuscenes_mini_subset,scene-0103_010,2,12,Truck,70.6537245540867,4,1,25.0
nuscenes_mini_subset,scene-0103_010,2,13,Car,34.92573391776142,0,0,nan
nuscenes_mini_subset,scene-0103_010,2,14,Pedestrian,30.109047456404813,3,0,0.0
nuscenes_mini_subset,scene-0103_010,3,0,Car,41.49445758359534,7,0,0.0
nuscenes_mini_subset,scene-0103_010,3,1,Car,23.885106537554805,38,34,89.47368421052632
nuscenes_mini_subset,scene-0103_010,3,2,Car,59.31101057068088,0,0,nan
nuscenes_mini_subset,scene-0103_010,3,3,Car,22.178363353038343,15,4,26.666666666666668
nuscenes_mini_subset,scene-0103_010,3,4,Car,7.372378025447919,0,0,nan
nuscenes_mini_subset,scene-0103_010,3,5,TrafficCone,19.728926174634534,0,0,nan
nuscenes_mini_subset,scene-0103_010,3,6,Car,54.30388120676996,0,0,nan
nuscenes_mini_subset,scene-0103_010,3,7,Car,37.30044739804211,1,1,100.0
nuscenes_mini_subset,scene-0103_010,3,8,bicycle_rack,55.25926225179716,5,0,0.0
nuscenes_mini_subset,scene-0103_010,3,9,Car,22.557546481165456,25,19,76.0
nuscenes_mini_subset,scene-0103_010,3,10,Pedestrian,18.548739493880504,9,0,0.0
nuscenes_mini_subset,scene-0103_010,3,11,Pedestrian,36.80142130661973,2,0,0.0
nuscenes_mini_subset,scene-0103_010,3,12,Truck,70.6537245540867,4,0,0.0
nuscenes_mini_subset,scene-0103_010,3,13,Car,34.92573391776142,0,0,nan
nuscenes_mini_subset,scene-0103_010,3,14,Pedestrian,30.109047456404813,3,0,0.0
nuscenes_mini_subset,scene-0103_011,-3,0,Car,43.59372621188177,1,0,0.0
nuscenes_mini_subset,scene-0103_011,-3,1,Car,20.06228012839385,45,40,88.88888888888889
nuscenes_mini_subset,scene-0103_011,-3,2,Car,55.33962539693737,1,0,0.0
nuscenes_mini_subset,scene-0103_011,-3,3,Car,18.29823777132242,1,0,0.0
nuscenes_mini_subset,scene-0103_011,-3,4,TrafficCone,15.780462203901086,0,0,nan
nuscenes_mini_subset,scene-0103_011,-3,5,Car,50.35033008205011,1,0,0.0
nuscenes_mini_subset,scene-0103_011,-3,6,Car,33.375857414926834,1,0,0.0
nuscenes_mini_subset,scene-0103_011,-3,7,bicycle_rack,51.328063089743296,1,0,0.0
nuscenes_mini_subset,scene-0103_011,-3,8,Car,18.66238761912341,34,22,64.70588235294117
nuscenes_mini_subset,scene-0103_011,-3,9,Pedestrian,15.267278719160284,12,0,0.0
nuscenes_mini_subset,scene-0103_011,-3,10,Pedestrian,33.63384640517736,2,0,0.0
nuscenes_mini_subset,scene-0103_011,-3,11,Truck,66.76290648085009,3,0,0.0
nuscenes_mini_subset,scene-0103_011,-3,12,Car,30.549544482765935,1,0,0.0
nuscenes_mini_subset,scene-0103_011,-3,13,Pedestrian,25.49788042892648,3,0,0.0
nuscenes_mini_subset,scene-0103_011,-2,0,Car,43.59372621188177,1,0,0.0
nuscenes_mini_subset,scene-0103_011,-2,1,Car,20.06228012839385,45,45,100.0
nuscenes_mini_subset,scene-0103_011,-2,2,Car,55.33962539693737,1,0,0.0
nuscenes_mini_subset,scene-0103_011,-2,3,Car,18.29823777132242,1,0,0.0
nuscenes_mini_subset,scene-0103_011,-2,4,TrafficCone,15.780462203901086,0,0,nan
nuscenes_mini_subset,scene-0103_011,-2,5,Car,50.35033008205011,1,0,0.0
nuscenes_mini_subset,scene-0103_011,-2,6,Car,33.375857414926834,1,0,0.0
nuscenes_mini_subset,scene-0103_011,-2,7,bicycle_rack,51.328063089743296,1,0,0.0
nuscenes_mini_subset,scene-0103_011,-2,8,Car,18.66238761912341,34,27,79.41176470588235
nuscenes_mini_subset,scene-0103_011,-2,9,Pedestrian,15.267278719160284,12,0,0.0
nuscenes_mini_subset,scene-0103_011,-2,10,Pedestrian,33.63384640517736,2,0,0.0
nuscenes_mini_subset,scene-0103_011,-2,11,Truck,66.76290648085009,3,0,0.0
nuscenes_mini_subset,scene-0103_011,-2,12,Car,30.549544482765935,1,0,0.0
nuscenes_mini_subset,scene-0103_011,-2,13,Pedestrian,25.49788042892648,3,0,0.0
nuscenes_mini_subset,scene-0103_011,-1,0,Car,43.59372621188177,1,0,0.0
nuscenes_mini_subset,scene-0103_011,-1,1,Car,20.06228012839385,45,45,100.0
nuscenes_mini_subset,scene-0103_011,-1,2,Car,55.33962539693737,1,1,100.0
nuscenes_mini_subset,scene-0103_011,-1,3,Car,18.29823777132242,1,0,0.0
nuscenes_mini_subset,scene-0103_011,-1,4,TrafficCone,15.780462203901086,0,0,nan
nuscenes_mini_subset,scene-0103_011,-1,5,Car,50.35033008205011,1,1,100.0
nuscenes_mini_subset,scene-0103_011,-1,6,Car,33.375857414926834,1,1,100.0
nuscenes_mini_subset,scene-0103_011,-1,7,bicycle_rack,51.328063089743296,1,0,0.0
nuscenes_mini_subset,scene-0103_011,-1,8,Car,18.66238761912341,34,33,97.05882352941177
nuscenes_mini_subset,scene-0103_011,-1,9,Pedestrian,15.267278719160284,12,4,33.333333333333336
nuscenes_mini_subset,scene-0103_011,-1,10,Pedestrian,33.63384640517736,2,0,0.0
nuscenes_mini_subset,scene-0103_011,-1,11,Truck,66.76290648085009,3,2,66.66666666666667
nuscenes_mini_subset,scene-0103_011,-1,12,Car,30.549544482765935,1,1,100.0
nuscenes_mini_subset,scene-0103_011,-1,13,Pedestrian,25.49788042892648,3,1,33.333333333333336
nuscenes_mini_subset,scene-0103_011,-0.5,0,Car,43.59372621188177,1,0,0.0
nuscenes_mini_subset,scene-0103_011,-0.5,1,Car,20.06228012839385,45,45,100.0
nuscenes_mini_subset,scene-0103_011,-0.5,2,Car,55.33962539693737,1,1,100.0
nuscenes_mini_subset,scene-0103_011,-0.5,3,Car,18.29823777132242,1,0,0.0
nuscenes_mini_subset,scene-0103_011,-0.5,4,TrafficCone,15.780462203901086,0,0,nan
nuscenes_mini_subset,scene-0103_011,-0.5,5,Car,50.35033008205011,1,1,100.0
nuscenes_mini_subset,scene-0103_011,-0.5,6,Car,33.375857414926834,1,1,100.0
nuscenes_mini_subset,scene-0103_011,-0.5,7,bicycle_rack,51.328063089743296,1,0,0.0
nuscenes_mini_subset,scene-0103_011,-0.5,8,Car,18.66238761912341,34,34,100.0
nuscenes_mini_subset,scene-0103_011,-0.5,9,Pedestrian,15.267278719160284,12,8,66.66666666666667
nuscenes_mini_subset,scene-0103_011,-0.5,10,Pedestrian,33.63384640517736,2,1,50.0
nuscenes_mini_subset,scene-0103_011,-0.5,11,Truck,66.76290648085009,3,3,100.0
nuscenes_mini_subset,scene-0103_011,-0.5,12,Car,30.549544482765935,1,1,100.0
nuscenes_mini_subset,scene-0103_011,-0.5,13,Pedestrian,25.49788042892648,3,2,66.66666666666667
nuscenes_mini_subset,scene-0103_011,0,0,Car,43.59372621188177,1,1,100.0
nuscenes_mini_subset,scene-0103_011,0,1,Car,20.06228012839385,45,45,100.0
nuscenes_mini_subset,scene-0103_011,0,2,Car,55.33962539693737,1,1,100.0
nuscenes_mini_subset,scene-0103_011,0,3,Car,18.29823777132242,1,1,100.0
nuscenes_mini_subset,scene-0103_011,0,4,TrafficCone,15.780462203901086,0,0,nan
nuscenes_mini_subset,scene-0103_011,0,5,Car,50.35033008205011,1,1,100.0
nuscenes_mini_subset,scene-0103_011,0,6,Car,33.375857414926834,1,1,100.0
nuscenes_mini_subset,scene-0103_011,0,7,bicycle_rack,51.328063089743296,1,1,100.0
nuscenes_mini_subset,scene-0103_011,0,8,Car,18.66238761912341,34,34,100.0
nuscenes_mini_subset,scene-0103_011,0,9,Pedestrian,15.267278719160284,12,12,100.0
nuscenes_mini_subset,scene-0103_011,0,10,Pedestrian,33.63384640517736,2,2,100.0
nuscenes_mini_subset,scene-0103_011,0,11,Truck,66.76290648085009,3,3,100.0
nuscenes_mini_subset,scene-0103_011,0,12,Car,30.549544482765935,1,1,100.0
nuscenes_mini_subset,scene-0103_011,0,13,Pedestrian,25.49788042892648,3,3,100.0
nuscenes_mini_subset,scene-0103_011,0.5,0,Car,43.59372621188177,1,1,100.0
nuscenes_mini_subset,scene-0103_011,0.5,1,Car,20.06228012839385,45,45,100.0
nuscenes_mini_subset,scene-0103_011,0.5,2,Car,55.33962539693737,1,1,100.0
nuscenes_mini_subset,scene-0103_011,0.5,3,Car,18.29823777132242,1,1,100.0
nuscenes_mini_subset,scene-0103_011,0.5,4,TrafficCone,15.780462203901086,0,0,nan
nuscenes_mini_subset,scene-0103_011,0.5,5,Car,50.35033008205011,1,1,100.0
nuscenes_mini_subset,scene-0103_011,0.5,6,Car,33.375857414926834,1,1,100.0
nuscenes_mini_subset,scene-0103_011,0.5,7,bicycle_rack,51.328063089743296,1,1,100.0
nuscenes_mini_subset,scene-0103_011,0.5,8,Car,18.66238761912341,34,34,100.0
nuscenes_mini_subset,scene-0103_011,0.5,9,Pedestrian,15.267278719160284,12,12,100.0
nuscenes_mini_subset,scene-0103_011,0.5,10,Pedestrian,33.63384640517736,2,1,50.0
nuscenes_mini_subset,scene-0103_011,0.5,11,Truck,66.76290648085009,3,3,100.0
nuscenes_mini_subset,scene-0103_011,0.5,12,Car,30.549544482765935,1,1,100.0
nuscenes_mini_subset,scene-0103_011,0.5,13,Pedestrian,25.49788042892648,3,3,100.0
nuscenes_mini_subset,scene-0103_011,1,0,Car,43.59372621188177,1,1,100.0
nuscenes_mini_subset,scene-0103_011,1,1,Car,20.06228012839385,45,45,100.0
nuscenes_mini_subset,scene-0103_011,1,2,Car,55.33962539693737,1,1,100.0
nuscenes_mini_subset,scene-0103_011,1,3,Car,18.29823777132242,1,0,0.0
nuscenes_mini_subset,scene-0103_011,1,4,TrafficCone,15.780462203901086,0,0,nan
nuscenes_mini_subset,scene-0103_011,1,5,Car,50.35033008205011,1,0,0.0
nuscenes_mini_subset,scene-0103_011,1,6,Car,33.375857414926834,1,1,100.0
nuscenes_mini_subset,scene-0103_011,1,7,bicycle_rack,51.328063089743296,1,1,100.0
nuscenes_mini_subset,scene-0103_011,1,8,Car,18.66238761912341,34,34,100.0
nuscenes_mini_subset,scene-0103_011,1,9,Pedestrian,15.267278719160284,12,8,66.66666666666667
nuscenes_mini_subset,scene-0103_011,1,10,Pedestrian,33.63384640517736,2,0,0.0
nuscenes_mini_subset,scene-0103_011,1,11,Truck,66.76290648085009,3,3,100.0
nuscenes_mini_subset,scene-0103_011,1,12,Car,30.549544482765935,1,1,100.0
nuscenes_mini_subset,scene-0103_011,1,13,Pedestrian,25.49788042892648,3,2,66.66666666666667
nuscenes_mini_subset,scene-0103_011,2,0,Car,43.59372621188177,1,1,100.0
nuscenes_mini_subset,scene-0103_011,2,1,Car,20.06228012839385,45,45,100.0
nuscenes_mini_subset,scene-0103_011,2,2,Car,55.33962539693737,1,0,0.0
nuscenes_mini_subset,scene-0103_011,2,3,Car,18.29823777132242,1,0,0.0
nuscenes_mini_subset,scene-0103_011,2,4,TrafficCone,15.780462203901086,0,0,nan
nuscenes_mini_subset,scene-0103_011,2,5,Car,50.35033008205011,1,0,0.0
nuscenes_mini_subset,scene-0103_011,2,6,Car,33.375857414926834,1,1,100.0
nuscenes_mini_subset,scene-0103_011,2,7,bicycle_rack,51.328063089743296,1,1,100.0
nuscenes_mini_subset,scene-0103_011,2,8,Car,18.66238761912341,34,30,88.23529411764706
nuscenes_mini_subset,scene-0103_011,2,9,Pedestrian,15.267278719160284,12,1,8.333333333333334
nuscenes_mini_subset,scene-0103_011,2,10,Pedestrian,33.63384640517736,2,0,0.0
nuscenes_mini_subset,scene-0103_011,2,11,Truck,66.76290648085009,3,1,33.333333333333336
nuscenes_mini_subset,scene-0103_011,2,12,Car,30.549544482765935,1,1,100.0
nuscenes_mini_subset,scene-0103_011,2,13,Pedestrian,25.49788042892648,3,0,0.0
nuscenes_mini_subset,scene-0103_011,3,0,Car,43.59372621188177,1,0,0.0
nuscenes_mini_subset,scene-0103_011,3,1,Car,20.06228012839385,45,42,93.33333333333333
nuscenes_mini_subset,scene-0103_011,3,2,Car,55.33962539693737,1,0,0.0
nuscenes_mini_subset,scene-0103_011,3,3,Car,18.29823777132242,1,0,0.0
nuscenes_mini_subset,scene-0103_011,3,4,TrafficCone,15.780462203901086,0,0,nan
nuscenes_mini_subset,scene-0103_011,3,5,Car,50.35033008205011,1,0,0.0
nuscenes_mini_subset,scene-0103_011,3,6,Car,33.375857414926834,1,1,100.0
nuscenes_mini_subset,scene-0103_011,3,7,bicycle_rack,51.328063089743296,1,1,100.0
nuscenes_mini_subset,scene-0103_011,3,8,Car,18.66238761912341,34,24,70.58823529411765
nuscenes_mini_subset,scene-0103_011,3,9,Pedestrian,15.267278719160284,12,0,0.0
nuscenes_mini_subset,scene-0103_011,3,10,Pedestrian,33.63384640517736,2,0,0.0
nuscenes_mini_subset,scene-0103_011,3,11,Truck,66.76290648085009,3,0,0.0
nuscenes_mini_subset,scene-0103_011,3,12,Car,30.549544482765935,1,0,0.0
nuscenes_mini_subset,scene-0103_011,3,13,Pedestrian,25.49788042892648,3,0,0.0
nuscenes_mini_subset,scene-0103_012,-3,0,Car,16.901571551259043,47,38,80.85106382978724
nuscenes_mini_subset,scene-0103_012,-3,1,Car,52.06260434869814,0,0,nan
nuscenes_mini_subset,scene-0103_012,-3,2,TrafficCone,12.478574597587759,1,0,0.0
nuscenes_mini_subset,scene-0103_012,-3,3,Car,57.739476310155375,1,0,0.0
nuscenes_mini_subset,scene-0103_012,-3,4,Car,47.051917759937936,4,0,0.0
nuscenes_mini_subset,scene-0103_012,-3,5,Car,30.044377407609044,1,0,0.0
nuscenes_mini_subset,scene-0103_012,-3,6,bicycle_rack,48.00171011289517,3,2,66.66666666666667
nuscenes_mini_subset,scene-0103_012,-3,7,Car,15.406021123344757,61,49,80.32786885245902
nuscenes_mini_subset,scene-0103_012,-3,8,Pedestrian,31.124911153530658,1,0,0.0
nuscenes_mini_subset,scene-0103_012,-3,9,Truck,63.438432238451064,1,0,0.0
nuscenes_mini_subset,scene-0103_012,-3,10,Car,26.788682876164323,11,4,36.36363636363637
nuscenes_mini_subset,scene-0103_012,-3,11,Car,86.84738847191545,1,0,0.0
nuscenes_mini_subset,scene-0103_012,-3,12,Pedestrian,21.5378289133847,6,0,0.0
nuscenes_mini_subset,scene-0103_012,-3,13,Car,36.540397050716656,2,0,0.0
nuscenes_mini_subset,scene-0103_012,-2,0,Car,16.901571551259043,47,43,91.48936170212765
nuscenes_mini_subset,scene-0103_012,-2,1,Car,52.06260434869814,0,0,nan
nuscenes_mini_subset,scene-0103_012,-2,2,TrafficCone,12.478574597587759,1,0,0.0
nuscenes_mini_subset,scene-0103_012,-2,3,Car,57.739476310155375,1,0,0.0
nuscenes_mini_subset,scene-0103_012,-2,4,Car,47.051917759937936,4,0,0.0
nuscenes_mini_subset,scene-0103_012,-2,5,Car,30.044377407609044,1,0,0.0
nuscenes_mini_subset,scene-0103_012,-2,6,bicycle_rack,48.00171011289517,3,2,66.66666666666667
nuscenes_mini_subset,scene-0103_012,-2,7,Car,15.406021123344757,61,55,90.1639344262295
nuscenes_mini_subset,scene-0103_012,-2,8,Pedestrian,31.124911153530658,1,0,0.0
nuscenes_mini_subset,scene-0103_012,-2,9,Truck,63.438432238451064,1,0,0.0
nuscenes_mini_subset,scene-0103_012,-2,10,Car,26.788682876164323,11,7,63.63636363636363
nuscenes_mini_subset,scene-0103_012,-2,11,Car,86.84738847191545,1,0,0.0
nuscenes_mini_subset,scene-0103_012,-2,12,Pedestrian,21.5378289133847,6,0,0.0
nuscenes_mini_subset,scene-0103_012,-2,13,Car,36.540397050716656,2,2,100.0
nuscenes_mini_subset,scene-0103_012,-1,0,Car,16.901571551259043,47,47,100.0
nuscenes_mini_subset,scene-0103_012,-1,1,Car,52.06260434869814,0,0,nan
nuscenes_mini_subset,scene-0103_012,-1,2,TrafficCone,12.478574597587759,1,1,100.0
nuscenes_mini_subset,scene-0103_012,-1,3,Car,57.739476310155375,1,1,100.0
nuscenes_mini_subset,scene-0103_012,-1,4,Car,47.051917759937936,4,2,50.0
nuscenes_mini_subset,scene-0103_012,-1,5,Car,30.044377407609044,1,0,0.0
nuscenes_mini_subset,scene-0103_012,-1,6,bicycle_rack,48.00171011289517,3,2,66.66666666666667
nuscenes_mini_subset,scene-0103_012,-1,7,Car,15.406021123344757,61,61,100.0
nuscenes_mini_subset,scene-0103_012,-1,8,Pedestrian,31.124911153530658,1,0,0.0
nuscenes_mini_subset,scene-0103_012,-1,9,Truck,63.438432238451064,1,0,0.0
nuscenes_mini_subset,scene-0103_012,-1,10,Car,26.788682876164323,11,11,100.0
nuscenes_mini_subset,scene-0103_012,-1,11,Car,86.84738847191545,1,0,0.0
nuscenes_mini_subset,scene-0103_012,-1,12,Pedestrian,21.5378289133847,6,2,33.333333333333336
nuscenes_mini_subset,scene-0103_012,-1,13,Car,36.540397050716656,2,2,100.0
nuscenes_mini_subset,scene-0103_012,-0.5,0,Car,16.901571551259043,47,47,100.0
nuscenes_mini_subset,scene-0103_012,-0.5,1,Car,52.06260434869814,0,0,nan
nuscenes_mini_subset,scene-0103_012,-0.5,2,TrafficCone,12.478574597587759,1,1,100.0
nuscenes_mini_subset,scene-0103_012,-0.5,3,Car,57.739476310155375,1,1,100.0
nuscenes_mini_subset,scene-0103_012,-0.5,4,Car,47.051917759937936,4,3,75.0
nuscenes_mini_subset,scene-0103_012,-0.5,5,Car,30.044377407609044,1,1,100.0
nuscenes_mini_subset,scene-0103_012,-0.5,6,bicycle_rack,48.00171011289517,3,2,66.66666666666667
nuscenes_mini_subset,scene-0103_012,-0.5,7,Car,15.406021123344757,61,61,100.0
nuscenes_mini_subset,scene-0103_012,-0.5,8,Pedestrian,31.124911153530658,1,1,100.0
nuscenes_mini_subset,scene-0103_012,-0.5,9,Truck,63.438432238451064,1,1,100.0
nuscenes_mini_subset,scene-0103_012,-0.5,10,Car,26.788682876164323,11,11,100.0
nuscenes_mini_subset,scene-0103_012,-0.5,11,Car,86.84738847191545,1,1,100.0
nuscenes_mini_subset,scene-0103_012,-0.5,12,Pedestrian,21.5378289133847,6,3,50.0
nuscenes_mini_subset,scene-0103_012,-0.5,13,Car,36.540397050716656,2,2,100.0
nuscenes_mini_subset,scene-0103_012,0,0,Car,16.901571551259043,47,47,100.0
nuscenes_mini_subset,scene-0103_012,0,1,Car,52.06260434869814,0,0,nan
nuscenes_mini_subset,scene-0103_012,0,2,TrafficCone,12.478574597587759,1,1,100.0
nuscenes_mini_subset,scene-0103_012,0,3,Car,57.739476310155375,1,1,100.0
nuscenes_mini_subset,scene-0103_012,0,4,Car,47.051917759937936,4,4,100.0
nuscenes_mini_subset,scene-0103_012,0,5,Car,30.044377407609044,1,1,100.0
nuscenes_mini_subset,scene-0103_012,0,6,bicycle_rack,48.00171011289517,3,3,100.0
nuscenes_mini_subset,scene-0103_012,0,7,Car,15.406021123344757,61,61,100.0
nuscenes_mini_subset,scene-0103_012,0,8,Pedestrian,31.124911153530658,1,1,100.0
nuscenes_mini_subset,scene-0103_012,0,9,Truck,63.438432238451064,1,1,100.0
nuscenes_mini_subset,scene-0103_012,0,10,Car,26.788682876164323,11,11,100.0
nuscenes_mini_subset,scene-0103_012,0,11,Car,86.84738847191545,1,1,100.0
nuscenes_mini_subset,scene-0103_012,0,12,Pedestrian,21.5378289133847,6,6,100.0
nuscenes_mini_subset,scene-0103_012,0,13,Car,36.540397050716656,2,2,100.0
nuscenes_mini_subset,scene-0103_012,0.5,0,Car,16.901571551259043,47,47,100.0
nuscenes_mini_subset,scene-0103_012,0.5,1,Car,52.06260434869814,0,0,nan
nuscenes_mini_subset,scene-0103_012,0.5,2,TrafficCone,12.478574597587759,1,1,100.0
nuscenes_mini_subset,scene-0103_012,0.5,3,Car,57.739476310155375,1,1,100.0
nuscenes_mini_subset,scene-0103_012,0.5,4,Car,47.051917759937936,4,4,100.0
nuscenes_mini_subset,scene-0103_012,0.5,5,Car,30.044377407609044,1,1,100.0
nuscenes_mini_subset,scene-0103_012,0.5,6,bicycle_rack,48.00171011289517,3,3,100.0
nuscenes_mini_subset,scene-0103_012,0.5,7,Car,15.406021123344757,61,61,100.0
nuscenes_mini_subset,scene-0103_012,0.5,8,Pedestrian,31.124911153530658,1,0,0.0
nuscenes_mini_subset,scene-0103_012,0.5,9,Truck,63.438432238451064,1,1,100.0
nuscenes_mini_subset,scene-0103_012,0.5,10,Car,26.788682876164323,11,11,100.0
nuscenes_mini_subset,scene-0103_012,0.5,11,Car,86.84738847191545,1,0,0.0
nuscenes_mini_subset,scene-0103_012,0.5,12,Pedestrian,21.5378289133847,6,6,100.0
nuscenes_mini_subset,scene-0103_012,0.5,13,Car,36.540397050716656,2,2,100.0
nuscenes_mini_subset,scene-0103_012,1,0,Car,16.901571551259043,47,47,100.0
nuscenes_mini_subset,scene-0103_012,1,1,Car,52.06260434869814,0,0,nan
nuscenes_mini_subset,scene-0103_012,1,2,TrafficCone,12.478574597587759,1,0,0.0
nuscenes_mini_subset,scene-0103_012,1,3,Car,57.739476310155375,1,1,100.0
nuscenes_mini_subset,scene-0103_012,1,4,Car,47.051917759937936,4,3,75.0
nuscenes_mini_subset,scene-0103_012,1,5,Car,30.044377407609044,1,1,100.0
nuscenes_mini_subset,scene-0103_012,1,6,bicycle_rack,48.00171011289517,3,3,100.0
nuscenes_mini_subset,scene-0103_012,1,7,Car,15.406021123344757,61,60,98.36065573770492
nuscenes_mini_subset,scene-0103_012,1,8,Pedestrian,31.124911153530658,1,0,0.0
nuscenes_mini_subset,scene-0103_012,1,9,Truck,63.438432238451064,1,1,100.0
nuscenes_mini_subset,scene-0103_012,1,10,Car,26.788682876164323,11,9,81.81818181818181
nuscenes_mini_subset,scene-0103_012,1,11,Car,86.84738847191545,1,0,0.0
nuscenes_mini_subset,scene-0103_012,1,12,Pedestrian,21.5378289133847,6,6,100.0
nuscenes_mini_subset,scene-0103_012,1,13,Car,36.540397050716656,2,2,100.0
nuscenes_mini_subset,scene-0103_012,2,0,Car,16.901571551259043,47,47,100.0
nuscenes_mini_subset,scene-0103_012,2,1,Car,52.06260434869814,0,0,nan
nuscenes_mini_subset,scene-0103_012,2,2,TrafficCone,12.478574597587759,1,0,0.0
nuscenes_mini_subset,scene-0103_012,2,3,Car,57.739476310155375,1,0,0.0
nuscenes_mini_subset,scene-0103_012,2,4,Car,47.051917759937936,4,0,0.0
nuscenes_mini_subset,scene-0103_012,2,5,Car,30.044377407609044,1,1,100.0
nuscenes_mini_subset,scene-0103_012,2,6,bicycle_rack,48.00171011289517,3,1,33.333333333333336
nuscenes_mini_subset,scene-0103_012,2,7,Car,15.406021123344757,61,54,88.52459016393442
nuscenes_mini_subset,scene-0103_012,2,8,Pedestrian,31.124911153530658,1,0,0.0
nuscenes_mini_subset,scene-0103_012,2,9,Truck,63.438432238451064,1,1,100.0
nuscenes_mini_subset,scene-0103_012,2,10,Car,26.788682876164323,11,8,72.72727272727273
nuscenes_mini_subset,scene-0103_012,2,11,Car,86.84738847191545,1,0,0.0
nuscenes_mini_subset,scene-0103_012,2,12,Pedestrian,21.5378289133847,6,0,0.0
nuscenes_mini_subset,scene-0103_012,2,13,Car,36.540397050716656,2,2,100.0
nuscenes_mini_subset,scene-0103_012,3,0,Car,16.901571551259043,47,45,95.74468085106383
nuscenes_mini_subset,scene-0103_012,3,1,Car,52.06260434869814,0,0,nan
nuscenes_mini_subset,scene-0103_012,3,2,TrafficCone,12.478574597587759,1,0,0.0
nuscenes_mini_subset,scene-0103_012,3,3,Car,57.739476310155375,1,0,0.0
nuscenes_mini_subset,scene-0103_012,3,4,Car,47.051917759937936,4,0,0.0
nuscenes_mini_subset,scene-0103_012,3,5,Car,30.044377407609044,1,1,100.0
nuscenes_mini_subset,scene-0103_012,3,6,bicycle_rack,48.00171011289517,3,1,33.333333333333336
nuscenes_mini_subset,scene-0103_012,3,7,Car,15.406021123344757,61,48,78.68852459016394
nuscenes_mini_subset,scene-0103_012,3,8,Pedestrian,31.124911153530658,1,0,0.0
nuscenes_mini_subset,scene-0103_012,3,9,Truck,63.438432238451064,1,0,0.0
nuscenes_mini_subset,scene-0103_012,3,10,Car,26.788682876164323,11,5,45.45454545454545
nuscenes_mini_subset,scene-0103_012,3,11,Car,86.84738847191545,1,0,0.0
nuscenes_mini_subset,scene-0103_012,3,12,Pedestrian,21.5378289133847,6,0,0.0
nuscenes_mini_subset,scene-0103_012,3,13,Car,36.540397050716656,2,0,0.0
nuscenes_mini_subset,scene-0103_013,-3,0,Car,56.407432060040506,1,0,0.0
nuscenes_mini_subset,scene-0103_013,-3,1,Car,14.934340775131423,71,69,97.1830985915493
nuscenes_mini_subset,scene-0103_013,-3,2,Car,49.96083346827326,0,0,nan
nuscenes_mini_subset,scene-0103_013,-3,3,TrafficCone,10.355071300696046,1,0,0.0
nuscenes_mini_subset,scene-0103_013,-3,4,Car,55.638000083444744,1,0,0.0
nuscenes_mini_subset,scene-0103_013,-3,5,Car,44.93254278022639,3,0,0.0
nuscenes_mini_subset,scene-0103_013,-3,6,Car,27.865651656577842,3,0,0.0
nuscenes_mini_subset,scene-0103_013,-3,7,bicycle_rack,45.857699625940086,2,1,50.0
nuscenes_mini_subset,scene-0103_013,-3,8,Car,13.332194175211724,89,73,82.02247191011236
nuscenes_mini_subset,scene-0103_013,-3,9,Pedestrian,29.797605615500135,4,0,0.0
nuscenes_mini_subset,scene-0103_013,-3,10,Truck,61.296166578668924,1,0,0.0
nuscenes_mini_subset,scene-0103_013,-3,11,Car,31.32904242073946,2,1,50.0
nuscenes_mini_subset,scene-0103_013,-3,12,Car,24.662346657585456,16,9,56.25
nuscenes_mini_subset,scene-0103_013,-3,13,Car,84.73011257450516,1,0,0.0
nuscenes_mini_subset,scene-0103_013,-3,14,Pedestrian,18.751252683335725,6,0,0.0
nuscenes_mini_subset,scene-0103_013,-3,15,Car,34.36191925578866,1,1,100.0
nuscenes_mini_subset,scene-0103_013,-2,0,Car,56.407432060040506,1,0,0.0
nuscenes_mini_subset,scene-0103_013,-2,1,Car,14.934340775131423,71,71,100.0
nuscenes_mini_subset,scene-0103_013,-2,2,Car,49.96083346827326,0,0,nan
nuscenes_mini_subset,scene-0103_013,-2,3,TrafficCone,10.355071300696046,1,0,0.0
nuscenes_mini_subset,scene-0103_013,-2,4,Car,55.638000083444744,1,0,0.0
nuscenes_mini_subset,scene-0103_013,-2,5,Car,44.93254278022639,3,0,0.0
nuscenes_mini_subset,scene-0103_013,-2,6,Car,27.865651656577842,3,1,33.333333333333336
nuscenes_mini_subset,scene-0103_013,-2,7,bicycle_rack,45.857699625940086,2,1,50.0
nuscenes_mini_subset,scene-0103_013,-2,8,Car,13.332194175211724,89,82,92.13483146067416
nuscenes_mini_subset,scene-0103_013,-2,9,Pedestrian,29.797605615500135,4,0,0.0
nuscenes_mini_subset,scene-0103_013,-2,10,Truck,61.296166578668924,1,0,0.0
nuscenes_mini_subset,scene-0103_013,-2,11,Car,31.32904242073946,2,1,50.0
nuscenes_mini_subset,scene-0103_013,-2,12,Car,24.662346657585456,16,11,68.75
nuscenes_mini_subset,scene-0103_013,-2,13,Car,84.73011257450516,1,0,0.0
nuscenes_mini_subset,scene-0103_013,-2,14,Pedestrian,18.751252683335725,6,0,0.0
nuscenes_mini_subset,scene-0103_013,-2,15,Car,34.36191925578866,1,1,100.0
nuscenes_mini_subset,scene-0103_013,-1,0,Car,56.407432060040506,1,0,0.0
nuscenes_mini_subset,scene-0103_013,-1,1,Car,14.934340775131423,71,71,100.0
nuscenes_mini_subset,scene-0103_013,-1,2,Car,49.96083346827326,0,0,nan
nuscenes_mini_subset,scene-0103_013,-1,3,TrafficCone,10.355071300696046,1,0,0.0
nuscenes_mini_subset,scene-0103_013,-1,4,Car,55.638000083444744,1,1,100.0
nuscenes_mini_subset,scene-0103_013,-1,5,Car,44.93254278022639,3,2,66.66666666666667
nuscenes_mini_subset,scene-0103_013,-1,6,Car,27.865651656577842,3,2,66.66666666666667
nuscenes_mini_subset,scene-0103_013,-1,7,bicycle_rack,45.857699625940086,2,1,50.0
nuscenes_mini_subset,scene-0103_013,-1,8,Car,13.332194175211724,89,89,100.0
nuscenes_mini_subset,scene-0103_013,-1,9,Pedestrian,29.797605615500135,4,0,0.0
nuscenes_mini_subset,scene-0103_013,-1,10,Truck,61.296166578668924,1,0,0.0
nuscenes_mini_subset,scene-0103_013,-1,11,Car,31.32904242073946,2,2,100.0
nuscenes_mini_subset,scene-0103_013,-1,12,Car,24.662346657585456,16,15,93.75
nuscenes_mini_subset,scene-0103_013,-1,13,Car,84.73011257450516,1,0,0.0
nuscenes_mini_subset,scene-0103_013,-1,14,Pedestrian,18.751252683335725,6,3,50.0
nuscenes_mini_subset,scene-0103_013,-1,15,Car,34.36191925578866,1,1,100.0
nuscenes_mini_subset,scene-0103_013,-0.5,0,Car,56.407432060040506,1,1,100.0
nuscenes_mini_subset,scene-0103_013,-0.5,1,Car,14.934340775131423,71,71,100.0
nuscenes_mini_subset,scene-0103_013,-0.5,2,Car,49.96083346827326,0,0,nan
nuscenes_mini_subset,scene-0103_013,-0.5,3,TrafficCone,10.355071300696046,1,1,100.0
nuscenes_mini_subset,scene-0103_013,-0.5,4,Car,55.638000083444744,1,1,100.0
nuscenes_mini_subset,scene-0103_013,-0.5,5,Car,44.93254278022639,3,3,100.0
nuscenes_mini_subset,scene-0103_013,-0.5,6,Car,27.865651656577842,3,3,100.0
nuscenes_mini_subset,scene-0103_013,-0.5,7,bicycle_rack,45.857699625940086,2,1,50.0
nuscenes_mini_subset,scene-0103_013,-0.5,8,Car,13.332194175211724,89,89,100.0
nuscenes_mini_subset,scene-0103_013,-0.5,9,Pedestrian,29.797605615500135,4,3,75.0
nuscenes_mini_subset,scene-0103_013,-0.5,10,Truck,61.296166578668924,1,1,100.0
nuscenes_mini_subset,scene-0103_013,-0.5,11,Car,31.32904242073946,2,2,100.0
nuscenes_mini_subset,scene-0103_013,-0.5,12,Car,24.662346657585456,16,15,93.75
nuscenes_mini_subset,scene-0103_013,-0.5,13,Car,84.73011257450516,1,1,100.0
nuscenes_mini_subset,scene-0103_013,-0.5,14,Pedestrian,18.751252683335725,6,5,83.33333333333333
nuscenes_mini_subset,scene-0103_013,-0.5,15,Car,34.36191925578866,1,1,100.0
nuscenes_mini_subset,scene-0103_013,0,0,Car,56.407432060040506,1,1,100.0
nuscenes_mini_subset,scene-0103_013,0,1,Car,14.934340775131423,71,71,100.0
nuscenes_mini_subset,scene-0103_013,0,2,Car,49.96083346827326,0,0,nan
nuscenes_mini_subset,scene-0103_013,0,3,TrafficCone,10.355071300696046,1,1,100.0
nuscenes_mini_subset,scene-0103_013,0,4,Car,55.638000083444744,1,1,100.0
nuscenes_mini_subset,scene-0103_013,0,5,Car,44.93254278022639,3,3,100.0
nuscenes_mini_subset,scene-0103_013,0,6,Car,27.865651656577842,3,3,100.0
nuscenes_mini_subset,scene-0103_013,0,7,bicycle_rack,45.857699625940086,2,2,100.0
nuscenes_mini_subset,scene-0103_013,0,8,Car,13.332194175211724,89,89,100.0
nuscenes_mini_subset,scene-0103_013,0,9,Pedestrian,29.797605615500135,4,4,100.0
nuscenes_mini_subset,scene-0103_013,0,10,Truck,61.296166578668924,1,1,100.0
nuscenes_mini_subset,scene-0103_013,0,11,Car,31.32904242073946,2,2,100.0
nuscenes_mini_subset,scene-0103_013,0,12,Car,24.662346657585456,16,16,100.0
nuscenes_mini_subset,scene-0103_013,0,13,Car,84.73011257450516,1,1,100.0
nuscenes_mini_subset,scene-0103_013,0,14,Pedestrian,18.751252683335725,6,6,100.0
nuscenes_mini_subset,scene-0103_013,0,15,Car,34.36191925578866,1,1,100.0
nuscenes_mini_subset,scene-0103_013,0.5,0,Car,56.407432060040506,1,1,100.0
nuscenes_mini_subset,scene-0103_013,0.5,1,Car,14.934340775131423,71,71,100.0
nuscenes_mini_subset,scene-0103_013,0.5,2,Car,49.96083346827326,0,0,nan
nuscenes_mini_subset,scene-0103_013,0.5,3,TrafficCone,10.355071300696046,1,1,100.0
nuscenes_mini_subset,scene-0103_013,0.5,4,Car,55.638000083444744,1,1,100.0
nuscenes_mini_subset,scene-0103_013,0.5,5,Car,44.93254278022639,3,3,100.0
nuscenes_mini_subset,scene-0103_013,0.5,6,Car,27.865651656577842,3,3,100.0
nuscenes_mini_subset,scene-0103_013,0.5,7,bicycle_rack,45.857699625940086,2,2,100.0
nuscenes_mini_subset,scene-0103_013,0.5,8,Car,13.332194175211724,89,89,100.0
nuscenes_mini_subset,scene-0103_013,0.5,9,Pedestrian,29.797605615500135,4,3,75.0
nuscenes_mini_subset,scene-0103_013,0.5,10,Truck,61.296166578668924,1,1,100.0
nuscenes_mini_subset,scene-0103_013,0.5,11,Car,31.32904242073946,2,2,100.0
nuscenes_mini_subset,scene-0103_013,0.5,12,Car,24.662346657585456,16,16,100.0
nuscenes_mini_subset,scene-0103_013,0.5,13,Car,84.73011257450516,1,0,0.0
nuscenes_mini_subset,scene-0103_013,0.5,14,Pedestrian,18.751252683335725,6,6,100.0
nuscenes_mini_subset,scene-0103_013,0.5,15,Car,34.36191925578866,1,1,100.0
nuscenes_mini_subset,scene-0103_013,1,0,Car,56.407432060040506,1,1,100.0
nuscenes_mini_subset,scene-0103_013,1,1,Car,14.934340775131423,71,71,100.0
nuscenes_mini_subset,scene-0103_013,1,2,Car,49.96083346827326,0,0,nan
nuscenes_mini_subset,scene-0103_013,1,3,TrafficCone,10.355071300696046,1,0,0.0
nuscenes_mini_subset,scene-0103_013,1,4,Car,55.638000083444744,1,1,100.0
nuscenes_mini_subset,scene-0103_013,1,5,Car,44.93254278022639,3,2,66.66666666666667
nuscenes_mini_subset,scene-0103_013,1,6,Car,27.865651656577842,3,3,100.0
nuscenes_mini_subset,scene-0103_013,1,7,bicycle_rack,45.857699625940086,2,2,100.0
nuscenes_mini_subset,scene-0103_013,1,8,Car,13.332194175211724,89,89,100.0
nuscenes_mini_subset,scene-0103_013,1,9,Pedestrian,29.797605615500135,4,1,25.0
nuscenes_mini_subset,scene-0103_013,1,10,Truck,61.296166578668924,1,1,100.0
nuscenes_mini_subset,scene-0103_013,1,11,Car,31.32904242073946,2,1,50.0
nuscenes_mini_subset,scene-0103_013,1,12,Car,24.662346657585456,16,15,93.75
nuscenes_mini_subset,scene-0103_013,1,13,Car,84.73011257450516,1,0,0.0
nuscenes_mini_subset,scene-0103_013,1,14,Pedestrian,18.751252683335725,6,6,100.0
nuscenes_mini_subset,scene-0103_013,1,15,Car,34.36191925578866,1,1,100.0
nuscenes_mini_subset,scene-0103_013,2,0,Car,56.407432060040506,1,1,100.0
nuscenes_mini_subset,scene-0103_013,2,1,Car,14.934340775131423,71,70,98.59154929577464
nuscenes_mini_subset,scene-0103_013,2,2,Car,49.96083346827326,0,0,nan
nuscenes_mini_subset,scene-0103_013,2,3,TrafficCone,10.355071300696046,1,0,0.0
nuscenes_mini_subset,scene-0103_013,2,4,Car,55.638000083444744,1,0,0.0
nuscenes_mini_subset,scene-0103_013,2,5,Car,44.93254278022639,3,0,0.0
nuscenes_mini_subset,scene-0103_013,2,6,Car,27.865651656577842,3,3,100.0
nuscenes_mini_subset,scene-0103_013,2,7,bicycle_rack,45.857699625940086,2,1,50.0
nuscenes_mini_subset,scene-0103_013,2,8,Car,13.332194175211724,89,85,95.50561797752809
nuscenes_mini_subset,scene-0103_013,2,9,Pedestrian,29.797605615500135,4,0,0.0
nuscenes_mini_subset,scene-0103_013,2,10,Truck,61.296166578668924,1,1,100.0
nuscenes_mini_subset,scene-0103_013,2,11,Car,31.32904242073946,2,1,50.0
nuscenes_mini_subset,scene-0103_013,2,12,Car,24.662346657585456,16,12,75.0
nuscenes_mini_subset,scene-0103_013,2,13,Car,84.73011257450516,1,0,0.0
nuscenes_mini_subset,scene-0103_013,2,14,Pedestrian,18.751252683335725,6,1,16.666666666666668
nuscenes_mini_subset,scene-0103_013,2,15,Car,34.36191925578866,1,1,100.0
nuscenes_mini_subset,scene-0103_013,3,0,Car,56.407432060040506,1,0,0.0
nuscenes_mini_subset,scene-0103_013,3,1,Car,14.934340775131423,71,68,95.77464788732394
nuscenes_mini_subset,scene-0103_013,3,2,Car,49.96083346827326,0,0,nan
nuscenes_mini_subset,scene-0103_013,3,3,TrafficCone,10.355071300696046,1,0,0.0
nuscenes_mini_subset,scene-0103_013,3,4,Car,55.638000083444744,1,0,0.0
nuscenes_mini_subset,scene-0103_013,3,5,Car,44.93254278022639,3,0,0.0
nuscenes_mini_subset,scene-0103_013,3,6,Car,27.865651656577842,3,3,100.0
nuscenes_mini_subset,scene-0103_013,3,7,bicycle_rack,45.857699625940086,2,1,50.0
nuscenes_mini_subset,scene-0103_013,3,8,Car,13.332194175211724,89,79,88.76404494382022
nuscenes_mini_subset,scene-0103_013,3,9,Pedestrian,29.797605615500135,4,0,0.0
nuscenes_mini_subset,scene-0103_013,3,10,Truck,61.296166578668924,1,0,0.0
nuscenes_mini_subset,scene-0103_013,3,11,Car,31.32904242073946,2,1,50.0
nuscenes_mini_subset,scene-0103_013,3,12,Car,24.662346657585456,16,8,50.0
nuscenes_mini_subset,scene-0103_013,3,13,Car,84.73011257450516,1,0,0.0
nuscenes_mini_subset,scene-0103_013,3,14,Pedestrian,18.751252683335725,6,0,0.0
nuscenes_mini_subset,scene-0103_013,3,15,Car,34.36191925578866,1,0,0.0
nuscenes_mini_subset,scene-0103_014,-3,0,Car,54.34696795188993,0,0,nan
nuscenes_mini_subset,scene-0103_014,-3,1,Car,13.253277676333301,130,129,99.23076923076923
nuscenes_mini_subset,scene-0103_014,-3,2,Car,47.88455486067942,0,0,nan
nuscenes_mini_subset,scene-0103_014,-3,3,Pedestrian,20.646368290304483,2,0,0.0
nuscenes_mini_subset,scene-0103_014,-3,4,Pedestrian,20.89915488651345,1,0,0.0
nuscenes_mini_subset,scene-0103_014,-3,5,Car,53.56178486704398,0,0,nan
nuscenes_mini_subset,scene-0103_014,-3,6,Car,42.85931145560687,4,0,0.0
nuscenes_mini_subset,scene-0103_014,-3,7,Car,25.66777185684163,1,0,0.0
nuscenes_mini_subset,scene-0103_014,-3,8,bicycle_rack,43.78827545911357,1,0,0.0
nuscenes_mini_subset,scene-0103_014,-3,9,Car,11.309217000298364,131,118,90.07633587786259
nuscenes_mini_subset,scene-0103_014,-3,10,Pedestrian,28.60404156451054,2,0,0.0
nuscenes_mini_subset,scene-0103_014,-3,11,Truck,59.22764610533684,1,0,0.0
nuscenes_mini_subset,scene-0103_014,-3,12,Car,29.253977202393685,1,1,100.0
nuscenes_mini_subset,scene-0103_014,-3,13,Car,22.60395926340338,26,17,65.38461538461539
nuscenes_mini_subset,scene-0103_014,-3,14,Car,82.65667711474381,1,0,0.0
nuscenes_mini_subset,scene-0103_014,-3,15,Pedestrian,16.008961098850698,5,0,0.0
nuscenes_mini_subset,scene-0103_014,-3,16,Car,32.26139368597009,4,2,50.0
nuscenes_mini_subset,scene-0103_014,-2,0,Car,54.34696795188993,0,0,nan
nuscenes_mini_subset,scene-0103_014,-2,1,Car,13.253277676333301,130,130,100.0
nuscenes_mini_subset,scene-0103_014,-2,2,Car,47.88455486067942,0,0,nan
nuscenes_mini_subset,scene-0103_014,-2,3,Pedestrian,20.646368290304483,2,0,0.0
nuscenes_mini_subset,scene-0103_014,-2,4,Pedestrian,20.89915488651345,1,0,0.0
nuscenes_mini_subset,scene-0103_014,-2,5,Car,53.56178486704398,0,0,nan
nuscenes_mini_subset,scene-0103_014,-2,6,Car,42.85931145560687,4,0,0.0
nuscenes_mini_subset,scene-0103_014,-2,7,Car,25.66777185684163,1,1,100.0
nuscenes_mini_subset,scene-0103_014,-2,8,bicycle_rack,43.78827545911357,1,0,0.0
nuscenes_mini_subset,scene-0103_014,-2,9,Car,11.309217000298364,131,128,97.70992366412214
nuscenes_mini_subset,scene-0103_014,-2,10,Pedestrian,28.60404156451054,2,0,0.0
nuscenes_mini_subset,scene-0103_014,-2,11,Truck,59.22764610533684,1,0,0.0
nuscenes_mini_subset,scene-0103_014,-2,12,Car,29.253977202393685,1,1,100.0
nuscenes_mini_subset,scene-0103_014,-2,13,Car,22.60395926340338,26,22,84.61538461538461
nuscenes_mini_subset,scene-0103_014,-2,14,Car,82.65667711474381,1,0,0.0
nuscenes_mini_subset,scene-0103_014,-2,15,Pedestrian,16.008961098850698,5,1,20.0
nuscenes_mini_subset,scene-0103_014,-2,16,Car,32.26139368597009,4,2,50.0
nuscenes_mini_subset,scene-0103_014,-1,0,Car,54.34696795188993,0,0,nan
nuscenes_mini_subset,scene-0103_014,-1,1,Car,13.253277676333301,130,130,100.0
nuscenes_mini_subset,scene-0103_014,-1,2,Car,47.88455486067942,0,0,nan
nuscenes_mini_subset,scene-0103_014,-1,3,Pedestrian,20.646368290304483,2,2,100.0
nuscenes_mini_subset,scene-0103_014,-1,4,Pedestrian,20.89915488651345,1,0,0.0
nuscenes_mini_subset,scene-0103_014,-1,5,Car,53.56178486704398,0,0,nan
nuscenes_mini_subset,scene-0103_014,-1,6,Car,42.85931145560687,4,3,75.0
nuscenes_mini_subset,scene-0103_014,-1,7,Car,25.66777185684163,1,1,100.0
nuscenes_mini_subset,scene-0103_014,-1,8,bicycle_rack,43.78827545911357,1,0,0.0
nuscenes_mini_subset,scene-0103_014,-1,9,Car,11.309217000298364,131,131,100.0
nuscenes_mini_subset,scene-0103_014,-1,10,Pedestrian,28.60404156451054,2,0,0.0
nuscenes_mini_subset,scene-0103_014,-1,11,Truck,59.22764610533684,1,0,0.0
nuscenes_mini_subset,scene-0103_014,-1,12,Car,29.253977202393685,1,1,100.0
nuscenes_mini_subset,scene-0103_014,-1,13,Car,22.60395926340338,26,25,96.15384615384616
nuscenes_mini_subset,scene-0103_014,-1,14,Car,82.65667711474381,1,0,0.0
nuscenes_mini_subset,scene-0103_014,-1,15,Pedestrian,16.008961098850698,5,5,100.0
nuscenes_mini_subset,scene-0103_014,-1,16,Car,32.26139368597009,4,3,75.0
nuscenes_mini_subset,scene-0103_014,-0.5,0,Car,54.34696795188993,0,0,nan
nuscenes_mini_subset,scene-0103_014,-0.5,1,Car,13.253277676333301,130,130,100.0
nuscenes_mini_subset,scene-0103_014,-0.5,2,Car,47.88455486067942,0,0,nan
nuscenes_mini_subset,scene-0103_014,-0.5,3,Pedestrian,20.646368290304483,2,2,100.0
nuscenes_mini_subset,scene-0103_014,-0.5,4,Pedestrian,20.89915488651345,1,0,0.0
nuscenes_mini_subset,scene-0103_014,-0.5,5,Car,53.56178486704398,0,0,nan
nuscenes_mini_subset,scene-0103_014,-0.5,6,Car,42.85931145560687,4,4,100.0
nuscenes_mini_subset,scene-0103_014,-0.5,7,Car,25.66777185684163,1,1,100.0
nuscenes_mini_subset,scene-0103_014,-0.5,8,bicycle_rack,43.78827545911357,1,1,100.0
nuscenes_mini_subset,scene-0103_014,-0.5,9,Car,11.309217000298364,131,131,100.0
nuscenes_mini_subset,scene-0103_014,-0.5,10,Pedestrian,28.60404156451054,2,1,50.0
nuscenes_mini_subset,scene-0103_014,-0.5,11,Truck,59.22764610533684,1,1,100.0
nuscenes_mini_subset,scene-0103_014,-0.5,12,Car,29.253977202393685,1,1,100.0
nuscenes_mini_subset,scene-0103_014,-0.5,13,Car,22.60395926340338,26,26,100.0
nuscenes_mini_subset,scene-0103_014,-0.5,14,Car,82.65667711474381,1,1,100.0
nuscenes_mini_subset,scene-0103_014,-0.5,15,Pedestrian,16.008961098850698,5,5,100.0
nuscenes_mini_subset,scene-0103_014,-0.5,16,Car,32.26139368597009,4,4,100.0
nuscenes_mini_subset,scene-0103_014,0,0,Car,54.34696795188993,0,0,nan
nuscenes_mini_subset,scene-0103_014,0,1,Car,13.253277676333301,130,130,100.0
nuscenes_mini_subset,scene-0103_014,0,2,Car,47.88455486067942,0,0,nan
nuscenes_mini_subset,scene-0103_014,0,3,Pedestrian,20.646368290304483,2,2,100.0
nuscenes_mini_subset,scene-0103_014,0,4,Pedestrian,20.89915488651345,1,1,100.0
nuscenes_mini_subset,scene-0103_014,0,5,Car,53.56178486704398,0,0,nan
nuscenes_mini_subset,scene-0103_014,0,6,Car,42.85931145560687,4,4,100.0
nuscenes_mini_subset,scene-0103_014,0,7,Car,25.66777185684163,1,1,100.0
nuscenes_mini_subset,scene-0103_014,0,8,bicycle_rack,43.78827545911357,1,1,100.0
nuscenes_mini_subset,scene-0103_014,0,9,Car,11.309217000298364,131,131,100.0
nuscenes_mini_subset,scene-0103_014,0,10,Pedestrian,28.60404156451054,2,2,100.0
nuscenes_mini_subset,scene-0103_014,0,11,Truck,59.22764610533684,1,1,100.0
nuscenes_mini_subset,scene-0103_014,0,12,Car,29.253977202393685,1,1,100.0
nuscenes_mini_subset,scene-0103_014,0,13,Car,22.60395926340338,26,26,100.0
nuscenes_mini_subset,scene-0103_014,0,14,Car,82.65667711474381,1,1,100.0
nuscenes_mini_subset,scene-0103_014,0,15,Pedestrian,16.008961098850698,5,5,100.0
nuscenes_mini_subset,scene-0103_014,0,16,Car,32.26139368597009,4,4,100.0
nuscenes_mini_subset,scene-0103_014,0.5,0,Car,54.34696795188993,0,0,nan
nuscenes_mini_subset,scene-0103_014,0.5,1,Car,13.253277676333301,130,130,100.0
nuscenes_mini_subset,scene-0103_014,0.5,2,Car,47.88455486067942,0,0,nan
nuscenes_mini_subset,scene-0103_014,0.5,3,Pedestrian,20.646368290304483,2,2,100.0
nuscenes_mini_subset,scene-0103_014,0.5,4,Pedestrian,20.89915488651345,1,1,100.0
nuscenes_mini_subset,scene-0103_014,0.5,5,Car,53.56178486704398,0,0,nan
nuscenes_mini_subset,scene-0103_014,0.5,6,Car,42.85931145560687,4,4,100.0
nuscenes_mini_subset,scene-0103_014,0.5,7,Car,25.66777185684163,1,1,100.0
nuscenes_mini_subset,scene-0103_014,0.5,8,bicycle_rack,43.78827545911357,1,1,100.0
nuscenes_mini_subset,scene-0103_014,0.5,9,Car,11.309217000298364,131,131,100.0
nuscenes_mini_subset,scene-0103_014,0.5,10,Pedestrian,28.60404156451054,2,2,100.0
nuscenes_mini_subset,scene-0103_014,0.5,11,Truck,59.22764610533684,1,1,100.0
nuscenes_mini_subset,scene-0103_014,0.5,12,Car,29.253977202393685,1,1,100.0
nuscenes_mini_subset,scene-0103_014,0.5,13,Car,22.60395926340338,26,26,100.0
nuscenes_mini_subset,scene-0103_014,0.5,14,Car,82.65667711474381,1,0,0.0
nuscenes_mini_subset,scene-0103_014,0.5,15,Pedestrian,16.008961098850698,5,5,100.0
nuscenes_mini_subset,scene-0103_014,0.5,16,Car,32.26139368597009,4,4,100.0
nuscenes_mini_subset,scene-0103_014,1,0,Car,54.34696795188993,0,0,nan
nuscenes_mini_subset,scene-0103_014,1,1,Car,13.253277676333301,130,128,98.46153846153847
nuscenes_mini_subset,scene-0103_014,1,2,Car,47.88455486067942,0,0,nan
nuscenes_mini_subset,scene-0103_014,1,3,Pedestrian,20.646368290304483,2,1,50.0
nuscenes_mini_subset,scene-0103_014,1,4,Pedestrian,20.89915488651345,1,1,100.0
nuscenes_mini_subset,scene-0103_014,1,5,Car,53.56178486704398,0,0,nan
nuscenes_mini_subset,scene-0103_014,1,6,Car,42.85931145560687,4,3,75.0
nuscenes_mini_subset,scene-0103_014,1,7,Car,25.66777185684163,1,1,100.0
nuscenes_mini_subset,scene-0103_014,1,8,bicycle_rack,43.78827545911357,1,1,100.0
nuscenes_mini_subset,scene-0103_014,1,9,Car,11.309217000298364,131,130,99.23664122137404
nuscenes_mini_subset,scene-0103_014,1,10,Pedestrian,28.60404156451054,2,0,0.0
nuscenes_mini_subset,scene-0103_014,1,11,Truck,59.22764610533684,1,1,100.0
nuscenes_mini_subset,scene-0103_014,1,12,Car,29.253977202393685,1,0,0.0
nuscenes_mini_subset,scene-0103_014,1,13,Car,22.60395926340338,26,24,92.3076923076923
nuscenes_mini_subset,scene-0103_014,1,14,Car,82.65667711474381,1,0,0.0
nuscenes_mini_subset,scene-0103_014,1,15,Pedestrian,16.008961098850698,5,4,80.0
nuscenes_mini_subset,scene-0103_014,1,16,Car,32.26139368597009,4,4,100.0
nuscenes_mini_subset,scene-0103_014,2,0,Car,54.34696795188993,0,0,nan
nuscenes_mini_subset,scene-0103_014,2,1,Car,13.253277676333301,130,124,95.38461538461539
nuscenes_mini_subset,scene-0103_014,2,2,Car,47.88455486067942,0,0,nan
nuscenes_mini_subset,scene-0103_014,2,3,Pedestrian,20.646368290304483,2,0,0.0
nuscenes_mini_subset,scene-0103_014,2,4,Pedestrian,20.89915488651345,1,0,0.0
nuscenes_mini_subset,scene-0103_014,2,5,Car,53.56178486704398,0,0,nan
nuscenes_mini_subset,scene-0103_014,2,6,Car,42.85931145560687,4,0,0.0
nuscenes_mini_subset,scene-0103_014,2,7,Car,25.66777185684163,1,1,100.0
nuscenes_mini_subset,scene-0103_014,2,8,bicycle_rack,43.78827545911357,1,1,100.0
nuscenes_mini_subset,scene-0103_014,2,9,Car,11.309217000298364,131,125,95.41984732824427
nuscenes_mini_subset,scene-0103_014,2,10,Pedestrian,28.60404156451054,2,0,0.0
nuscenes_mini_subset,scene-0103_014,2,11,Truck,59.22764610533684,1,1,100.0
nuscenes_mini_subset,scene-0103_014,2,12,Car,29.253977202393685,1,0,0.0
nuscenes_mini_subset,scene-0103_014,2,13,Car,22.60395926340338,26,18,69.23076923076923
nuscenes_mini_subset,scene-0103_014,2,14,Car,82.65667711474381,1,0,0.0
nuscenes_mini_subset,scene-0103_014,2,15,Pedestrian,16.008961098850698,5,0,0.0
nuscenes_mini_subset,scene-0103_014,2,16,Car,32.26139368597009,4,3,75.0
nuscenes_mini_subset,scene-0103_014,3,0,Car,54.34696795188993,0,0,nan
nuscenes_mini_subset,scene-0103_014,3,1,Car,13.253277676333301,130,121,93.07692307692308
nuscenes_mini_subset,scene-0103_014,3,2,Car,47.88455486067942,0,0,nan
nuscenes_mini_subset,scene-0103_014,3,3,Pedestrian,20.646368290304483,2,0,0.0
nuscenes_mini_subset,scene-0103_014,3,4,Pedestrian,20.89915488651345,1,0,0.0
nuscenes_mini_subset,scene-0103_014,3,5,Car,53.56178486704398,0,0,nan
nuscenes_mini_subset,scene-0103_014,3,6,Car,42.85931145560687,4,0,0.0
nuscenes_mini_subset,scene-0103_014,3,7,Car,25.66777185684163,1,1,100.0
nuscenes_mini_subset,scene-0103_014,3,8,bicycle_rack,43.78827545911357,1,1,100.0
nuscenes_mini_subset,scene-0103_014,3,9,Car,11.309217000298364,131,119,90.83969465648855
nuscenes_mini_subset,scene-0103_014,3,10,Pedestrian,28.60404156451054,2,0,0.0
nuscenes_mini_subset,scene-0103_014,3,11,Truck,59.22764610533684,1,0,0.0
nuscenes_mini_subset,scene-0103_014,3,12,Car,29.253977202393685,1,0,0.0
nuscenes_mini_subset,scene-0103_014,3,13,Car,22.60395926340338,26,12,46.15384615384615
nuscenes_mini_subset,scene-0103_014,3,14,Car,82.65667711474381,1,0,0.0
nuscenes_mini_subset,scene-0103_014,3,15,Pedestrian,16.008961098850698,5,0,0.0
nuscenes_mini_subset,scene-0103_014,3,16,Car,32.26139368597009,4,2,50.0
nuscenes_mini_subset,scene-0103_015,-3,0,Car,52.89483743423165,0,0,nan
nuscenes_mini_subset,scene-0103_015,-3,1,Car,12.20701966773989,157,152,96.81528662420382
nuscenes_mini_subset,scene-0103_015,-3,2,Car,46.41599780719808,0,0,nan
nuscenes_mini_subset,scene-0103_015,-3,3,Pedestrian,18.415521808741122,4,0,0.0
nuscenes_mini_subset,scene-0103_015,-3,4,Pedestrian,18.9309268781454,8,0,0.0
nuscenes_mini_subset,scene-0103_015,-3,5,Car,52.09328656060715,0,0,nan
nuscenes_mini_subset,scene-0103_015,-3,6,Car,41.39411914800924,6,0,0.0
nuscenes_mini_subset,scene-0103_015,-3,7,Car,24.078279499217157,2,1,50.0
nuscenes_mini_subset,scene-0103_015,-3,8,bicycle_rack,42.328955758048544,0,0,nan
nuscenes_mini_subset,scene-0103_015,-3,9,Car,9.834046648031775,162,119,73.45679012345678
nuscenes_mini_subset,scene-0103_015,-3,10,Motorcycle,41.16172114918558,1,0,0.0
nuscenes_mini_subset,scene-0103_015,-3,11,Pedestrian,28.017448050980935,1,0,0.0
nuscenes_mini_subset,scene-0103_015,-3,12,Truck,57.76939327123482,1,0,0.0
nuscenes_mini_subset,scene-0103_015,-3,13,Car,27.785970893814667,2,1,50.0
nuscenes_mini_subset,scene-0103_015,-3,14,Car,21.15452977387908,23,12,52.17391304347826
nuscenes_mini_subset,scene-0103_015,-3,15,Car,81.19183325253933,0,0,nan
nuscenes_mini_subset,scene-0103_015,-3,16,Pedestrian,13.75184367805186,4,0,0.0
nuscenes_mini_subset,scene-0103_015,-3,17,Car,30.80181750885176,1,0,0.0
nuscenes_mini_subset,scene-0103_015,-2,0,Car,52.89483743423165,0,0,nan
nuscenes_mini_subset,scene-0103_015,-2,1,Car,12.20701966773989,157,155,98.72611464968153
nuscenes_mini_subset,scene-0103_015,-2,2,Car,46.41599780719808,0,0,nan
nuscenes_mini_subset,scene-0103_015,-2,3,Pedestrian,18.415521808741122,4,0,0.0
nuscenes_mini_subset,scene-0103_015,-2,4,Pedestrian,18.9309268781454,8,0,0.0
nuscenes_mini_subset,scene-0103_015,-2,5,Car,52.09328656060715,0,0,nan
nuscenes_mini_subset,scene-0103_015,-2,6,Car,41.39411914800924,6,0,0.0
nuscenes_mini_subset,scene-0103_015,-2,7,Car,24.078279499217157,2,2,100.0
nuscenes_mini_subset,scene-0103_015,-2,8,bicycle_rack,42.328955758048544,0,0,nan
nuscenes_mini_subset,scene-0103_015,-2,9,Car,9.834046648031775,162,137,84.5679012345679
nuscenes_mini_subset,scene-0103_015,-2,10,Motorcycle,41.16172114918558,1,0,0.0
nuscenes_mini_subset,scene-0103_015,-2,11,Pedestrian,28.017448050980935,1,0,0.0
nuscenes_mini_subset,scene-0103_015,-2,12,Truck,57.76939327123482,1,0,0.0
nuscenes_mini_subset,scene-0103_015,-2,13,Car,27.785970893814667,2,2,100.0
nuscenes_mini_subset,scene-0103_015,-2,14,Car,21.15452977387908,23,19,82.6086956521739
nuscenes_mini_subset,scene-0103_015,-2,15,Car,81.19183325253933,0,0,nan
nuscenes_mini_subset,scene-0103_015,-2,16,Pedestrian,13.75184367805186,4,0,0.0
nuscenes_mini_subset,scene-0103_015,-2,17,Car,30.80181750885176,1,1,100.0
nuscenes_mini_subset,scene-0103_015,-1,0,Car,52.89483743423165,0,0,nan
nuscenes_mini_subset,scene-0103_015,-1,1,Car,12.20701966773989,157,157,100.0
nuscenes_mini_subset,scene-0103_015,-1,2,Car,46.41599780719808,0,0,nan
nuscenes_mini_subset,scene-0103_015,-1,3,Pedestrian,18.415521808741122,4,2,50.0
nuscenes_mini_subset,scene-0103_015,-1,4,Pedestrian,18.9309268781454,8,2,25.0
nuscenes_mini_subset,scene-0103_015,-1,5,Car,52.09328656060715,0,0,nan
nuscenes_mini_subset,scene-0103_015,-1,6,Car,41.39411914800924,6,3,50.0
nuscenes_mini_subset,scene-0103_015,-1,7,Car,24.078279499217157,2,2,100.0
nuscenes_mini_subset,scene-0103_015,-1,8,bicycle_rack,42.328955758048544,0,0,nan
nuscenes_mini_subset,scene-0103_015,-1,9,Car,9.834046648031775,162,148,91.35802469135803
nuscenes_mini_subset,scene-0103_015,-1,10,Motorcycle,41.16172114918558,1,0,0.0
nuscenes_mini_subset,scene-0103_015,-1,11,Pedestrian,28.017448050980935,1,1,100.0
nuscenes_mini_subset,scene-0103_015,-1,12,Truck,57.76939327123482,1,0,0.0
nuscenes_mini_subset,scene-0103_015,-1,13,Car,27.785970893814667,2,2,100.0
nuscenes_mini_subset,scene-0103_015,-1,14,Car,21.15452977387908,23,22,95.65217391304348
nuscenes_mini_subset,scene-0103_015,-1,15,Car,81.19183325253933,0,0,nan
nuscenes_mini_subset,scene-0103_015,-1,16,Pedestrian,13.75184367805186,4,0,0.0
nuscenes_mini_subset,scene-0103_015,-1,17,Car,30.80181750885176,1,1,100.0
nuscenes_mini_subset,scene-0103_015,-0.5,0,Car,52.89483743423165,0,0,nan
nuscenes_mini_subset,scene-0103_015,-0.5,1,Car,12.20701966773989,157,157,100.0
nuscenes_mini_subset,scene-0103_015,-0.5,2,Car,46.41599780719808,0,0,nan
nuscenes_mini_subset,scene-0103_015,-0.5,3,Pedestrian,18.415521808741122,4,4,100.0
nuscenes_mini_subset,scene-0103_015,-0.5,4,Pedestrian,18.9309268781454,8,6,75.0
nuscenes_mini_subset,scene-0103_015,-0.5,5,Car,52.09328656060715,0,0,nan
nuscenes_mini_subset,scene-0103_015,-0.5,6,Car,41.39411914800924,6,5,83.33333333333333
nuscenes_mini_subset,scene-0103_015,-0.5,7,Car,24.078279499217157,2,2,100.0
nuscenes_mini_subset,scene-0103_015,-0.5,8,bicycle_rack,42.328955758048544,0,0,nan
nuscenes_mini_subset,scene-0103_015,-0.5,9,Car,9.834046648031775,162,154,95.06172839506173
nuscenes_mini_subset,scene-0103_015,-0.5,10,Motorcycle,41.16172114918558,1,0,0.0
nuscenes_mini_subset,scene-0103_015,-0.5,11,Pedestrian,28.017448050980935,1,1,100.0
nuscenes_mini_subset,scene-0103_015,-0.5,12,Truck,57.76939327123482,1,1,100.0
nuscenes_mini_subset,scene-0103_015,-0.5,13,Car,27.785970893814667,2,2,100.0
nuscenes_mini_subset,scene-0103_015,-0.5,14,Car,21.15452977387908,23,23,100.0
nuscenes_mini_subset,scene-0103_015,-0.5,15,Car,81.19183325253933,0,0,nan
nuscenes_mini_subset,scene-0103_015,-0.5,16,Pedestrian,13.75184367805186,4,0,0.0
nuscenes_mini_subset,scene-0103_015,-0.5,17,Car,30.80181750885176,1,1,100.0
nuscenes_mini_subset,scene-0103_015,0,0,Car,52.89483743423165,0,0,nan
nuscenes_mini_subset,scene-0103_015,0,1,Car,12.20701966773989,157,157,100.0
nuscenes_mini_subset,scene-0103_015,0,2,Car,46.41599780719808,0,0,nan
nuscenes_mini_subset,scene-0103_015,0,3,Pedestrian,18.415521808741122,4,4,100.0
nuscenes_mini_subset,scene-0103_015,0,4,Pedestrian,18.9309268781454,8,8,100.0
nuscenes_mini_subset,scene-0103_015,0,5,Car,52.09328656060715,0,0,nan
nuscenes_mini_subset,scene-0103_015,0,6,Car,41.39411914800924,6,6,100.0
nuscenes_mini_subset,scene-0103_015,0,7,Car,24.078279499217157,2,2,100.0
nuscenes_mini_subset,scene-0103_015,0,8,bicycle_rack,42.328955758048544,0,0,nan
nuscenes_mini_subset,scene-0103_015,0,9,Car,9.834046648031775,162,162,100.0
nuscenes_mini_subset,scene-0103_015,0,10,Motorcycle,41.16172114918558,1,1,100.0
nuscenes_mini_subset,scene-0103_015,0,11,Pedestrian,28.017448050980935,1,1,100.0
nuscenes_mini_subset,scene-0103_015,0,12,Truck,57.76939327123482,1,1,100.0
nuscenes_mini_subset,scene-0103_015,0,13,Car,27.785970893814667,2,2,100.0
nuscenes_mini_subset,scene-0103_015,0,14,Car,21.15452977387908,23,23,100.0
nuscenes_mini_subset,scene-0103_015,0,15,Car,81.19183325253933,0,0,nan
nuscenes_mini_subset,scene-0103_015,0,16,Pedestrian,13.75184367805186,4,4,100.0
nuscenes_mini_subset,scene-0103_015,0,17,Car,30.80181750885176,1,1,100.0
nuscenes_mini_subset,scene-0103_015,0.5,0,Car,52.89483743423165,0,0,nan
nuscenes_mini_subset,scene-0103_015,0.5,1,Car,12.20701966773989,157,157,100.0
nuscenes_mini_subset,scene-0103_015,0.5,2,Car,46.41599780719808,0,0,nan
nuscenes_mini_subset,scene-0103_015,0.5,3,Pedestrian,18.415521808741122,4,2,50.0
nuscenes_mini_subset,scene-0103_015,0.5,4,Pedestrian,18.9309268781454,8,8,100.0
nuscenes_mini_subset,scene-0103_015,0.5,5,Car,52.09328656060715,0,0,nan
nuscenes_mini_subset,scene-0103_015,0.5,6,Car,41.39411914800924,6,6,100.0
nuscenes_mini_subset,scene-0103_015,0.5,7,Car,24.078279499217157,2,2,100.0
nuscenes_mini_subset,scene-0103_015,0.5,8,bicycle_rack,42.328955758048544,0,0,nan
nuscenes_mini_subset,scene-0103_015,0.5,9,Car,9.834046648031775,162,162,100.0
nuscenes_mini_subset,scene-0103_015,0.5,10,Motorcycle,41.16172114918558,1,1,100.0
nuscenes_mini_subset,scene-0103_015,0.5,11,Pedestrian,28.017448050980935,1,0,0.0
nuscenes_mini_subset,scene-0103_015,0.5,12,Truck,57.76939327123482,1,1,100.0
nuscenes_mini_subset,scene-0103_015,0.5,13,Car,27.785970893814667,2,2,100.0
nuscenes_mini_subset,scene-0103_015,0.5,14,Car,21.15452977387908,23,23,100.0
nuscenes_mini_subset,scene-0103_015,0.5,15,Car,81.19183325253933,0,0,nan
nuscenes_mini_subset,scene-0103_015,0.5,16,Pedestrian,13.75184367805186,4,4,100.0
nuscenes_mini_subset,scene-0103_015,0.5,17,Car,30.80181750885176,1,1,100.0
nuscenes_mini_subset,scene-0103_015,1,0,Car,52.89483743423165,0,0,nan
nuscenes_mini_subset,scene-0103_015,1,1,Car,12.20701966773989,157,157,100.0
nuscenes_mini_subset,scene-0103_015,1,2,Car,46.41599780719808,0,0,nan
nuscenes_mini_subset,scene-0103_015,1,3,Pedestrian,18.415521808741122,4,0,0.0
nuscenes_mini_subset,scene-0103_015,1,4,Pedestrian,18.9309268781454,8,6,75.0
nuscenes_mini_subset,scene-0103_015,1,5,Car,52.09328656060715,0,0,nan
nuscenes_mini_subset,scene-0103_015,1,6,Car,41.39411914800924,6,4,66.66666666666667
nuscenes_mini_subset,scene-0103_015,1,7,Car,24.078279499217157,2,2,100.0
nuscenes_mini_subset,scene-0103_015,1,8,bicycle_rack,42.328955758048544,0,0,nan
nuscenes_mini_subset,scene-0103_015,1,9,Car,9.834046648031775,162,162,100.0
nuscenes_mini_subset,scene-0103_015,1,10,Motorcycle,41.16172114918558,1,0,0.0
nuscenes_mini_subset,scene-0103_015,1,11,Pedestrian,28.017448050980935,1,0,0.0
nuscenes_mini_subset,scene-0103_015,1,12,Truck,57.76939327123482,1,1,100.0
nuscenes_mini_subset,scene-0103_015,1,13,Car,27.785970893814667,2,1,50.0
nuscenes_mini_subset,scene-0103_015,1,14,Car,21.15452977387908,23,23,100.0
nuscenes_mini_subset,scene-0103_015,1,15,Car,81.19183325253933,0,0,nan
nuscenes_mini_subset,scene-0103_015,1,16,Pedestrian,13.75184367805186,4,3,75.0
nuscenes_mini_subset,scene-0103_015,1,17,Car,30.80181750885176,1,1,100.0
nuscenes_mini_subset,scene-0103_015,2,0,Car,52.89483743423165,0,0,nan
nuscenes_mini_subset,scene-0103_015,2,1,Car,12.20701966773989,157,154,98.08917197452229
nuscenes_mini_subset,scene-0103_015,2,2,Car,46.41599780719808,0,0,nan
nuscenes_mini_subset,scene-0103_015,2,3,Pedestrian,18.415521808741122,4,0,0.0
nuscenes_mini_subset,scene-0103_015,2,4,Pedestrian,18.9309268781454,8,0,0.0
nuscenes_mini_subset,scene-0103_015,2,5,Car,52.09328656060715,0,0,nan
nuscenes_mini_subset,scene-0103_015,2,6,Car,41.39411914800924,6,1,16.666666666666668
nuscenes_mini_subset,scene-0103_015,2,7,Car,24.078279499217157,2,2,100.0
nuscenes_mini_subset,scene-0103_015,2,8,bicycle_rack,42.328955758048544,0,0,nan
nuscenes_mini_subset,scene-0103_015,2,9,Car,9.834046648031775,162,156,96.29629629629629
nuscenes_mini_subset,scene-0103_015,2,10,Motorcycle,41.16172114918558,1,0,0.0
nuscenes_mini_subset,scene-0103_015,2,11,Pedestrian,28.017448050980935,1,0,0.0
nuscenes_mini_subset,scene-0103_015,2,12,Truck,57.76939327123482,1,1,100.0
nuscenes_mini_subset,scene-0103_015,2,13,Car,27.785970893814667,2,1,50.0
nuscenes_mini_subset,scene-0103_015,2,14,Car,21.15452977387908,23,20,86.95652173913044
nuscenes_mini_subset,scene-0103_015,2,15,Car,81.19183325253933,0,0,nan
nuscenes_mini_subset,scene-0103_015,2,16,Pedestrian,13.75184367805186,4,0,0.0
nuscenes_mini_subset,scene-0103_015,2,17,Car,30.80181750885176,1,1,100.0
nuscenes_mini_subset,scene-0103_015,3,0,Car,52.89483743423165,0,0,nan
nuscenes_mini_subset,scene-0103_015,3,1,Car,12.20701966773989,157,149,94.90445859872611
nuscenes_mini_subset,scene-0103_015,3,2,Car,46.41599780719808,0,0,nan
nuscenes_mini_subset,scene-0103_015,3,3,Pedestrian,18.415521808741122,4,0,0.0
nuscenes_mini_subset,scene-0103_015,3,4,Pedestrian,18.9309268781454,8,0,0.0
nuscenes_mini_subset,scene-0103_015,3,5,Car,52.09328656060715,0,0,nan
nuscenes_mini_subset,scene-0103_015,3,6,Car,41.39411914800924,6,0,0.0
nuscenes_mini_subset,scene-0103_015,3,7,Car,24.078279499217157,2,2,100.0
nuscenes_mini_subset,scene-0103_015,3,8,bicycle_rack,42.328955758048544,0,0,nan
nuscenes_mini_subset,scene-0103_015,3,9,Car,9.834046648031775,162,150,92.5925925925926
nuscenes_mini_subset,scene-0103_015,3,10,Motorcycle,41.16172114918558,1,0,0.0
nuscenes_mini_subset,scene-0103_015,3,11,Pedestrian,28.017448050980935,1,0,0.0
nuscenes_mini_subset,scene-0103_015,3,12,Truck,57.76939327123482,1,0,0.0
nuscenes_mini_subset,scene-0103_015,3,13,Car,27.785970893814667,2,1,50.0
nuscenes_mini_subset,scene-0103_015,3,14,Car,21.15452977387908,23,17,73.91304347826087
nuscenes_mini_subset,scene-0103_015,3,15,Car,81.19183325253933,0,0,nan
nuscenes_mini_subset,scene-0103_015,3,16,Pedestrian,13.75184367805186,4,0,0.0
nuscenes_mini_subset,scene-0103_015,3,17,Car,30.80181750885176,1,1,100.0
nuscenes_mini_subset,scene-0103_016,-3,0,Car,51.9666221733821,0,0,nan
nuscenes_mini_subset,scene-0103_016,-3,1,Car,12.262669590648954,146,146,100.0
nuscenes_mini_subset,scene-0103_016,-3,2,Car,45.47224520544416,0,0,nan
nuscenes_mini_subset,scene-0103_016,-3,3,Pedestrian,17.500676176698672,4,0,0.0
nuscenes_mini_subset,scene-0103_016,-3,4,Car,51.149675012589775,0,0,nan
nuscenes_mini_subset,scene-0103_016,-3,5,Car,40.45221541559266,4,0,0.0
nuscenes_mini_subset,scene-0103_016,-3,6,Car,23.026240401432727,0,0,nan
nuscenes_mini_subset,scene-0103_016,-3,7,bicycle_rack,41.39227589128833,2,0,0.0
nuscenes_mini_subset,scene-0103_016,-3,8,Car,65.09334704542263,1,0,0.0
nuscenes_mini_subset,scene-0103_016,-3,9,Car,8.83975314273513,162,120,74.07407407407408
nuscenes_mini_subset,scene-0103_016,-3,10,Motorcycle,40.21535095783686,0,0,nan
nuscenes_mini_subset,scene-0103_016,-3,11,Pedestrian,27.772686336134477,4,0,0.0
nuscenes_mini_subset,scene-0103_016,-3,12,Truck,56.83225778136607,7,1,14.285714285714286
nuscenes_mini_subset,scene-0103_016,-3,13,Car,26.871096792333564,1,0,0.0
nuscenes_mini_subset,scene-0103_016,-3,14,Car,20.14412328605612,5,2,40.0
nuscenes_mini_subset,scene-0103_016,-3,15,Car,80.25007671793743,1,0,0.0
nuscenes_mini_subset,scene-0103_016,-3,16,Car,29.85321031473117,0,0,nan
nuscenes_mini_subset,scene-0103_016,-2,0,Car,51.9666221733821,0,0,nan
nuscenes_mini_subset,scene-0103_016,-2,1,Car,12.262669590648954,146,146,100.0
nuscenes_mini_subset,scene-0103_016,-2,2,Car,45.47224520544416,0,0,nan
nuscenes_mini_subset,scene-0103_016,-2,3,Pedestrian,17.500676176698672,4,0,0.0
nuscenes_mini_subset,scene-0103_016,-2,4,Car,51.149675012589775,0,0,nan
nuscenes_mini_subset,scene-0103_016,-2,5,Car,40.45221541559266,4,0,0.0
nuscenes_mini_subset,scene-0103_016,-2,6,Car,23.026240401432727,0,0,nan
nuscenes_mini_subset,scene-0103_016,-2,7,bicycle_rack,41.39227589128833,2,0,0.0
nuscenes_mini_subset,scene-0103_016,-2,8,Car,65.09334704542263,1,0,0.0
nuscenes_mini_subset,scene-0103_016,-2,9,Car,8.83975314273513,162,132,81.48148148148148
nuscenes_mini_subset,scene-0103_016,-2,10,Motorcycle,40.21535095783686,0,0,nan
nuscenes_mini_subset,scene-0103_016,-2,11,Pedestrian,27.772686336134477,4,0,0.0
nuscenes_mini_subset,scene-0103_016,-2,12,Truck,56.83225778136607,7,4,57.142857142857146
nuscenes_mini_subset,scene-0103_016,-2,13,Car,26.871096792333564,1,1,100.0
nuscenes_mini_subset,scene-0103_016,-2,14,Car,20.14412328605612,5,3,60.0
nuscenes_mini_subset,scene-0103_016,-2,15,Car,80.25007671793743,1,0,0.0
nuscenes_mini_subset,scene-0103_016,-2,16,Car,29.85321031473117,0,0,nan
nuscenes_mini_subset,scene-0103_016,-1,0,Car,51.9666221733821,0,0,nan
nuscenes_mini_subset,scene-0103_016,-1,1,Car,12.262669590648954,146,146,100.0
nuscenes_mini_subset,scene-0103_016,-1,2,Car,45.47224520544416,0,0,nan
nuscenes_mini_subset,scene-0103_016,-1,3,Pedestrian,17.500676176698672,4,0,0.0
nuscenes_mini_subset,scene-0103_016,-1,4,Car,51.149675012589775,0,0,nan
nuscenes_mini_subset,scene-0103_016,-1,5,Car,40.45221541559266,4,3,75.0
nuscenes_mini_subset,scene-0103_016,-1,6,Car,23.026240401432727,0,0,nan
nuscenes_mini_subset,scene-0103_016,-1,7,bicycle_rack,41.39227589128833,2,0,0.0
nuscenes_mini_subset,scene-0103_016,-1,8,Car,65.09334704542263,1,0,0.0
nuscenes_mini_subset,scene-0103_016,-1,9,Car,8.83975314273513,162,146,90.12345679012346
nuscenes_mini_subset,scene-0103_016,-1,10,Motorcycle,40.21535095783686,0,0,nan
nuscenes_mini_subset,scene-0103_016,-1,11,Pedestrian,27.772686336134477,4,0,0.0
nuscenes_mini_subset,scene-0103_016,-1,12,Truck,56.83225778136607,7,6,85.71428571428571
nuscenes_mini_subset,scene-0103_016,-1,13,Car,26.871096792333564,1,1,100.0
nuscenes_mini_subset,scene-0103_016,-1,14,Car,20.14412328605612,5,5,100.0
nuscenes_mini_subset,scene-0103_016,-1,15,Car,80.25007671793743,1,0,0.0
nuscenes_mini_subset,scene-0103_016,-1,16,Car,29.85321031473117,0,0,nan
nuscenes_mini_subset,scene-0103_016,-0.5,0,Car,51.9666221733821,0,0,nan
nuscenes_mini_subset,scene-0103_016,-0.5,1,Car,12.262669590648954,146,146,100.0
nuscenes_mini_subset,scene-0103_016,-0.5,2,Car,45.47224520544416,0,0,nan
nuscenes_mini_subset,scene-0103_016,-0.5,3,Pedestrian,17.500676176698672,4,3,75.0
nuscenes_mini_subset,scene-0103_016,-0.5,4,Car,51.149675012589775,0,0,nan
nuscenes_mini_subset,scene-0103_016,-0.5,5,Car,40.45221541559266,4,4,100.0
nuscenes_mini_subset,scene-0103_016,-0.5,6,Car,23.026240401432727,0,0,nan
nuscenes_mini_subset,scene-0103_016,-0.5,7,bicycle_rack,41.39227589128833,2,1,50.0
nuscenes_mini_subset,scene-0103_016,-0.5,8,Car,65.09334704542263,1,1,100.0
nuscenes_mini_subset,scene-0103_016,-0.5,9,Car,8.83975314273513,162,153,94.44444444444444
nuscenes_mini_subset,scene-0103_016,-0.5,10,Motorcycle,40.21535095783686,0,0,nan
nuscenes_mini_subset,scene-0103_016,-0.5,11,Pedestrian,27.772686336134477,4,4,100.0
nuscenes_mini_subset,scene-0103_016,-0.5,12,Truck,56.83225778136607,7,7,100.0
nuscenes_mini_subset,scene-0103_016,-0.5,13,Car,26.871096792333564,1,1,100.0
nuscenes_mini_subset,scene-0103_016,-0.5,14,Car,20.14412328605612,5,5,100.0
nuscenes_mini_subset,scene-0103_016,-0.5,15,Car,80.25007671793743,1,1,100.0
nuscenes_mini_subset,scene-0103_016,-0.5,16,Car,29.85321031473117,0,0,nan
nuscenes_mini_subset,scene-0103_016,0,0,Car,51.9666221733821,0,0,nan
nuscenes_mini_subset,scene-0103_016,0,1,Car,12.262669590648954,146,146,100.0
nuscenes_mini_subset,scene-0103_016,0,2,Car,45.47224520544416,0,0,nan
nuscenes_mini_subset,scene-0103_016,0,3,Pedestrian,17.500676176698672,4,4,100.0
nuscenes_mini_subset,scene-0103_016,0,4,Car,51.149675012589775,0,0,nan
nuscenes_mini_subset,scene-0103_016,0,5,Car,40.45221541559266,4,4,100.0
nuscenes_mini_subset,scene-0103_016,0,6,Car,23.026240401432727,0,0,nan
nuscenes_mini_subset,scene-0103_016,0,7,bicycle_rack,41.39227589128833,2,2,100.0
nuscenes_mini_subset,scene-0103_016,0,8,Car,65.09334704542263,1,1,100.0
nuscenes_mini_subset,scene-0103_016,0,9,Car,8.83975314273513,162,160,98.76543209876543
nuscenes_mini_subset,scene-0103_016,0,10,Motorcycle,40.21535095783686,0,0,nan
nuscenes_mini_subset,scene-0103_016,0,11,Pedestrian,27.772686336134477,4,4,100.0
nuscenes_mini_subset,scene-0103_016,0,12,Truck,56.83225778136607,7,7,100.0
nuscenes_mini_subset,scene-0103_016,0,13,Car,26.871096792333564,1,1,100.0
nuscenes_mini_subset,scene-0103_016,0,14,Car,20.14412328605612,5,5,100.0
nuscenes_mini_subset,scene-0103_016,0,15,Car,80.25007671793743,1,1,100.0
nuscenes_mini_subset,scene-0103_016,0,16,Car,29.85321031473117,0,0,nan
nuscenes_mini_subset,scene-0103_016,0.5,0,Car,51.9666221733821,0,0,nan
nuscenes_mini_subset,scene-0103_016,0.5,1,Car,12.262669590648954,146,145,99.31506849315069
nuscenes_mini_subset,scene-0103_016,0.5,2,Car,45.47224520544416,0,0,nan
nuscenes_mini_subset,scene-0103_016,0.5,3,Pedestrian,17.500676176698672,4,2,50.0
nuscenes_mini_subset,scene-0103_016,0.5,4,Car,51.149675012589775,0,0,nan
nuscenes_mini_subset,scene-0103_016,0.5,5,Car,40.45221541559266,4,4,100.0
nuscenes_mini_subset,scene-0103_016,0.5,6,Car,23.026240401432727,0,0,nan
nuscenes_mini_subset,scene-0103_016,0.5,7,bicycle_rack,41.39227589128833,2,2,100.0
nuscenes_mini_subset,scene-0103_016,0.5,8,Car,65.09334704542263,1,1,100.0
nuscenes_mini_subset,scene-0103_016,0.5,9,Car,8.83975314273513,162,162,100.0
nuscenes_mini_subset,scene-0103_016,0.5,10,Motorcycle,40.21535095783686,0,0,nan
nuscenes_mini_subset,scene-0103_016,0.5,11,Pedestrian,27.772686336134477,4,3,75.0
nuscenes_mini_subset,scene-0103_016,0.5,12,Truck,56.83225778136607,7,6,85.71428571428571
nuscenes_mini_subset,scene-0103_016,0.5,13,Car,26.871096792333564,1,1,100.0
nuscenes_mini_subset,scene-0103_016,0.5,14,Car,20.14412328605612,5,5,100.0
nuscenes_mini_subset,scene-0103_016,0.5,15,Car,80.25007671793743,1,1,100.0
nuscenes_mini_subset,scene-0103_016,0.5,16,Car,29.85321031473117,0,0,nan
nuscenes_mini_subset,scene-0103_016,1,0,Car,51.9666221733821,0,0,nan
nuscenes_mini_subset,scene-0103_016,1,1,Car,12.262669590648954,146,144,98.63013698630137
nuscenes_mini_subset,scene-0103_016,1,2,Car,45.47224520544416,0,0,nan
nuscenes_mini_subset,scene-0103_016,1,3,Pedestrian,17.500676176698672,4,0,0.0
nuscenes_mini_subset,scene-0103_016,1,4,Car,51.149675012589775,0,0,nan
nuscenes_mini_subset,scene-0103_016,1,5,Car,40.45221541559266,4,3,75.0
nuscenes_mini_subset,scene-0103_016,1,6,Car,23.026240401432727,0,0,nan
nuscenes_mini_subset,scene-0103_016,1,7,bicycle_rack,41.39227589128833,2,2,100.0
nuscenes_mini_subset,scene-0103_016,1,8,Car,65.09334704542263,1,1,100.0
nuscenes_mini_subset,scene-0103_016,1,9,Car,8.83975314273513,162,162,100.0
nuscenes_mini_subset,scene-0103_016,1,10,Motorcycle,40.21535095783686,0,0,nan
nuscenes_mini_subset,scene-0103_016,1,11,Pedestrian,27.772686336134477,4,0,0.0
nuscenes_mini_subset,scene-0103_016,1,12,Truck,56.83225778136607,7,5,71.42857142857143
nuscenes_mini_subset,scene-0103_016,1,13,Car,26.871096792333564,1,1,100.0
nuscenes_mini_subset,scene-0103_016,1,14,Car,20.14412328605612,5,5,100.0
nuscenes_mini_subset,scene-0103_016,1,15,Car,80.25007671793743,1,0,0.0
nuscenes_mini_subset,scene-0103_016,1,16,Car,29.85321031473117,0,0,nan
nuscenes_mini_subset,scene-0103_016,2,0,Car,51.9666221733821,0,0,nan
nuscenes_mini_subset,scene-0103_016,2,1,Car,12.262669590648954,146,140,95.89041095890411
nuscenes_mini_subset,scene-0103_016,2,2,Car,45.47224520544416,0,0,nan
nuscenes_mini_subset,scene-0103_016,2,3,Pedestrian,17.500676176698672,4,0,0.0
nuscenes_mini_subset,scene-0103_016,2,4,Car,51.149675012589775,0,0,nan
nuscenes_mini_subset,scene-0103_016,2,5,Car,40.45221541559266,4,0,0.0
nuscenes_mini_subset,scene-0103_016,2,6,Car,23.026240401432727,0,0,nan
nuscenes_mini_subset,scene-0103_016,2,7,bicycle_rack,41.39227589128833,2,2,100.0
nuscenes_mini_subset,scene-0103_016,2,8,Car,65.09334704542263,1,0,0.0
nuscenes_mini_subset,scene-0103_016,2,9,Car,8.83975314273513,162,154,95.06172839506173
nuscenes_mini_subset,scene-0103_016,2,10,Motorcycle,40.21535095783686,0,0,nan
nuscenes_mini_subset,scene-0103_016,2,11,Pedestrian,27.772686336134477,4,0,0.0
nuscenes_mini_subset,scene-0103_016,2,12,Truck,56.83225778136607,7,2,28.571428571428573
nuscenes_mini_subset,scene-0103_016,2,13,Car,26.871096792333564,1,1,100.0
nuscenes_mini_subset,scene-0103_016,2,14,Car,20.14412328605612,5,4,80.0
nuscenes_mini_subset,scene-0103_016,2,15,Car,80.25007671793743,1,0,0.0
nuscenes_mini_subset,scene-0103_016,2,16,Car,29.85321031473117,0,0,nan
nuscenes_mini_subset,scene-0103_016,3,0,Car,51.9666221733821,0,0,nan
nuscenes_mini_subset,scene-0103_016,3,1,Car,12.262669590648954,146,134,91.78082191780823
nuscenes_mini_subset,scene-0103_016,3,2,Car,45.47224520544416,0,0,nan
nuscenes_mini_subset,scene-0103_016,3,3,Pedestrian,17.500676176698672,4,0,0.0
nuscenes_mini_subset,scene-0103_016,3,4,Car,51.149675012589775,0,0,nan
nuscenes_mini_subset,scene-0103_016,3,5,Car,40.45221541559266,4,0,0.0
nuscenes_mini_subset,scene-0103_016,3,6,Car,23.026240401432727,0,0,nan
nuscenes_mini_subset,scene-0103_016,3,7,bicycle_rack,41.39227589128833,2,2,100.0
nuscenes_mini_subset,scene-0103_016,3,8,Car,65.09334704542263,1,0,0.0
nuscenes_mini_subset,scene-0103_016,3,9,Car,8.83975314273513,162,145,89.50617283950618
nuscenes_mini_subset,scene-0103_016,3,10,Motorcycle,40.21535095783686,0,0,nan
nuscenes_mini_subset,scene-0103_016,3,11,Pedestrian,27.772686336134477,4,0,0.0
nuscenes_mini_subset,scene-0103_016,3,12,Truck,56.83225778136607,7,0,0.0
nuscenes_mini_subset,scene-0103_016,3,13,Car,26.871096792333564,1,1,100.0
nuscenes_mini_subset,scene-0103_016,3,14,Car,20.14412328605612,5,4,80.0
nuscenes_mini_subset,scene-0103_016,3,15,Car,80.25007671793743,1,0,0.0
nuscenes_mini_subset,scene-0103_016,3,16,Car,29.85321031473117,0,0,nan
nuscenes_mini_subset,scene-0103_017,-3,0,Car,51.245686808291104,0,0,nan
nuscenes_mini_subset,scene-0103_017,-3,1,Car,40.74368170375081,0,0,nan
nuscenes_mini_subset,scene-0103_017,-3,2,Car,12.749785878857352,113,113,100.0
nuscenes_mini_subset,scene-0103_017,-3,3,Car,44.73306100539138,0,0,nan
nuscenes_mini_subset,scene-0103_017,-3,4,Car,77.15431775967893,1,0,0.0
nuscenes_mini_subset,scene-0103_017,-3,5,Car,50.50966435073983,1,0,0.0
nuscenes_mini_subset,scene-0103_017,-3,6,Car,50.410398986588014,0,0,nan
nuscenes_mini_subset,scene-0103_017,-3,7,Car,39.70562053007717,6,0,0.0
nuscenes_mini_subset,scene-0103_017,-3,8,Car,56.48428698771275,1,0,0.0
nuscenes_mini_subset,scene-0103_017,-3,9,Car,22.155651016117837,27,26,96.29629629629629
nuscenes_mini_subset,scene-0103_017,-3,10,bicycle_rack,40.63680661874898,0,0,nan
nuscenes_mini_subset,scene-0103_017,-3,11,Car,64.33803119629728,0,0,nan
nuscenes_mini_subset,scene-0103_017,-3,12,Car,8.039844431349461,141,86,60.99290780141844
nuscenes_mini_subset,scene-0103_017,-3,13,Motorcycle,39.46737180133506,0,0,nan
nuscenes_mini_subset,scene-0103_017,-3,14,Pedestrian,27.727171017890367,3,0,0.0
nuscenes_mini_subset,scene-0103_017,-3,15,Truck,56.076064970819544,9,1,11.11111111111111
nuscenes_mini_subset,scene-0103_017,-3,16,Car,25.957046170816874,9,3,33.333333333333336
nuscenes_mini_subset,scene-0103_017,-3,17,Car,18.822908092932927,0,0,nan
nuscenes_mini_subset,scene-0103_017,-3,18,Car,79.50370175928225,0,0,nan
nuscenes_mini_subset,scene-0103_017,-3,19,Car,25.941342505600304,2,0,0.0
nuscenes_mini_subset,scene-0103_017,-3,20,Car,29.086190047882685,0,0,nan
nuscenes_mini_subset,scene-0103_017,-3,21,Car,44.442511302437495,2,0,0.0
nuscenes_mini_subset,scene-0103_017,-2,0,Car,51.245686808291104,0,0,nan
nuscenes_mini_subset,scene-0103_017,-2,1,Car,40.74368170375081,0,0,nan
nuscenes_mini_subset,scene-0103_017,-2,2,Car,12.749785878857352,113,113,100.0
nuscenes_mini_subset,scene-0103_017,-2,3,Car,44.73306100539138,0,0,nan
nuscenes_mini_subset,scene-0103_017,-2,4,Car,77.15431775967893,1,0,0.0
nuscenes_mini_subset,scene-0103_017,-2,5,Car,50.50966435073983,1,0,0.0
nuscenes_mini_subset,scene-0103_017,-2,6,Car,50.410398986588014,0,0,nan
nuscenes_mini_subset,scene-0103_017,-2,7,Car,39.70562053007717,6,1,16.666666666666668
nuscenes_mini_subset,scene-0103_017,-2,8,Car,56.48428698771275,1,0,0.0
nuscenes_mini_subset,scene-0103_017,-2,9,Car,22.155651016117837,27,27,100.0
nuscenes_mini_subset,scene-0103_017,-2,10,bicycle_rack,40.63680661874898,0,0,nan
nuscenes_mini_subset,scene-0103_017,-2,11,Car,64.33803119629728,0,0,nan
nuscenes_mini_subset,scene-0103_017,-2,12,Car,8.039844431349461,141,103,73.04964539007092
nuscenes_mini_subset,scene-0103_017,-2,13,Motorcycle,39.46737180133506,0,0,nan
nuscenes_mini_subset,scene-0103_017,-2,14,Pedestrian,27.727171017890367,3,0,0.0
nuscenes_mini_subset,scene-0103_017,-2,15,Truck,56.076064970819544,9,3,33.333333333333336
nuscenes_mini_subset,scene-0103_017,-2,16,Car,25.957046170816874,9,5,55.55555555555556
nuscenes_mini_subset,scene-0103_017,-2,17,Car,18.822908092932927,0,0,nan
nuscenes_mini_subset,scene-0103_017,-2,18,Car,79.50370175928225,0,0,nan
nuscenes_mini_subset,scene-0103_017,-2,19,Car,25.941342505600304,2,0,0.0
nuscenes_mini_subset,scene-0103_017,-2,20,Car,29.086190047882685,0,0,nan
nuscenes_mini_subset,scene-0103_017,-2,21,Car,44.442511302437495,2,2,100.0
nuscenes_mini_subset,scene-0103_017,-1,0,Car,51.245686808291104,0,0,nan
nuscenes_mini_subset,scene-0103_017,-1,1,Car,40.74368170375081,0,0,nan
nuscenes_mini_subset,scene-0103_017,-1,2,Car,12.749785878857352,113,113,100.0
nuscenes_mini_subset,scene-0103_017,-1,3,Car,44.73306100539138,0,0,nan
nuscenes_mini_subset,scene-0103_017,-1,4,Car,77.15431775967893,1,0,0.0
nuscenes_mini_subset,scene-0103_017,-1,5,Car,50.50966435073983,1,1,100.0
nuscenes_mini_subset,scene-0103_017,-1,6,Car,50.410398986588014,0,0,nan
nuscenes_mini_subset,scene-0103_017,-1,7,Car,39.70562053007717,6,4,66.66666666666667
nuscenes_mini_subset,scene-0103_017,-1,8,Car,56.48428698771275,1,1,100.0
nuscenes_mini_subset,scene-0103_017,-1,9,Car,22.155651016117837,27,27,100.0
nuscenes_mini_subset,scene-0103_017,-1,10,bicycle_rack,40.63680661874898,0,0,nan
nuscenes_mini_subset,scene-0103_017,-1,11,Car,64.33803119629728,0,0,nan
nuscenes_mini_subset,scene-0103_017,-1,12,Car,8.039844431349461,141,123,87.23404255319149
nuscenes_mini_subset,scene-0103_017,-1,13,Motorcycle,39.46737180133506,0,0,nan
nuscenes_mini_subset,scene-0103_017,-1,14,Pedestrian,27.727171017890367,3,0,0.0
nuscenes_mini_subset,scene-0103_017,-1,15,Truck,56.076064970819544,9,8,88.88888888888889
nuscenes_mini_subset,scene-0103_017,-1,16,Car,25.957046170816874,9,8,88.88888888888889
nuscenes_mini_subset,scene-0103_017,-1,17,Car,18.822908092932927,0,0,nan
nuscenes_mini_subset,scene-0103_017,-1,18,Car,79.50370175928225,0,0,nan
nuscenes_mini_subset,scene-0103_017,-1,19,Car,25.941342505600304,2,0,0.0
nuscenes_mini_subset,scene-0103_017,-1,20,Car,29.086190047882685,0,0,nan
nuscenes_mini_subset,scene-0103_017,-1,21,Car,44.442511302437495,2,2,100.0
nuscenes_mini_subset,scene-0103_017,-0.5,0,Car,51.245686808291104,0,0,nan
nuscenes_mini_subset,scene-0103_017,-0.5,1,Car,40.74368170375081,0,0,nan
nuscenes_mini_subset,scene-0103_017,-0.5,2,Car,12.749785878857352,113,113,100.0
nuscenes_mini_subset,scene-0103_017,-0.5,3,Car,44.73306100539138,0,0,nan
nuscenes_mini_subset,scene-0103_017,-0.5,4,Car,77.15431775967893,1,1,100.0
nuscenes_mini_subset,scene-0103_017,-0.5,5,Car,50.50966435073983,1,1,100.0
nuscenes_mini_subset,scene-0103_017,-0.5,6,Car,50.410398986588014,0,0,nan
nuscenes_mini_subset,scene-0103_017,-0.5,7,Car,39.70562053007717,6,5,83.33333333333333
nuscenes_mini_subset,scene-0103_017,-0.5,8,Car,56.48428698771275,1,1,100.0
nuscenes_mini_subset,scene-0103_017,-0.5,9,Car,22.155651016117837,27,27,100.0
nuscenes_mini_subset,scene-0103_017,-0.5,10,bicycle_rack,40.63680661874898,0,0,nan
nuscenes_mini_subset,scene-0103_017,-0.5,11,Car,64.33803119629728,0,0,nan
nuscenes_mini_subset,scene-0103_017,-0.5,12,Car,8.039844431349461,141,129,91.48936170212765
nuscenes_mini_subset,scene-0103_017,-0.5,13,Motorcycle,39.46737180133506,0,0,nan
nuscenes_mini_subset,scene-0103_017,-0.5,14,Pedestrian,27.727171017890367,3,3,100.0
nuscenes_mini_subset,scene-0103_017,-0.5,15,Truck,56.076064970819544,9,9,100.0
nuscenes_mini_subset,scene-0103_017,-0.5,16,Car,25.957046170816874,9,9,100.0
nuscenes_mini_subset,scene-0103_017,-0.5,17,Car,18.822908092932927,0,0,nan
nuscenes_mini_subset,scene-0103_017,-0.5,18,Car,79.50370175928225,0,0,nan
nuscenes_mini_subset,scene-0103_017,-0.5,19,Car,25.941342505600304,2,1,50.0
nuscenes_mini_subset,scene-0103_017,-0.5,20,Car,29.086190047882685,0,0,nan
nuscenes_mini_subset,scene-0103_017,-0.5,21,Car,44.442511302437495,2,2,100.0
nuscenes_mini_subset,scene-0103_017,0,0,Car,51.245686808291104,0,0,nan
nuscenes_mini_subset,scene-0103_017,0,1,Car,40.74368170375081,0,0,nan
nuscenes_mini_subset,scene-0103_017,0,2,Car,12.749785878857352,113,113,100.0
nuscenes_mini_subset,scene-0103_017,0,3,Car,44.73306100539138,0,0,nan
nuscenes_mini_subset,scene-0103_017,0,4,Car,77.15431775967893,1,1,100.0
nuscenes_mini_subset,scene-0103_017,0,5,Car,50.50966435073983,1,1,100.0
nuscenes_mini_subset,scene-0103_017,0,6,Car,50.410398986588014,0,0,nan
nuscenes_mini_subset,scene-0103_017,0,7,Car,39.70562053007717,6,6,100.0
nuscenes_mini_subset,scene-0103_017,0,8,Car,56.48428698771275,1,1,100.0
nuscenes_mini_subset,scene-0103_017,0,9,Car,22.155651016117837,27,27,100.0
nuscenes_mini_subset,scene-0103_017,0,10,bicycle_rack,40.63680661874898,0,0,nan
nuscenes_mini_subset,scene-0103_017,0,11,Car,64.33803119629728,0,0,nan
nuscenes_mini_subset,scene-0103_017,0,12,Car,8.039844431349461,141,140,99.29078014184397
nuscenes_mini_subset,scene-0103_017,0,13,Motorcycle,39.46737180133506,0,0,nan
nuscenes_mini_subset,scene-0103_017,0,14,Pedestrian,27.727171017890367,3,3,100.0
nuscenes_mini_subset,scene-0103_017,0,15,Truck,56.076064970819544,9,9,100.0
nuscenes_mini_subset,scene-0103_017,0,16,Car,25.957046170816874,9,9,100.0
nuscenes_mini_subset,scene-0103_017,0,17,Car,18.822908092932927,0,0,nan
nuscenes_mini_subset,scene-0103_017,0,18,Car,79.50370175928225,0,0,nan
nuscenes_mini_subset,scene-0103_017,0,19,Car,25.941342505600304,2,2,100.0
nuscenes_mini_subset,scene-0103_017,0,20,Car,29.086190047882685,0,0,nan
nuscenes_mini_subset,scene-0103_017,0,21,Car,44.442511302437495,2,2,100.0
nuscenes_mini_subset,scene-0103_017,0.5,0,Car,51.245686808291104,0,0,nan
nuscenes_mini_subset,scene-0103_017,0.5,1,Car,40.74368170375081,0,0,nan
nuscenes_mini_subset,scene-0103_017,0.5,2,Car,12.749785878857352,113,113,100.0
nuscenes_mini_subset,scene-0103_017,0.5,3,Car,44.73306100539138,0,0,nan
nuscenes_mini_subset,scene-0103_017,0.5,4,Car,77.15431775967893,1,1,100.0
nuscenes_mini_subset,scene-0103_017,0.5,5,Car,50.50966435073983,1,1,100.0
nuscenes_mini_subset,scene-0103_017,0.5,6,Car,50.410398986588014,0,0,nan
nuscenes_mini_subset,scene-0103_017,0.5,7,Car,39.70562053007717,6,6,100.0
nuscenes_mini_subset,scene-0103_017,0.5,8,Car,56.48428698771275,1,0,0.0
nuscenes_mini_subset,scene-0103_017,0.5,9,Car,22.155651016117837,27,27,100.0
nuscenes_mini_subset,scene-0103_017,0.5,10,bicycle_rack,40.63680661874898,0,0,nan
nuscenes_mini_subset,scene-0103_017,0.5,11,Car,64.33803119629728,0,0,nan
nuscenes_mini_subset,scene-0103_017,0.5,12,Car,8.039844431349461,141,141,100.0
nuscenes_mini_subset,scene-0103_017,0.5,13,Motorcycle,39.46737180133506,0,0,nan
nuscenes_mini_subset,scene-0103_017,0.5,14,Pedestrian,27.727171017890367,3,3,100.0
nuscenes_mini_subset,scene-0103_017,0.5,15,Truck,56.076064970819544,9,8,88.88888888888889
nuscenes_mini_subset,scene-0103_017,0.5,16,Car,25.957046170816874,9,9,100.0
nuscenes_mini_subset,scene-0103_017,0.5,17,Car,18.822908092932927,0,0,nan
nuscenes_mini_subset,scene-0103_017,0.5,18,Car,79.50370175928225,0,0,nan
nuscenes_mini_subset,scene-0103_017,0.5,19,Car,25.941342505600304,2,2,100.0
nuscenes_mini_subset,scene-0103_017,0.5,20,Car,29.086190047882685,0,0,nan
nuscenes_mini_subset,scene-0103_017,0.5,21,Car,44.442511302437495,2,2,100.0
nuscenes_mini_subset,scene-0103_017,1,0,Car,51.245686808291104,0,0,nan
nuscenes_mini_subset,scene-0103_017,1,1,Car,40.74368170375081,0,0,nan
nuscenes_mini_subset,scene-0103_017,1,2,Car,12.749785878857352,113,113,100.0
nuscenes_mini_subset,scene-0103_017,1,3,Car,44.73306100539138,0,0,nan
nuscenes_mini_subset,scene-0103_017,1,4,Car,77.15431775967893,1,0,0.0
nuscenes_mini_subset,scene-0103_017,1,5,Car,50.50966435073983,1,1,100.0
nuscenes_mini_subset,scene-0103_017,1,6,Car,50.410398986588014,0,0,nan
nuscenes_mini_subset,scene-0103_017,1,7,Car,39.70562053007717,6,4,66.66666666666667
nuscenes_mini_subset,scene-0103_017,1,8,Car,56.48428698771275,1,0,0.0
nuscenes_mini_subset,scene-0103_017,1,9,Car,22.155651016117837,27,26,96.29629629629629
nuscenes_mini_subset,scene-0103_017,1,10,bicycle_rack,40.63680661874898,0,0,nan
nuscenes_mini_subset,scene-0103_017,1,11,Car,64.33803119629728,0,0,nan
nuscenes_mini_subset,scene-0103_017,1,12,Car,8.039844431349461,141,141,100.0
nuscenes_mini_subset,scene-0103_017,1,13,Motorcycle,39.46737180133506,0,0,nan
nuscenes_mini_subset,scene-0103_017,1,14,Pedestrian,27.727171017890367,3,0,0.0
nuscenes_mini_subset,scene-0103_017,1,15,Truck,56.076064970819544,9,7,77.77777777777777
nuscenes_mini_subset,scene-0103_017,1,16,Car,25.957046170816874,9,7,77.77777777777777
nuscenes_mini_subset,scene-0103_017,1,17,Car,18.822908092932927,0,0,nan
nuscenes_mini_subset,scene-0103_017,1,18,Car,79.50370175928225,0,0,nan
nuscenes_mini_subset,scene-0103_017,1,19,Car,25.941342505600304,2,2,100.0
nuscenes_mini_subset,scene-0103_017,1,20,Car,29.086190047882685,0,0,nan
nuscenes_mini_subset,scene-0103_017,1,21,Car,44.442511302437495,2,1,50.0
nuscenes_mini_subset,scene-0103_017,2,0,Car,51.245686808291104,0,0,nan
nuscenes_mini_subset,scene-0103_017,2,1,Car,40.74368170375081,0,0,nan
nuscenes_mini_subset,scene-0103_017,2,2,Car,12.749785878857352,113,110,97.34513274336283
nuscenes_mini_subset,scene-0103_017,2,3,Car,44.73306100539138,0,0,nan
nuscenes_mini_subset,scene-0103_017,2,4,Car,77.15431775967893,1,0,0.0
nuscenes_mini_subset,scene-0103_017,2,5,Car,50.50966435073983,1,0,0.0
nuscenes_mini_subset,scene-0103_017,2,6,Car,50.410398986588014,0,0,nan
nuscenes_mini_subset,scene-0103_017,2,7,Car,39.70562053007717,6,1,16.666666666666668
nuscenes_mini_subset,scene-0103_017,2,8,Car,56.48428698771275,1,0,0.0
nuscenes_mini_subset,scene-0103_017,2,9,Car,22.155651016117837,27,21,77.77777777777777
nuscenes_mini_subset,scene-0103_017,2,10,bicycle_rack,40.63680661874898,0,0,nan
nuscenes_mini_subset,scene-0103_017,2,11,Car,64.33803119629728,0,0,nan
nuscenes_mini_subset,scene-0103_017,2,12,Car,8.039844431349461,141,135,95.74468085106383
nuscenes_mini_subset,scene-0103_017,2,13,Motorcycle,39.46737180133506,0,0,nan
nuscenes_mini_subset,scene-0103_017,2,14,Pedestrian,27.727171017890367,3,0,0.0
nuscenes_mini_subset,scene-0103_017,2,15,Truck,56.076064970819544,9,4,44.44444444444444
nuscenes_mini_subset,scene-0103_017,2,16,Car,25.957046170816874,9,7,77.77777777777777
nuscenes_mini_subset,scene-0103_017,2,17,Car,18.822908092932927,0,0,nan
nuscenes_mini_subset,scene-0103_017,2,18,Car,79.50370175928225,0,0,nan
nuscenes_mini_subset,scene-0103_017,2,19,Car,25.941342505600304,2,0,0.0
nuscenes_mini_subset,scene-0103_017,2,20,Car,29.086190047882685,0,0,nan
nuscenes_mini_subset,scene-0103_017,2,21,Car,44.442511302437495,2,0,0.0
nuscenes_mini_subset,scene-0103_017,3,0,Car,51.245686808291104,0,0,nan
nuscenes_mini_subset,scene-0103_017,3,1,Car,40.74368170375081,0,0,nan
nuscenes_mini_subset,scene-0103_017,3,2,Car,12.749785878857352,113,108,95.57522123893806
nuscenes_mini_subset,scene-0103_017,3,3,Car,44.73306100539138,0,0,nan
nuscenes_mini_subset,scene-0103_017,3,4,Car,77.15431775967893,1,0,0.0
nuscenes_mini_subset,scene-0103_017,3,5,Car,50.50966435073983,1,0,0.0
nuscenes_mini_subset,scene-0103_017,3,6,Car,50.410398986588014,0,0,nan
nuscenes_mini_subset,scene-0103_017,3,7,Car,39.70562053007717,6,0,0.0
nuscenes_mini_subset,scene-0103_017,3,8,Car,56.48428698771275,1,0,0.0
nuscenes_mini_subset,scene-0103_017,3,9,Car,22.155651016117837,27,15,55.55555555555556
nuscenes_mini_subset,scene-0103_017,3,10,bicycle_rack,40.63680661874898,0,0,nan
nuscenes_mini_subset,scene-0103_017,3,11,Car,64.33803119629728,0,0,nan
nuscenes_mini_subset,scene-0103_017,3,12,Car,8.039844431349461,141,127,90.0709219858156
nuscenes_mini_subset,scene-0103_017,3,13,Motorcycle,39.46737180133506,0,0,nan
nuscenes_mini_subset,scene-0103_017,3,14,Pedestrian,27.727171017890367,3,0,0.0
nuscenes_mini_subset,scene-0103_017,3,15,Truck,56.076064970819544,9,0,0.0
nuscenes_mini_subset,scene-0103_017,3,16,Car,25.957046170816874,9,6,66.66666666666667
nuscenes_mini_subset,scene-0103_017,3,17,Car,18.822908092932927,0,0,nan
nuscenes_mini_subset,scene-0103_017,3,18,Car,79.50370175928225,0,0,nan
nuscenes_mini_subset,scene-0103_017,3,19,Car,25.941342505600304,2,0,0.0
nuscenes_mini_subset,scene-0103_017,3,20,Car,29.086190047882685,0,0,nan
nuscenes_mini_subset,scene-0103_017,3,21,Car,44.442511302437495,2,0,0.0
nuscenes_mini_subset,scene-0103_018,-3,0,Car,50.46270090081063,0,0,nan
nuscenes_mini_subset,scene-0103_018,-3,1,Car,39.95727879205579,0,0,nan
nuscenes_mini_subset,scene-0103_018,-3,2,Car,13.35710238136843,102,99,97.05882352941177
nuscenes_mini_subset,scene-0103_018,-3,3,Car,43.926136864105885,1,0,0.0
nuscenes_mini_subset,scene-0103_018,-3,4,Car,76.30168448385392,0,0,nan
nuscenes_mini_subset,scene-0103_018,-3,5,Car,49.69765655180376,0,0,nan
nuscenes_mini_subset,scene-0103_018,-3,6,Car,49.60425692442812,0,0,nan
nuscenes_mini_subset,scene-0103_018,-3,7,Car,38.685975391270645,2,0,0.0
nuscenes_mini_subset,scene-0103_018,-3,8,Car,55.65854732733512,0,0,nan
nuscenes_mini_subset,scene-0103_018,-3,9,Car,21.20040345006611,38,24,63.1578947368421
nuscenes_mini_subset,scene-0103_018,-3,10,bicycle_rack,39.782379815181606,0,0,nan
nuscenes_mini_subset,scene-0103_018,-3,11,Car,63.484981142493105,0,0,nan
nuscenes_mini_subset,scene-0103_018,-3,12,Car,7.1559270819255225,143,81,56.64335664335665
nuscenes_mini_subset,scene-0103_018,-3,13,Motorcycle,38.64550517702217,0,0,nan
nuscenes_mini_subset,scene-0103_018,-3,14,Car,49.45122104030911,1,0,0.0
nuscenes_mini_subset,scene-0103_018,-3,15,Pedestrian,27.606337715264388,1,0,0.0
nuscenes_mini_subset,scene-0103_018,-3,16,Truck,55.22228153385152,5,1,20.0
nuscenes_mini_subset,scene-0103_018,-3,17,Car,24.941948428884988,7,3,42.857142857142854
nuscenes_mini_subset,scene-0103_018,-3,18,Car,17.40782960588865,32,32,100.0
nuscenes_mini_subset,scene-0103_018,-3,19,Car,78.6793617454978,0,0,nan
nuscenes_mini_subset,scene-0103_018,-3,20,Car,25.135997179794085,0,0,nan
nuscenes_mini_subset,scene-0103_018,-3,21,Car,28.218854541012597,2,2,100.0
nuscenes_mini_subset,scene-0103_018,-3,22,Car,43.615368291085645,0,0,nan
nuscenes_mini_subset,scene-0103_018,-2,0,Car,50.46270090081063,0,0,nan
nuscenes_mini_subset,scene-0103_018,-2,1,Car,39.95727879205579,0,0,nan
nuscenes_mini_subset,scene-0103_018,-2,2,Car,13.35710238136843,102,102,100.0
nuscenes_mini_subset,scene-0103_018,-2,3,Car,43.926136864105885,1,0,0.0
nuscenes_mini_subset,scene-0103_018,-2,4,Car,76.30168448385392,0,0,nan
nuscenes_mini_subset,scene-0103_018,-2,5,Car,49.69765655180376,0,0,nan
nuscenes_mini_subset,scene-0103_018,-2,6,Car,49.60425692442812,0,0,nan
nuscenes_mini_subset,scene-0103_018,-2,7,Car,38.685975391270645,2,1,50.0
nuscenes_mini_subset,scene-0103_018,-2,8,Car,55.65854732733512,0,0,nan
nuscenes_mini_subset,scene-0103_018,-2,9,Car,21.20040345006611,38,30,78.94736842105263
nuscenes_mini_subset,scene-0103_018,-2,10,bicycle_rack,39.782379815181606,0,0,nan
nuscenes_mini_subset,scene-0103_018,-2,11,Car,63.484981142493105,0,0,nan
nuscenes_mini_subset,scene-0103_018,-2,12,Car,7.1559270819255225,143,101,70.62937062937063
nuscenes_mini_subset,scene-0103_018,-2,13,Motorcycle,38.64550517702217,0,0,nan
nuscenes_mini_subset,scene-0103_018,-2,14,Car,49.45122104030911,1,1,100.0
nuscenes_mini_subset,scene-0103_018,-2,15,Pedestrian,27.606337715264388,1,0,0.0
nuscenes_mini_subset,scene-0103_018,-2,16,Truck,55.22228153385152,5,2,40.0
nuscenes_mini_subset,scene-0103_018,-2,17,Car,24.941948428884988,7,4,57.142857142857146
nuscenes_mini_subset,scene-0103_018,-2,18,Car,17.40782960588865,32,32,100.0
nuscenes_mini_subset,scene-0103_018,-2,19,Car,78.6793617454978,0,0,nan
nuscenes_mini_subset,scene-0103_018,-2,20,Car,25.135997179794085,0,0,nan
nuscenes_mini_subset,scene-0103_018,-2,21,Car,28.218854541012597,2,2,100.0
nuscenes_mini_subset,scene-0103_018,-2,22,Car,43.615368291085645,0,0,nan
nuscenes_mini_subset,scene-0103_018,-1,0,Car,50.46270090081063,0,0,nan
nuscenes_mini_subset,scene-0103_018,-1,1,Car,39.95727879205579,0,0,nan
nuscenes_mini_subset,scene-0103_018,-1,2,Car,13.35710238136843,102,102,100.0
nuscenes_mini_subset,scene-0103_018,-1,3,Car,43.926136864105885,1,1,100.0
nuscenes_mini_subset,scene-0103_018,-1,4,Car,76.30168448385392,0,0,nan
nuscenes_mini_subset,scene-0103_018,-1,5,Car,49.69765655180376,0,0,nan
nuscenes_mini_subset,scene-0103_018,-1,6,Car,49.60425692442812,0,0,nan
nuscenes_mini_subset,scene-0103_018,-1,7,Car,38.685975391270645,2,1,50.0
nuscenes_mini_subset,scene-0103_018,-1,8,Car,55.65854732733512,0,0,nan
nuscenes_mini_subset,scene-0103_018,-1,9,Car,21.20040345006611,38,37,97.36842105263158
nuscenes_mini_subset,scene-0103_018,-1,10,bicycle_rack,39.782379815181606,0,0,nan
nuscenes_mini_subset,scene-0103_018,-1,11,Car,63.484981142493105,0,0,nan
nuscenes_mini_subset,scene-0103_018,-1,12,Car,7.1559270819255225,143,121,84.61538461538461
nuscenes_mini_subset,scene-0103_018,-1,13,Motorcycle,38.64550517702217,0,0,nan
nuscenes_mini_subset,scene-0103_018,-1,14,Car,49.45122104030911,1,1,100.0
nuscenes_mini_subset,scene-0103_018,-1,15,Pedestrian,27.606337715264388,1,1,100.0
nuscenes_mini_subset,scene-0103_018,-1,16,Truck,55.22228153385152,5,4,80.0
nuscenes_mini_subset,scene-0103_018,-1,17,Car,24.941948428884988,7,7,100.0
nuscenes_mini_subset,scene-0103_018,-1,18,Car,17.40782960588865,32,32,100.0
nuscenes_mini_subset,scene-0103_018,-1,19,Car,78.6793617454978,0,0,nan
nuscenes_mini_subset,scene-0103_018,-1,20,Car,25.135997179794085,0,0,nan
nuscenes_mini_subset,scene-0103_018,-1,21,Car,28.218854541012597,2,2,100.0
nuscenes_mini_subset,scene-0103_018,-1,22,Car,43.615368291085645,0,0,nan
nuscenes_mini_subset,scene-0103_018,-0.5,0,Car,50.46270090081063,0,0,nan
nuscenes_mini_subset,scene-0103_018,-0.5,1,Car,39.95727879205579,0,0,nan
nuscenes_mini_subset,scene-0103_018,-0.5,2,Car,13.35710238136843,102,102,100.0
nuscenes_mini_subset,scene-0103_018,-0.5,3,Car,43.926136864105885,1,1,100.0
nuscenes_mini_subset,scene-0103_018,-0.5,4,Car,76.30168448385392,0,0,nan
nuscenes_mini_subset,scene-0103_018,-0.5,5,Car,49.69765655180376,0,0,nan
nuscenes_mini_subset,scene-0103_018,-0.5,6,Car,49.60425692442812,0,0,nan
nuscenes_mini_subset,scene-0103_018,-0.5,7,Car,38.685975391270645,2,1,50.0
nuscenes_mini_subset,scene-0103_018,-0.5,8,Car,55.65854732733512,0,0,nan
nuscenes_mini_subset,scene-0103_018,-0.5,9,Car,21.20040345006611,38,38,100.0
nuscenes_mini_subset,scene-0103_018,-0.5,10,bicycle_rack,39.782379815181606,0,0,nan
nuscenes_mini_subset,scene-0103_018,-0.5,11,Car,63.484981142493105,0,0,nan
nuscenes_mini_subset,scene-0103_018,-0.5,12,Car,7.1559270819255225,143,130,90.9090909090909
nuscenes_mini_subset,scene-0103_018,-0.5,13,Motorcycle,38.64550517702217,0,0,nan
nuscenes_mini_subset,scene-0103_018,-0.5,14,Car,49.45122104030911,1,1,100.0
nuscenes_mini_subset,scene-0103_018,-0.5,15,Pedestrian,27.606337715264388,1,1,100.0
nuscenes_mini_subset,scene-0103_018,-0.5,16,Truck,55.22228153385152,5,5,100.0
nuscenes_mini_subset,scene-0103_018,-0.5,17,Car,24.941948428884988,7,7,100.0
nuscenes_mini_subset,scene-0103_018,-0.5,18,Car,17.40782960588865,32,32,100.0
nuscenes_mini_subset,scene-0103_018,-0.5,19,Car,78.6793617454978,0,0,nan
nuscenes_mini_subset,scene-0103_018,-0.5,20,Car,25.135997179794085,0,0,nan
nuscenes_mini_subset,scene-0103_018,-0.5,21,Car,28.218854541012597,2,2,100.0
nuscenes_mini_subset,scene-0103_018,-0.5,22,Car,43.615368291085645,0,0,nan
nuscenes_mini_subset,scene-0103_018,0,0,Car,50.46270090081063,0,0,nan
nuscenes_mini_subset,scene-0103_018,0,1,Car,39.95727879205579,0,0,nan
nuscenes_mini_subset,scene-0103_018,0,2,Car,13.35710238136843,102,102,100.0
nuscenes_mini_subset,scene-0103_018,0,3,Car,43.926136864105885,1,1,100.0
nuscenes_mini_subset,scene-0103_018,0,4,Car,76.30168448385392,0,0,nan
nuscenes_mini_subset,scene-0103_018,0,5,Car,49.69765655180376,0,0,nan
nuscenes_mini_subset,scene-0103_018,0,6,Car,49.60425692442812,0,0,nan
nuscenes_mini_subset,scene-0103_018,0,7,Car,38.685975391270645,2,2,100.0
nuscenes_mini_subset,scene-0103_018,0,8,Car,55.65854732733512,0,0,nan
nuscenes_mini_subset,scene-0103_018,0,9,Car,21.20040345006611,38,38,100.0
nuscenes_mini_subset,scene-0103_018,0,10,bicycle_rack,39.782379815181606,0,0,nan
nuscenes_mini_subset,scene-0103_018,0,11,Car,63.484981142493105,0,0,nan
nuscenes_mini_subset,scene-0103_018,0,12,Car,7.1559270819255225,143,143,100.0
nuscenes_mini_subset,scene-0103_018,0,13,Motorcycle,38.64550517702217,0,0,nan
nuscenes_mini_subset,scene-0103_018,0,14,Car,49.45122104030911,1,1,100.0
nuscenes_mini_subset,scene-0103_018,0,15,Pedestrian,27.606337715264388,1,1,100.0
nuscenes_mini_subset,scene-0103_018,0,16,Truck,55.22228153385152,5,5,100.0
nuscenes_mini_subset,scene-0103_018,0,17,Car,24.941948428884988,7,7,100.0
nuscenes_mini_subset,scene-0103_018,0,18,Car,17.40782960588865,32,32,100.0
nuscenes_mini_subset,scene-0103_018,0,19,Car,78.6793617454978,0,0,nan
nuscenes_mini_subset,scene-0103_018,0,20,Car,25.135997179794085,0,0,nan
nuscenes_mini_subset,scene-0103_018,0,21,Car,28.218854541012597,2,2,100.0
nuscenes_mini_subset,scene-0103_018,0,22,Car,43.615368291085645,0,0,nan
nuscenes_mini_subset,scene-0103_018,0.5,0,Car,50.46270090081063,0,0,nan
nuscenes_mini_subset,scene-0103_018,0.5,1,Car,39.95727879205579,0,0,nan
nuscenes_mini_subset,scene-0103_018,0.5,2,Car,13.35710238136843,102,102,100.0
nuscenes_mini_subset,scene-0103_018,0.5,3,Car,43.926136864105885,1,1,100.0
nuscenes_mini_subset,scene-0103_018,0.5,4,Car,76.30168448385392,0,0,nan
nuscenes_mini_subset,scene-0103_018,0.5,5,Car,49.69765655180376,0,0,nan
nuscenes_mini_subset,scene-0103_018,0.5,6,Car,49.60425692442812,0,0,nan
nuscenes_mini_subset,scene-0103_018,0.5,7,Car,38.685975391270645,2,2,100.0
nuscenes_mini_subset,scene-0103_018,0.5,8,Car,55.65854732733512,0,0,nan
nuscenes_mini_subset,scene-0103_018,0.5,9,Car,21.20040345006611,38,38,100.0
nuscenes_mini_subset,scene-0103_018,0.5,10,bicycle_rack,39.782379815181606,0,0,nan
nuscenes_mini_subset,scene-0103_018,0.5,11,Car,63.484981142493105,0,0,nan
nuscenes_mini_subset,scene-0103_018,0.5,12,Car,7.1559270819255225,143,143,100.0
nuscenes_mini_subset,scene-0103_018,0.5,13,Motorcycle,38.64550517702217,0,0,nan
nuscenes_mini_subset,scene-0103_018,0.5,14,Car,49.45122104030911,1,0,0.0
nuscenes_mini_subset,scene-0103_018,0.5,15,Pedestrian,27.606337715264388,1,0,0.0
nuscenes_mini_subset,scene-0103_018,0.5,16,Truck,55.22228153385152,5,5,100.0
nuscenes_mini_subset,scene-0103_018,0.5,17,Car,24.941948428884988,7,6,85.71428571428571
nuscenes_mini_subset,scene-0103_018,0.5,18,Car,17.40782960588865,32,32,100.0
nuscenes_mini_subset,scene-0103_018,0.5,19,Car,78.6793617454978,0,0,nan
nuscenes_mini_subset,scene-0103_018,0.5,20,Car,25.135997179794085,0,0,nan
nuscenes_mini_subset,scene-0103_018,0.5,21,Car,28.218854541012597,2,2,100.0
nuscenes_mini_subset,scene-0103_018,0.5,22,Car,43.615368291085645,0,0,nan
nuscenes_mini_subset,scene-0103_018,1,0,Car,50.46270090081063,0,0,nan
nuscenes_mini_subset,scene-0103_018,1,1,Car,39.95727879205579,0,0,nan
nuscenes_mini_subset,scene-0103_018,1,2,Car,13.35710238136843,102,102,100.0
nuscenes_mini_subset,scene-0103_018,1,3,Car,43.926136864105885,1,1,100.0
nuscenes_mini_subset,scene-0103_018,1,4,Car,76.30168448385392,0,0,nan
nuscenes_mini_subset,scene-0103_018,1,5,Car,49.69765655180376,0,0,nan
nuscenes_mini_subset,scene-0103_018,1,6,Car,49.60425692442812,0,0,nan
nuscenes_mini_subset,scene-0103_018,1,7,Car,38.685975391270645,2,1,50.0
nuscenes_mini_subset,scene-0103_018,1,8,Car,55.65854732733512,0,0,nan
nuscenes_mini_subset,scene-0103_018,1,9,Car,21.20040345006611,38,37,97.36842105263158
nuscenes_mini_subset,scene-0103_018,1,10,bicycle_rack,39.782379815181606,0,0,nan
nuscenes_mini_subset,scene-0103_018,1,11,Car,63.484981142493105,0,0,nan
nuscenes_mini_subset,scene-0103_018,1,12,Car,7.1559270819255225,143,143,100.0
nuscenes_mini_subset,scene-0103_018,1,13,Motorcycle,38.64550517702217,0,0,nan
nuscenes_mini_subset,scene-0103_018,1,14,Car,49.45122104030911,1,0,0.0
nuscenes_mini_subset,scene-0103_018,1,15,Pedestrian,27.606337715264388,1,0,0.0
nuscenes_mini_subset,scene-0103_018,1,16,Truck,55.22228153385152,5,3,60.0
nuscenes_mini_subset,scene-0103_018,1,17,Car,24.941948428884988,7,5,71.42857142857143
nuscenes_mini_subset,scene-0103_018,1,18,Car,17.40782960588865,32,31,96.875
nuscenes_mini_subset,scene-0103_018,1,19,Car,78.6793617454978,0,0,nan
nuscenes_mini_subset,scene-0103_018,1,20,Car,25.135997179794085,0,0,nan
nuscenes_mini_subset,scene-0103_018,1,21,Car,28.218854541012597,2,2,100.0
nuscenes_mini_subset,scene-0103_018,1,22,Car,43.615368291085645,0,0,nan
nuscenes_mini_subset,scene-0103_018,2,0,Car,50.46270090081063,0,0,nan
nuscenes_mini_subset,scene-0103_018,2,1,Car,39.95727879205579,0,0,nan
nuscenes_mini_subset,scene-0103_018,2,2,Car,13.35710238136843,102,98,96.07843137254902
nuscenes_mini_subset,scene-0103_018,2,3,Car,43.926136864105885,1,0,0.0
nuscenes_mini_subset,scene-0103_018,2,4,Car,76.30168448385392,0,0,nan
nuscenes_mini_subset,scene-0103_018,2,5,Car,49.69765655180376,0,0,nan
nuscenes_mini_subset,scene-0103_018,2,6,Car,49.60425692442812,0,0,nan
nuscenes_mini_subset,scene-0103_018,2,7,Car,38.685975391270645,2,1,50.0
nuscenes_mini_subset,scene-0103_018,2,8,Car,55.65854732733512,0,0,nan
nuscenes_mini_subset,scene-0103_018,2,9,Car,21.20040345006611,38,34,89.47368421052632
nuscenes_mini_subset,scene-0103_018,2,10,bicycle_rack,39.782379815181606,0,0,nan
nuscenes_mini_subset,scene-0103_018,2,11,Car,63.484981142493105,0,0,nan
nuscenes_mini_subset,scene-0103_018,2,12,Car,7.1559270819255225,143,135,94.4055944055944
nuscenes_mini_subset,scene-0103_018,2,13,Motorcycle,38.64550517702217,0,0,nan
nuscenes_mini_subset,scene-0103_018,2,14,Car,49.45122104030911,1,0,0.0
nuscenes_mini_subset,scene-0103_018,2,15,Pedestrian,27.606337715264388,1,0,0.0
nuscenes_mini_subset,scene-0103_018,2,16,Truck,55.22228153385152,5,3,60.0
nuscenes_mini_subset,scene-0103_018,2,17,Car,24.941948428884988,7,5,71.42857142857143
nuscenes_mini_subset,scene-0103_018,2,18,Car,17.40782960588865,32,26,81.25
nuscenes_mini_subset,scene-0103_018,2,19,Car,78.6793617454978,0,0,nan
nuscenes_mini_subset,scene-0103_018,2,20,Car,25.135997179794085,0,0,nan
nuscenes_mini_subset,scene-0103_018,2,21,Car,28.218854541012597,2,1,50.0
nuscenes_mini_subset,scene-0103_018,2,22,Car,43.615368291085645,0,0,nan
nuscenes_mini_subset,scene-0103_018,3,0,Car,50.46270090081063,0,0,nan
nuscenes_mini_subset,scene-0103_018,3,1,Car,39.95727879205579,0,0,nan
nuscenes_mini_subset,scene-0103_018,3,2,Car,13.35710238136843,102,92,90.19607843137256
nuscenes_mini_subset,scene-0103_018,3,3,Car,43.926136864105885,1,0,0.0
nuscenes_mini_subset,scene-0103_018,3,4,Car,76.30168448385392,0,0,nan
nuscenes_mini_subset,scene-0103_018,3,5,Car,49.69765655180376,0,0,nan
nuscenes_mini_subset,scene-0103_018,3,6,Car,49.60425692442812,0,0,nan
nuscenes_mini_subset,scene-0103_018,3,7,Car,38.685975391270645,2,0,0.0
nuscenes_mini_subset,scene-0103_018,3,8,Car,55.65854732733512,0,0,nan
nuscenes_mini_subset,scene-0103_018,3,9,Car,21.20040345006611,38,30,78.94736842105263
nuscenes_mini_subset,scene-0103_018,3,10,bicycle_rack,39.782379815181606,0,0,nan
nuscenes_mini_subset,scene-0103_018,3,11,Car,63.484981142493105,0,0,nan
nuscenes_mini_subset,scene-0103_018,3,12,Car,7.1559270819255225,143,123,86.01398601398601
nuscenes_mini_subset,scene-0103_018,3,13,Motorcycle,38.64550517702217,0,0,nan
nuscenes_mini_subset,scene-0103_018,3,14,Car,49.45122104030911,1,0,0.0
nuscenes_mini_subset,scene-0103_018,3,15,Pedestrian,27.606337715264388,1,0,0.0
nuscenes_mini_subset,scene-0103_018,3,16,Truck,55.22228153385152,5,1,20.0
nuscenes_mini_subset,scene-0103_018,3,17,Car,24.941948428884988,7,4,57.142857142857146
nuscenes_mini_subset,scene-0103_018,3,18,Car,17.40782960588865,32,20,62.5
nuscenes_mini_subset,scene-0103_018,3,19,Car,78.6793617454978,0,0,nan
nuscenes_mini_subset,scene-0103_018,3,20,Car,25.135997179794085,0,0,nan
nuscenes_mini_subset,scene-0103_018,3,21,Car,28.218854541012597,2,1,50.0
nuscenes_mini_subset,scene-0103_018,3,22,Car,43.615368291085645,0,0,nan
nuscenes_mini_subset,scene-0103_019,-3,0,Car,49.6049621579473,0,0,nan
nuscenes_mini_subset,scene-0103_019,-3,1,Car,39.09809710333783,0,0,nan
nuscenes_mini_subset,scene-0103_019,-3,2,Car,15.338326886292126,53,49,92.45283018867924
nuscenes_mini_subset,scene-0103_019,-3,3,Car,43.047233535284256,4,0,0.0
nuscenes_mini_subset,scene-0103_019,-3,4,Car,75.36958206005026,0,0,nan
nuscenes_mini_subset,scene-0103_019,-3,5,Car,48.81045895080177,0,0,nan
nuscenes_mini_subset,scene-0103_019,-3,6,Car,48.72372379012546,1,0,0.0
nuscenes_mini_subset,scene-0103_019,-3,7,Car,42.596989789754545,1,1,100.0
nuscenes_mini_subset,scene-0103_019,-3,8,Car,37.78291944985611,9,0,0.0
nuscenes_mini_subset,scene-0103_019,-3,9,Car,54.75595187919285,1,0,0.0
nuscenes_mini_subset,scene-0103_019,-3,10,Car,20.297671579299,31,23,74.19354838709677
nuscenes_mini_subset,scene-0103_019,-3,11,bicycle_rack,38.850310772899874,2,0,0.0
nuscenes_mini_subset,scene-0103_019,-3,12,Car,62.55379615297585,1,0,0.0
nuscenes_mini_subset,scene-0103_019,-3,13,Car,6.249621375385851,79,42,53.164556962025316
nuscenes_mini_subset,scene-0103_019,-3,14,Motorcycle,37.7484563370954,0,0,nan
nuscenes_mini_subset,scene-0103_019,-3,15,Car,48.549249806488994,1,0,0.0
nuscenes_mini_subset,scene-0103_019,-3,16,Pedestrian,27.410394873711173,3,0,0.0
nuscenes_mini_subset,scene-0103_019,-3,17,Truck,54.29038596046933,5,0,0.0
nuscenes_mini_subset,scene-0103_019,-3,18,Car,24.05271668719767,7,3,42.857142857142854
nuscenes_mini_subset,scene-0103_019,-3,19,Car,15.88212443625268,73,60,82.1917808219178
nuscenes_mini_subset,scene-0103_019,-3,20,Car,77.77918517776754,0,0,nan
nuscenes_mini_subset,scene-0103_019,-3,21,Car,24.22439777458766,0,0,nan
nuscenes_mini_subset,scene-0103_019,-3,22,Car,27.24112968543307,0,0,nan
nuscenes_mini_subset,scene-0103_019,-3,23,Car,42.713222771974216,0,0,nan
nuscenes_mini_subset,scene-0103_019,-2,0,Car,49.6049621579473,0,0,nan
nuscenes_mini_subset,scene-0103_019,-2,1,Car,39.09809710333783,0,0,nan
nuscenes_mini_subset,scene-0103_019,-2,2,Car,15.338326886292126,53,53,100.0
nuscenes_mini_subset,scene-0103_019,-2,3,Car,43.047233535284256,4,0,0.0
nuscenes_mini_subset,scene-0103_019,-2,4,Car,75.36958206005026,0,0,nan
nuscenes_mini_subset,scene-0103_019,-2,5,Car,48.81045895080177,0,0,nan
nuscenes_mini_subset,scene-0103_019,-2,6,Car,48.72372379012546,1,0,0.0
nuscenes_mini_subset,scene-0103_019,-2,7,Car,42.596989789754545,1,1,100.0
nuscenes_mini_subset,scene-0103_019,-2,8,Car,37.78291944985611,9,2,22.22222222222222
nuscenes_mini_subset,scene-0103_019,-2,9,Car,54.75595187919285,1,1,100.0
nuscenes_mini_subset,scene-0103_019,-2,10,Car,20.297671579299,31,28,90.3225806451613
nuscenes_mini_subset,scene-0103_019,-2,11,bicycle_rack,38.850310772899874,2,1,50.0
nuscenes_mini_subset,scene-0103_019,-2,12,Car,62.55379615297585,1,0,0.0
nuscenes_mini_subset,scene-0103_019,-2,13,Car,6.249621375385851,79,54,68.35443037974683
nuscenes_mini_subset,scene-0103_019,-2,14,Motorcycle,37.7484563370954,0,0,nan
nuscenes_mini_subset,scene-0103_019,-2,15,Car,48.549249806488994,1,1,100.0
nuscenes_mini_subset,scene-0103_019,-2,16,Pedestrian,27.410394873711173,3,0,0.0
nuscenes_mini_subset,scene-0103_019,-2,17,Truck,54.29038596046933,5,1,20.0
nuscenes_mini_subset,scene-0103_019,-2,18,Car,24.05271668719767,7,6,85.71428571428571
nuscenes_mini_subset,scene-0103_019,-2,19,Car,15.88212443625268,73,67,91.78082191780823
nuscenes_mini_subset,scene-0103_019,-2,20,Car,77.77918517776754,0,0,nan
nuscenes_mini_subset,scene-0103_019,-2,21,Car,24.22439777458766,0,0,nan
nuscenes_mini_subset,scene-0103_019,-2,22,Car,27.24112968543307,0,0,nan
nuscenes_mini_subset,scene-0103_019,-2,23,Car,42.713222771974216,0,0,nan
nuscenes_mini_subset,scene-0103_019,-1,0,Car,49.6049621579473,0,0,nan
nuscenes_mini_subset,scene-0103_019,-1,1,Car,39.09809710333783,0,0,nan
nuscenes_mini_subset,scene-0103_019,-1,2,Car,15.338326886292126,53,53,100.0
nuscenes_mini_subset,scene-0103_019,-1,3,Car,43.047233535284256,4,3,75.0
nuscenes_mini_subset,scene-0103_019,-1,4,Car,75.36958206005026,0,0,nan
nuscenes_mini_subset,scene-0103_019,-1,5,Car,48.81045895080177,0,0,nan
nuscenes_mini_subset,scene-0103_019,-1,6,Car,48.72372379012546,1,1,100.0
nuscenes_mini_subset,scene-0103_019,-1,7,Car,42.596989789754545,1,1,100.0
nuscenes_mini_subset,scene-0103_019,-1,8,Car,37.78291944985611,9,5,55.55555555555556
nuscenes_mini_subset,scene-0103_019,-1,9,Car,54.75595187919285,1,1,100.0
nuscenes_mini_subset,scene-0103_019,-1,10,Car,20.297671579299,31,30,96.7741935483871
nuscenes_mini_subset,scene-0103_019,-1,11,bicycle_rack,38.850310772899874,2,1,50.0
nuscenes_mini_subset,scene-0103_019,-1,12,Car,62.55379615297585,1,0,0.0
nuscenes_mini_subset,scene-0103_019,-1,13,Car,6.249621375385851,79,65,82.27848101265823
nuscenes_mini_subset,scene-0103_019,-1,14,Motorcycle,37.7484563370954,0,0,nan
nuscenes_mini_subset,scene-0103_019,-1,15,Car,48.549249806488994,1,1,100.0
nuscenes_mini_subset,scene-0103_019,-1,16,Pedestrian,27.410394873711173,3,1,33.333333333333336
nuscenes_mini_subset,scene-0103_019,-1,17,Truck,54.29038596046933,5,4,80.0
nuscenes_mini_subset,scene-0103_019,-1,18,Car,24.05271668719767,7,6,85.71428571428571
nuscenes_mini_subset,scene-0103_019,-1,19,Car,15.88212443625268,73,71,97.26027397260275
nuscenes_mini_subset,scene-0103_019,-1,20,Car,77.77918517776754,0,0,nan
nuscenes_mini_subset,scene-0103_019,-1,21,Car,24.22439777458766,0,0,nan
nuscenes_mini_subset,scene-0103_019,-1,22,Car,27.24112968543307,0,0,nan
nuscenes_mini_subset,scene-0103_019,-1,23,Car,42.713222771974216,0,0,nan
nuscenes_mini_subset,scene-0103_019,-0.5,0,Car,49.6049621579473,0,0,nan
nuscenes_mini_subset,scene-0103_019,-0.5,1,Car,39.09809710333783,0,0,nan
nuscenes_mini_subset,scene-0103_019,-0.5,2,Car,15.338326886292126,53,53,100.0
nuscenes_mini_subset,scene-0103_019,-0.5,3,Car,43.047233535284256,4,4,100.0
nuscenes_mini_subset,scene-0103_019,-0.5,4,Car,75.36958206005026,0,0,nan
nuscenes_mini_subset,scene-0103_019,-0.5,5,Car,48.81045895080177,0,0,nan
nuscenes_mini_subset,scene-0103_019,-0.5,6,Car,48.72372379012546,1,1,100.0
nuscenes_mini_subset,scene-0103_019,-0.5,7,Car,42.596989789754545,1,1,100.0
nuscenes_mini_subset,scene-0103_019,-0.5,8,Car,37.78291944985611,9,8,88.88888888888889
nuscenes_mini_subset,scene-0103_019,-0.5,9,Car,54.75595187919285,1,1,100.0
nuscenes_mini_subset,scene-0103_019,-0.5,10,Car,20.297671579299,31,31,100.0
nuscenes_mini_subset,scene-0103_019,-0.5,11,bicycle_rack,38.850310772899874,2,2,100.0
nuscenes_mini_subset,scene-0103_019,-0.5,12,Car,62.55379615297585,1,1,100.0
nuscenes_mini_subset,scene-0103_019,-0.5,13,Car,6.249621375385851,79,69,87.34177215189874
nuscenes_mini_subset,scene-0103_019,-0.5,14,Motorcycle,37.7484563370954,0,0,nan
nuscenes_mini_subset,scene-0103_019,-0.5,15,Car,48.549249806488994,1,1,100.0
nuscenes_mini_subset,scene-0103_019,-0.5,16,Pedestrian,27.410394873711173,3,3,100.0
nuscenes_mini_subset,scene-0103_019,-0.5,17,Truck,54.29038596046933,5,5,100.0
nuscenes_mini_subset,scene-0103_019,-0.5,18,Car,24.05271668719767,7,7,100.0
nuscenes_mini_subset,scene-0103_019,-0.5,19,Car,15.88212443625268,73,72,98.63013698630137
nuscenes_mini_subset,scene-0103_019,-0.5,20,Car,77.77918517776754,0,0,nan
nuscenes_mini_subset,scene-0103_019,-0.5,21,Car,24.22439777458766,0,0,nan
nuscenes_mini_subset,scene-0103_019,-0.5,22,Car,27.24112968543307,0,0,nan
nuscenes_mini_subset,scene-0103_019,-0.5,23,Car,42.713222771974216,0,0,nan
nuscenes_mini_subset,scene-0103_019,0,0,Car,49.6049621579473,0,0,nan
nuscenes_mini_subset,scene-0103_019,0,1,Car,39.09809710333783,0,0,nan
nuscenes_mini_subset,scene-0103_019,0,2,Car,15.338326886292126,53,53,100.0
nuscenes_mini_subset,scene-0103_019,0,3,Car,43.047233535284256,4,4,100.0
nuscenes_mini_subset,scene-0103_019,0,4,Car,75.36958206005026,0,0,nan
nuscenes_mini_subset,scene-0103_019,0,5,Car,48.81045895080177,0,0,nan
nuscenes_mini_subset,scene-0103_019,0,6,Car,48.72372379012546,1,1,100.0
nuscenes_mini_subset,scene-0103_019,0,7,Car,42.596989789754545,1,1,100.0
nuscenes_mini_subset,scene-0103_019,0,8,Car,37.78291944985611,9,9,100.0
nuscenes_mini_subset,scene-0103_019,0,9,Car,54.75595187919285,1,1,100.0
nuscenes_mini_subset,scene-0103_019,0,10,Car,20.297671579299,31,31,100.0
nuscenes_mini_subset,scene-0103_019,0,11,bicycle_rack,38.850310772899874,2,2,100.0
nuscenes_mini_subset,scene-0103_019,0,12,Car,62.55379615297585,1,1,100.0
nuscenes_mini_subset,scene-0103_019,0,13,Car,6.249621375385851,79,78,98.73417721518987
nuscenes_mini_subset,scene-0103_019,0,14,Motorcycle,37.7484563370954,0,0,nan
nuscenes_mini_subset,scene-0103_019,0,15,Car,48.549249806488994,1,1,100.0
nuscenes_mini_subset,scene-0103_019,0,16,Pedestrian,27.410394873711173,3,3,100.0
nuscenes_mini_subset,scene-0103_019,0,17,Truck,54.29038596046933,5,5,100.0
nuscenes_mini_subset,scene-0103_019,0,18,Car,24.05271668719767,7,7,100.0
nuscenes_mini_subset,scene-0103_019,0,19,Car,15.88212443625268,73,73,100.0
nuscenes_mini_subset,scene-0103_019,0,20,Car,77.77918517776754,0,0,nan
nuscenes_mini_subset,scene-0103_019,0,21,Car,24.22439777458766,0,0,nan
nuscenes_mini_subset,scene-0103_019,0,22,Car,27.24112968543307,0,0,nan
nuscenes_mini_subset,scene-0103_019,0,23,Car,42.713222771974216,0,0,nan
nuscenes_mini_subset,scene-0103_019,0.5,0,Car,49.6049621579473,0,0,nan
nuscenes_mini_subset,scene-0103_019,0.5,1,Car,39.09809710333783,0,0,nan
nuscenes_mini_subset,scene-0103_019,0.5,2,Car,15.338326886292126,53,53,100.0
nuscenes_mini_subset,scene-0103_019,0.5,3,Car,43.047233535284256,4,4,100.0
nuscenes_mini_subset,scene-0103_019,0.5,4,Car,75.36958206005026,0,0,nan
nuscenes_mini_subset,scene-0103_019,0.5,5,Car,48.81045895080177,0,0,nan
nuscenes_mini_subset,scene-0103_019,0.5,6,Car,48.72372379012546,1,1,100.0
nuscenes_mini_subset,scene-0103_019,0.5,7,Car,42.596989789754545,1,1,100.0
nuscenes_mini_subset,scene-0103_019,0.5,8,Car,37.78291944985611,9,9,100.0
nuscenes_mini_subset,scene-0103_019,0.5,9,Car,54.75595187919285,1,0,0.0
nuscenes_mini_subset,scene-0103_019,0.5,10,Car,20.297671579299,31,31,100.0
nuscenes_mini_subset,scene-0103_019,0.5,11,bicycle_rack,38.850310772899874,2,2,100.0
nuscenes_mini_subset,scene-0103_019,0.5,12,Car,62.55379615297585,1,1,100.0
nuscenes_mini_subset,scene-0103_019,0.5,13,Car,6.249621375385851,79,79,100.0
nuscenes_mini_subset,scene-0103_019,0.5,14,Motorcycle,37.7484563370954,0,0,nan
nuscenes_mini_subset,scene-0103_019,0.5,15,Car,48.549249806488994,1,1,100.0
nuscenes_mini_subset,scene-0103_019,0.5,16,Pedestrian,27.410394873711173,3,2,66.66666666666667
nuscenes_mini_subset,scene-0103_019,0.5,17,Truck,54.29038596046933,5,5,100.0
nuscenes_mini_subset,scene-0103_019,0.5,18,Car,24.05271668719767,7,7,100.0
nuscenes_mini_subset,scene-0103_019,0.5,19,Car,15.88212443625268,73,73,100.0
nuscenes_mini_subset,scene-0103_019,0.5,20,Car,77.77918517776754,0,0,nan
nuscenes_mini_subset,scene-0103_019,0.5,21,Car,24.22439777458766,0,0,nan
nuscenes_mini_subset,scene-0103_019,0.5,22,Car,27.24112968543307,0,0,nan
nuscenes_mini_subset,scene-0103_019,0.5,23,Car,42.713222771974216,0,0,nan
nuscenes_mini_subset,scene-0103_019,1,0,Car,49.6049621579473,0,0,nan
nuscenes_mini_subset,scene-0103_019,1,1,Car,39.09809710333783,0,0,nan
nuscenes_mini_subset,scene-0103_019,1,2,Car,15.338326886292126,53,52,98.11320754716981
nuscenes_mini_subset,scene-0103_019,1,3,Car,43.047233535284256,4,4,100.0
nuscenes_mini_subset,scene-0103_019,1,4,Car,75.36958206005026,0,0,nan
nuscenes_mini_subset,scene-0103_019,1,5,Car,48.81045895080177,0,0,nan
nuscenes_mini_subset,scene-0103_019,1,6,Car,48.72372379012546,1,1,100.0
nuscenes_mini_subset,scene-0103_019,1,7,Car,42.596989789754545,1,0,0.0
nuscenes_mini_subset,scene-0103_019,1,8,Car,37.78291944985611,9,7,77.77777777777777
nuscenes_mini_subset,scene-0103_019,1,9,Car,54.75595187919285,1,0,0.0
nuscenes_mini_subset,scene-0103_019,1,10,Car,20.297671579299,31,30,96.7741935483871
nuscenes_mini_subset,scene-0103_019,1,11,bicycle_rack,38.850310772899874,2,2,100.0
nuscenes_mini_subset,scene-0103_019,1,12,Car,62.55379615297585,1,1,100.0
nuscenes_mini_subset,scene-0103_019,1,13,Car,6.249621375385851,79,79,100.0
nuscenes_mini_subset,scene-0103_019,1,14,Motorcycle,37.7484563370954,0,0,nan
nuscenes_mini_subset,scene-0103_019,1,15,Car,48.549249806488994,1,0,0.0
nuscenes_mini_subset,scene-0103_019,1,16,Pedestrian,27.410394873711173,3,0,0.0
nuscenes_mini_subset,scene-0103_019,1,17,Truck,54.29038596046933,5,5,100.0
nuscenes_mini_subset,scene-0103_019,1,18,Car,24.05271668719767,7,5,71.42857142857143
nuscenes_mini_subset,scene-0103_019,1,19,Car,15.88212443625268,73,73,100.0
nuscenes_mini_subset,scene-0103_019,1,20,Car,77.77918517776754,0,0,nan
nuscenes_mini_subset,scene-0103_019,1,21,Car,24.22439777458766,0,0,nan
nuscenes_mini_subset,scene-0103_019,1,22,Car,27.24112968543307,0,0,nan
nuscenes_mini_subset,scene-0103_019,1,23,Car,42.713222771974216,0,0,nan
nuscenes_mini_subset,scene-0103_019,2,0,Car,49.6049621579473,0,0,nan
nuscenes_mini_subset,scene-0103_019,2,1,Car,39.09809710333783,0,0,nan
nuscenes_mini_subset,scene-0103_019,2,2,Car,15.338326886292126,53,50,94.33962264150944
nuscenes_mini_subset,scene-0103_019,2,3,Car,43.047233535284256,4,2,50.0
nuscenes_mini_subset,scene-0103_019,2,4,Car,75.36958206005026,0,0,nan
nuscenes_mini_subset,scene-0103_019,2,5,Car,48.81045895080177,0,0,nan
nuscenes_mini_subset,scene-0103_019,2,6,Car,48.72372379012546,1,1,100.0
nuscenes_mini_subset,scene-0103_019,2,7,Car,42.596989789754545,1,0,0.0
nuscenes_mini_subset,scene-0103_019,2,8,Car,37.78291944985611,9,4,44.44444444444444
nuscenes_mini_subset,scene-0103_019,2,9,Car,54.75595187919285,1,0,0.0
nuscenes_mini_subset,scene-0103_019,2,10,Car,20.297671579299,31,26,83.87096774193549
nuscenes_mini_subset,scene-0103_019,2,11,bicycle_rack,38.850310772899874,2,2,100.0
nuscenes_mini_subset,scene-0103_019,2,12,Car,62.55379615297585,1,0,0.0
nuscenes_mini_subset,scene-0103_019,2,13,Car,6.249621375385851,79,74,93.67088607594937
nuscenes_mini_subset,scene-0103_019,2,14,Motorcycle,37.7484563370954,0,0,nan
nuscenes_mini_subset,scene-0103_019,2,15,Car,48.549249806488994,1,0,0.0
nuscenes_mini_subset,scene-0103_019,2,16,Pedestrian,27.410394873711173,3,0,0.0
nuscenes_mini_subset,scene-0103_019,2,17,Truck,54.29038596046933,5,3,60.0
nuscenes_mini_subset,scene-0103_019,2,18,Car,24.05271668719767,7,5,71.42857142857143
nuscenes_mini_subset,scene-0103_019,2,19,Car,15.88212443625268,73,69,94.52054794520548
nuscenes_mini_subset,scene-0103_019,2,20,Car,77.77918517776754,0,0,nan
nuscenes_mini_subset,scene-0103_019,2,21,Car,24.22439777458766,0,0,nan
nuscenes_mini_subset,scene-0103_019,2,22,Car,27.24112968543307,0,0,nan
nuscenes_mini_subset,scene-0103_019,2,23,Car,42.713222771974216,0,0,nan
nuscenes_mini_subset,scene-0103_019,3,0,Car,49.6049621579473,0,0,nan
nuscenes_mini_subset,scene-0103_019,3,1,Car,39.09809710333783,0,0,nan
nuscenes_mini_subset,scene-0103_019,3,2,Car,15.338326886292126,53,48,90.56603773584905
nuscenes_mini_subset,scene-0103_019,3,3,Car,43.047233535284256,4,0,0.0
nuscenes_mini_subset,scene-0103_019,3,4,Car,75.36958206005026,0,0,nan
nuscenes_mini_subset,scene-0103_019,3,5,Car,48.81045895080177,0,0,nan
nuscenes_mini_subset,scene-0103_019,3,6,Car,48.72372379012546,1,0,0.0
nuscenes_mini_subset,scene-0103_019,3,7,Car,42.596989789754545,1,0,0.0
nuscenes_mini_subset,scene-0103_019,3,8,Car,37.78291944985611,9,0,0.0
nuscenes_mini_subset,scene-0103_019,3,9,Car,54.75595187919285,1,0,0.0
nuscenes_mini_subset,scene-0103_019,3,10,Car,20.297671579299,31,26,83.87096774193549
nuscenes_mini_subset,scene-0103_019,3,11,bicycle_rack,38.850310772899874,2,2,100.0
nuscenes_mini_subset,scene-0103_019,3,12,Car,62.55379615297585,1,0,0.0
nuscenes_mini_subset,scene-0103_019,3,13,Car,6.249621375385851,79,66,83.54430379746836
nuscenes_mini_subset,scene-0103_019,3,14,Motorcycle,37.7484563370954,0,0,nan
nuscenes_mini_subset,scene-0103_019,3,15,Car,48.549249806488994,1,0,0.0
nuscenes_mini_subset,scene-0103_019,3,16,Pedestrian,27.410394873711173,3,0,0.0
nuscenes_mini_subset,scene-0103_019,3,17,Truck,54.29038596046933,5,0,0.0
nuscenes_mini_subset,scene-0103_019,3,18,Car,24.05271668719767,7,4,57.142857142857146
nuscenes_mini_subset,scene-0103_019,3,19,Car,15.88212443625268,73,65,89.04109589041096
nuscenes_mini_subset,scene-0103_019,3,20,Car,77.77918517776754,0,0,nan
nuscenes_mini_subset,scene-0103_019,3,21,Car,24.22439777458766,0,0,nan
nuscenes_mini_subset,scene-0103_019,3,22,Car,27.24112968543307,0,0,nan
nuscenes_mini_subset,scene-0103_019,3,23,Car,42.713222771974216,0,0,nan
nuscenes_mini_subset,scene-0103_020,-3,0,Car,48.55390581309253,0,0,nan
nuscenes_mini_subset,scene-0103_020,-3,1,Pedestrian,55.59676722953752,1,0,0.0
nuscenes_mini_subset,scene-0103_020,-3,2,Car,17.372598499164646,17,9,52.94117647058823
nuscenes_mini_subset,scene-0103_020,-3,3,Car,41.98520631359584,4,0,0.0
nuscenes_mini_subset,scene-0103_020,-3,4,Car,74.35413573606682,1,0,0.0
nuscenes_mini_subset,scene-0103_020,-3,5,Car,70.7653081613222,1,0,0.0
nuscenes_mini_subset,scene-0103_020,-3,6,Car,47.75375810977346,0,0,nan
nuscenes_mini_subset,scene-0103_020,-3,7,Car,47.661609944486216,0,0,nan
nuscenes_mini_subset,scene-0103_020,-3,8,Car,79.06429384679606,1,0,0.0
nuscenes_mini_subset,scene-0103_020,-3,9,Car,41.52477372170033,0,0,nan
nuscenes_mini_subset,scene-0103_020,-3,10,Car,36.740491783214885,10,0,0.0
nuscenes_mini_subset,scene-0103_020,-3,11,Car,53.71375284015263,1,0,0.0
nuscenes_mini_subset,scene-0103_020,-3,12,Car,19.318013885915956,24,23,95.83333333333333
nuscenes_mini_subset,scene-0103_020,-3,13,bicycle_rack,37.837333248001855,8,2,25.0
nuscenes_mini_subset,scene-0103_020,-3,14,Car,61.537716659274864,1,0,0.0
nuscenes_mini_subset,scene-0103_020,-3,15,Car,5.212176547450838,54,19,35.18518518518518
nuscenes_mini_subset,scene-0103_020,-3,16,Motorcycle,36.695238697576535,0,0,nan
nuscenes_mini_subset,scene-0103_020,-3,17,Car,47.506847572852266,0,0,nan
nuscenes_mini_subset,scene-0103_020,-3,18,Pedestrian,27.20479017216854,3,0,0.0
nuscenes_mini_subset,scene-0103_020,-3,19,Truck,53.27442885559098,5,0,0.0
nuscenes_mini_subset,scene-0103_020,-3,20,Car,22.9986678334864,3,0,0.0
nuscenes_mini_subset,scene-0103_020,-3,21,Car,14.288943296872631,120,104,86.66666666666667
nuscenes_mini_subset,scene-0103_020,-3,22,Pedestrian,55.900418831831175,2,0,0.0
nuscenes_mini_subset,scene-0103_020,-3,23,Car,76.73442224186236,0,0,nan
nuscenes_mini_subset,scene-0103_020,-3,24,Car,26.185244483999895,0,0,nan
nuscenes_mini_subset,scene-0103_020,-3,25,Car,41.671071266428875,0,0,nan
nuscenes_mini_subset,scene-0103_020,-2,0,Car,48.55390581309253,0,0,nan
nuscenes_mini_subset,scene-0103_020,-2,1,Pedestrian,55.59676722953752,1,0,0.0
nuscenes_mini_subset,scene-0103_020,-2,2,Car,17.372598499164646,17,15,88.23529411764706
nuscenes_mini_subset,scene-0103_020,-2,3,Car,41.98520631359584,4,0,0.0
nuscenes_mini_subset,scene-0103_020,-2,4,Car,74.35413573606682,1,0,0.0
nuscenes_mini_subset,scene-0103_020,-2,5,Car,70.7653081613222,1,0,0.0
nuscenes_mini_subset,scene-0103_020,-2,6,Car,47.75375810977346,0,0,nan
nuscenes_mini_subset,scene-0103_020,-2,7,Car,47.661609944486216,0,0,nan
nuscenes_mini_subset,scene-0103_020,-2,8,Car,79.06429384679606,1,0,0.0
nuscenes_mini_subset,scene-0103_020,-2,9,Car,41.52477372170033,0,0,nan
nuscenes_mini_subset,scene-0103_020,-2,10,Car,36.740491783214885,10,3,30.0
nuscenes_mini_subset,scene-0103_020,-2,11,Car,53.71375284015263,1,0,0.0
nuscenes_mini_subset,scene-0103_020,-2,12,Car,19.318013885915956,24,24,100.0
nuscenes_mini_subset,scene-0103_020,-2,13,bicycle_rack,37.837333248001855,8,5,62.5
nuscenes_mini_subset,scene-0103_020,-2,14,Car,61.537716659274864,1,0,0.0
nuscenes_mini_subset,scene-0103_020,-2,15,Car,5.212176547450838,54,30,55.55555555555556
nuscenes_mini_subset,scene-0103_020,-2,16,Motorcycle,36.695238697576535,0,0,nan
nuscenes_mini_subset,scene-0103_020,-2,17,Car,47.506847572852266,0,0,nan
nuscenes_mini_subset,scene-0103_020,-2,18,Pedestrian,27.20479017216854,3,0,0.0
nuscenes_mini_subset,scene-0103_020,-2,19,Truck,53.27442885559098,5,2,40.0
nuscenes_mini_subset,scene-0103_020,-2,20,Car,22.9986678334864,3,1,33.333333333333336
nuscenes_mini_subset,scene-0103_020,-2,21,Car,14.288943296872631,120,112,93.33333333333333
nuscenes_mini_subset,scene-0103_020,-2,22,Pedestrian,55.900418831831175,2,0,0.0
nuscenes_mini_subset,scene-0103_020,-2,23,Car,76.73442224186236,0,0,nan
nuscenes_mini_subset,scene-0103_020,-2,24,Car,26.185244483999895,0,0,nan
nuscenes_mini_subset,scene-0103_020,-2,25,Car,41.671071266428875,0,0,nan
nuscenes_mini_subset,scene-0103_020,-1,0,Car,48.55390581309253,0,0,nan
nuscenes_mini_subset,scene-0103_020,-1,1,Pedestrian,55.59676722953752,1,0,0.0
nuscenes_mini_subset,scene-0103_020,-1,2,Car,17.372598499164646,17,17,100.0
nuscenes_mini_subset,scene-0103_020,-1,3,Car,41.98520631359584,4,2,50.0
nuscenes_mini_subset,scene-0103_020,-1,4,Car,74.35413573606682,1,0,0.0
nuscenes_mini_subset,scene-0103_020,-1,5,Car,70.7653081613222,1,1,100.0
nuscenes_mini_subset,scene-0103_020,-1,6,Car,47.75375810977346,0,0,nan
nuscenes_mini_subset,scene-0103_020,-1,7,Car,47.661609944486216,0,0,nan
nuscenes_mini_subset,scene-0103_020,-1,8,Car,79.06429384679606,1,0,0.0
nuscenes_mini_subset,scene-0103_020,-1,9,Car,41.52477372170033,0,0,nan
nuscenes_mini_subset,scene-0103_020,-1,10,Car,36.740491783214885,10,6,60.0
nuscenes_mini_subset,scene-0103_020,-1,11,Car,53.71375284015263,1,1,100.0
nuscenes_mini_subset,scene-0103_020,-1,12,Car,19.318013885915956,24,24,100.0
nuscenes_mini_subset,scene-0103_020,-1,13,bicycle_rack,37.837333248001855,8,6,75.0
nuscenes_mini_subset,scene-0103_020,-1,14,Car,61.537716659274864,1,0,0.0
nuscenes_mini_subset,scene-0103_020,-1,15,Car,5.212176547450838,54,41,75.92592592592592
nuscenes_mini_subset,scene-0103_020,-1,16,Motorcycle,36.695238697576535,0,0,nan
nuscenes_mini_subset,scene-0103_020,-1,17,Car,47.506847572852266,0,0,nan
nuscenes_mini_subset,scene-0103_020,-1,18,Pedestrian,27.20479017216854,3,1,33.333333333333336
nuscenes_mini_subset,scene-0103_020,-1,19,Truck,53.27442885559098,5,5,100.0
nuscenes_mini_subset,scene-0103_020,-1,20,Car,22.9986678334864,3,3,100.0
nuscenes_mini_subset,scene-0103_020,-1,21,Car,14.288943296872631,120,119,99.16666666666667
nuscenes_mini_subset,scene-0103_020,-1,22,Pedestrian,55.900418831831175,2,0,0.0
nuscenes_mini_subset,scene-0103_020,-1,23,Car,76.73442224186236,0,0,nan
nuscenes_mini_subset,scene-0103_020,-1,24,Car,26.185244483999895,0,0,nan
nuscenes_mini_subset,scene-0103_020,-1,25,Car,41.671071266428875,0,0,nan
nuscenes_mini_subset,scene-0103_020,-0.5,0,Car,48.55390581309253,0,0,nan
nuscenes_mini_subset,scene-0103_020,-0.5,1,Pedestrian,55.59676722953752,1,0,0.0
nuscenes_mini_subset,scene-0103_020,-0.5,2,Car,17.372598499164646,17,17,100.0
nuscenes_mini_subset,scene-0103_020,-0.5,3,Car,41.98520631359584,4,4,100.0
nuscenes_mini_subset,scene-0103_020,-0.5,4,Car,74.35413573606682,1,1,100.0
nuscenes_mini_subset,scene-0103_020,-0.5,5,Car,70.7653081613222,1,1,100.0
nuscenes_mini_subset,scene-0103_020,-0.5,6,Car,47.75375810977346,0,0,nan
nuscenes_mini_subset,scene-0103_020,-0.5,7,Car,47.661609944486216,0,0,nan
nuscenes_mini_subset,scene-0103_020,-0.5,8,Car,79.06429384679606,1,1,100.0
nuscenes_mini_subset,scene-0103_020,-0.5,9,Car,41.52477372170033,0,0,nan
nuscenes_mini_subset,scene-0103_020,-0.5,10,Car,36.740491783214885,10,9,90.0
nuscenes_mini_subset,scene-0103_020,-0.5,11,Car,53.71375284015263,1,1,100.0
nuscenes_mini_subset,scene-0103_020,-0.5,12,Car,19.318013885915956,24,24,100.0
nuscenes_mini_subset,scene-0103_020,-0.5,13,bicycle_rack,37.837333248001855,8,8,100.0
nuscenes_mini_subset,scene-0103_020,-0.5,14,Car,61.537716659274864,1,1,100.0
nuscenes_mini_subset,scene-0103_020,-0.5,15,Car,5.212176547450838,54,48,88.88888888888889
nuscenes_mini_subset,scene-0103_020,-0.5,16,Motorcycle,36.695238697576535,0,0,nan
nuscenes_mini_subset,scene-0103_020,-0.5,17,Car,47.506847572852266,0,0,nan
nuscenes_mini_subset,scene-0103_020,-0.5,18,Pedestrian,27.20479017216854,3,2,66.66666666666667
nuscenes_mini_subset,scene-0103_020,-0.5,19,Truck,53.27442885559098,5,5,100.0
nuscenes_mini_subset,scene-0103_020,-0.5,20,Car,22.9986678334864,3,3,100.0
nuscenes_mini_subset,scene-0103_020,-0.5,21,Car,14.288943296872631,120,120,100.0
nuscenes_mini_subset,scene-0103_020,-0.5,22,Pedestrian,55.900418831831175,2,0,0.0
nuscenes_mini_subset,scene-0103_020,-0.5,23,Car,76.73442224186236,0,0,nan
nuscenes_mini_subset,scene-0103_020,-0.5,24,Car,26.185244483999895,0,0,nan
nuscenes_mini_subset,scene-0103_020,-0.5,25,Car,41.671071266428875,0,0,nan
nuscenes_mini_subset,scene-0103_020,0,0,Car,48.55390581309253,0,0,nan
nuscenes_mini_subset,scene-0103_020,0,1,Pedestrian,55.59676722953752,1,1,100.0
nuscenes_mini_subset,scene-0103_020,0,2,Car,17.372598499164646,17,17,100.0
nuscenes_mini_subset,scene-0103_020,0,3,Car,41.98520631359584,4,4,100.0
nuscenes_mini_subset,scene-0103_020,0,4,Car,74.35413573606682,1,1,100.0
nuscenes_mini_subset,scene-0103_020,0,5,Car,70.7653081613222,1,1,100.0
nuscenes_mini_subset,scene-0103_020,0,6,Car,47.75375810977346,0,0,nan
nuscenes_mini_subset,scene-0103_020,0,7,Car,47.661609944486216,0,0,nan
nuscenes_mini_subset,scene-0103_020,0,8,Car,79.06429384679606,1,1,100.0
nuscenes_mini_subset,scene-0103_020,0,9,Car,41.52477372170033,0,0,nan
nuscenes_mini_subset,scene-0103_020,0,10,Car,36.740491783214885,10,10,100.0
nuscenes_mini_subset,scene-0103_020,0,11,Car,53.71375284015263,1,1,100.0
nuscenes_mini_subset,scene-0103_020,0,12,Car,19.318013885915956,24,24,100.0
nuscenes_mini_subset,scene-0103_020,0,13,bicycle_rack,37.837333248001855,8,8,100.0
nuscenes_mini_subset,scene-0103_020,0,14,Car,61.537716659274864,1,1,100.0
nuscenes_mini_subset,scene-0103_020,0,15,Car,5.212176547450838,54,54,100.0
nuscenes_mini_subset,scene-0103_020,0,16,Motorcycle,36.695238697576535,0,0,nan
nuscenes_mini_subset,scene-0103_020,0,17,Car,47.506847572852266,0,0,nan
nuscenes_mini_subset,scene-0103_020,0,18,Pedestrian,27.20479017216854,3,3,100.0
nuscenes_mini_subset,scene-0103_020,0,19,Truck,53.27442885559098,5,5,100.0
nuscenes_mini_subset,scene-0103_020,0,20,Car,22.9986678334864,3,3,100.0
nuscenes_mini_subset,scene-0103_020,0,21,Car,14.288943296872631,120,120,100.0
nuscenes_mini_subset,scene-0103_020,0,22,Pedestrian,55.900418831831175,2,2,100.0
nuscenes_mini_subset,scene-0103_020,0,23,Car,76.73442224186236,0,0,nan
nuscenes_mini_subset,scene-0103_020,0,24,Car,26.185244483999895,0,0,nan
nuscenes_mini_subset,scene-0103_020,0,25,Car,41.671071266428875,0,0,nan
nuscenes_mini_subset,scene-0103_020,0.5,0,Car,48.55390581309253,0,0,nan
nuscenes_mini_subset,scene-0103_020,0.5,1,Pedestrian,55.59676722953752,1,0,0.0
nuscenes_mini_subset,scene-0103_020,0.5,2,Car,17.372598499164646,17,17,100.0
nuscenes_mini_subset,scene-0103_020,0.5,3,Car,41.98520631359584,4,4,100.0
nuscenes_mini_subset,scene-0103_020,0.5,4,Car,74.35413573606682,1,1,100.0
nuscenes_mini_subset,scene-0103_020,0.5,5,Car,70.7653081613222,1,0,0.0
nuscenes_mini_subset,scene-0103_020,0.5,6,Car,47.75375810977346,0,0,nan
nuscenes_mini_subset,scene-0103_020,0.5,7,Car,47.661609944486216,0,0,nan
nuscenes_mini_subset,scene-0103_020,0.5,8,Car,79.06429384679606,1,1,100.0
nuscenes_mini_subset,scene-0103_020,0.5,9,Car,41.52477372170033,0,0,nan
nuscenes_mini_subset,scene-0103_020,0.5,10,Car,36.740491783214885,10,9,90.0
nuscenes_mini_subset,scene-0103_020,0.5,11,Car,53.71375284015263,1,1,100.0
nuscenes_mini_subset,scene-0103_020,0.5,12,Car,19.318013885915956,24,24,100.0
nuscenes_mini_subset,scene-0103_020,0.5,13,bicycle_rack,37.837333248001855,8,8,100.0
nuscenes_mini_subset,scene-0103_020,0.5,14,Car,61.537716659274864,1,1,100.0
nuscenes_mini_subset,scene-0103_020,0.5,15,Car,5.212176547450838,54,54,100.0
nuscenes_mini_subset,scene-0103_020,0.5,16,Motorcycle,36.695238697576535,0,0,nan
nuscenes_mini_subset,scene-0103_020,0.5,17,Car,47.506847572852266,0,0,nan
nuscenes_mini_subset,scene-0103_020,0.5,18,Pedestrian,27.20479017216854,3,2,66.66666666666667
nuscenes_mini_subset,scene-0103_020,0.5,19,Truck,53.27442885559098,5,5,100.0
nuscenes_mini_subset,scene-0103_020,0.5,20,Car,22.9986678334864,3,3,100.0
nuscenes_mini_subset,scene-0103_020,0.5,21,Car,14.288943296872631,120,120,100.0
nuscenes_mini_subset,scene-0103_020,0.5,22,Pedestrian,55.900418831831175,2,0,0.0
nuscenes_mini_subset,scene-0103_020,0.5,23,Car,76.73442224186236,0,0,nan
nuscenes_mini_subset,scene-0103_020,0.5,24,Car,26.185244483999895,0,0,nan
nuscenes_mini_subset,scene-0103_020,0.5,25,Car,41.671071266428875,0,0,nan
nuscenes_mini_subset,scene-0103_020,1,0,Car,48.55390581309253,0,0,nan
nuscenes_mini_subset,scene-0103_020,1,1,Pedestrian,55.59676722953752,1,0,0.0
nuscenes_mini_subset,scene-0103_020,1,2,Car,17.372598499164646,17,17,100.0
nuscenes_mini_subset,scene-0103_020,1,3,Car,41.98520631359584,4,4,100.0
nuscenes_mini_subset,scene-0103_020,1,4,Car,74.35413573606682,1,0,0.0
nuscenes_mini_subset,scene-0103_020,1,5,Car,70.7653081613222,1,0,0.0
nuscenes_mini_subset,scene-0103_020,1,6,Car,47.75375810977346,0,0,nan
nuscenes_mini_subset,scene-0103_020,1,7,Car,47.661609944486216,0,0,nan
nuscenes_mini_subset,scene-0103_020,1,8,Car,79.06429384679606,1,1,100.0
nuscenes_mini_subset,scene-0103_020,1,9,Car,41.52477372170033,0,0,nan
nuscenes_mini_subset,scene-0103_020,1,10,Car,36.740491783214885,10,7,70.0
nuscenes_mini_subset,scene-0103_020,1,11,Car,53.71375284015263,1,0,0.0
nuscenes_mini_subset,scene-0103_020,1,12,Car,19.318013885915956,24,23,95.83333333333333
nuscenes_mini_subset,scene-0103_020,1,13,bicycle_rack,37.837333248001855,8,8,100.0
nuscenes_mini_subset,scene-0103_020,1,14,Car,61.537716659274864,1,1,100.0
nuscenes_mini_subset,scene-0103_020,1,15,Car,5.212176547450838,54,54,100.0
nuscenes_mini_subset,scene-0103_020,1,16,Motorcycle,36.695238697576535,0,0,nan
nuscenes_mini_subset,scene-0103_020,1,17,Car,47.506847572852266,0,0,nan
nuscenes_mini_subset,scene-0103_020,1,18,Pedestrian,27.20479017216854,3,1,33.333333333333336
nuscenes_mini_subset,scene-0103_020,1,19,Truck,53.27442885559098,5,5,100.0
nuscenes_mini_subset,scene-0103_020,1,20,Car,22.9986678334864,3,3,100.0
nuscenes_mini_subset,scene-0103_020,1,21,Car,14.288943296872631,120,120,100.0
nuscenes_mini_subset,scene-0103_020,1,22,Pedestrian,55.900418831831175,2,0,0.0
nuscenes_mini_subset,scene-0103_020,1,23,Car,76.73442224186236,0,0,nan
nuscenes_mini_subset,scene-0103_020,1,24,Car,26.185244483999895,0,0,nan
nuscenes_mini_subset,scene-0103_020,1,25,Car,41.671071266428875,0,0,nan
nuscenes_mini_subset,scene-0103_020,2,0,Car,48.55390581309253,0,0,nan
nuscenes_mini_subset,scene-0103_020,2,1,Pedestrian,55.59676722953752,1,0,0.0
nuscenes_mini_subset,scene-0103_020,2,2,Car,17.372598499164646,17,15,88.23529411764706
nuscenes_mini_subset,scene-0103_020,2,3,Car,41.98520631359584,4,2,50.0
nuscenes_mini_subset,scene-0103_020,2,4,Car,74.35413573606682,1,0,0.0
nuscenes_mini_subset,scene-0103_020,2,5,Car,70.7653081613222,1,0,0.0
nuscenes_mini_subset,scene-0103_020,2,6,Car,47.75375810977346,0,0,nan
nuscenes_mini_subset,scene-0103_020,2,7,Car,47.661609944486216,0,0,nan
nuscenes_mini_subset,scene-0103_020,2,8,Car,79.06429384679606,1,0,0.0
nuscenes_mini_subset,scene-0103_020,2,9,Car,41.52477372170033,0,0,nan
nuscenes_mini_subset,scene-0103_020,2,10,Car,36.740491783214885,10,4,40.0
nuscenes_mini_subset,scene-0103_020,2,11,Car,53.71375284015263,1,0,0.0
nuscenes_mini_subset,scene-0103_020,2,12,Car,19.318013885915956,24,18,75.0
nuscenes_mini_subset,scene-0103_020,2,13,bicycle_rack,37.837333248001855,8,8,100.0
nuscenes_mini_subset,scene-0103_020,2,14,Car,61.537716659274864,1,0,0.0
nuscenes_mini_subset,scene-0103_020,2,15,Car,5.212176547450838,54,49,90.74074074074075
nuscenes_mini_subset,scene-0103_020,2,16,Motorcycle,36.695238697576535,0,0,nan
nuscenes_mini_subset,scene-0103_020,2,17,Car,47.506847572852266,0,0,nan
nuscenes_mini_subset,scene-0103_020,2,18,Pedestrian,27.20479017216854,3,0,0.0
nuscenes_mini_subset,scene-0103_020,2,19,Truck,53.27442885559098,5,3,60.0
nuscenes_mini_subset,scene-0103_020,2,20,Car,22.9986678334864,3,3,100.0
nuscenes_mini_subset,scene-0103_020,2,21,Car,14.288943296872631,120,116,96.66666666666667
nuscenes_mini_subset,scene-0103_020,2,22,Pedestrian,55.900418831831175,2,0,0.0
nuscenes_mini_subset,scene-0103_020,2,23,Car,76.73442224186236,0,0,nan
nuscenes_mini_subset,scene-0103_020,2,24,Car,26.185244483999895,0,0,nan
nuscenes_mini_subset,scene-0103_020,2,25,Car,41.671071266428875,0,0,nan
nuscenes_mini_subset,scene-0103_020,3,0,Car,48.55390581309253,0,0,nan
nuscenes_mini_subset,scene-0103_020,3,1,Pedestrian,55.59676722953752,1,0,0.0
nuscenes_mini_subset,scene-0103_020,3,2,Car,17.372598499164646,17,15,88.23529411764706
nuscenes_mini_subset,scene-0103_020,3,3,Car,41.98520631359584,4,0,0.0
nuscenes_mini_subset,scene-0103_020,3,4,Car,74.35413573606682,1,0,0.0
nuscenes_mini_subset,scene-0103_020,3,5,Car,70.7653081613222,1,0,0.0
nuscenes_mini_subset,scene-0103_020,3,6,Car,47.75375810977346,0,0,nan
nuscenes_mini_subset,scene-0103_020,3,7,Car,47.661609944486216,0,0,nan
nuscenes_mini_subset,scene-0103_020,3,8,Car,79.06429384679606,1,0,0.0
nuscenes_mini_subset,scene-0103_020,3,9,Car,41.52477372170033,0,0,nan
nuscenes_mini_subset,scene-0103_020,3,10,Car,36.740491783214885,10,0,0.0
nuscenes_mini_subset,scene-0103_020,3,11,Car,53.71375284015263,1,0,0.0
nuscenes_mini_subset,scene-0103_020,3,12,Car,19.318013885915956,24,15,62.5
nuscenes_mini_subset,scene-0103_020,3,13,bicycle_rack,37.837333248001855,8,7,87.5
nuscenes_mini_subset,scene-0103_020,3,14,Car,61.537716659274864,1,0,0.0
nuscenes_mini_subset,scene-0103_020,3,15,Car,5.212176547450838,54,40,74.07407407407408
nuscenes_mini_subset,scene-0103_020,3,16,Motorcycle,36.695238697576535,0,0,nan
nuscenes_mini_subset,scene-0103_020,3,17,Car,47.506847572852266,0,0,nan
nuscenes_mini_subset,scene-0103_020,3,18,Pedestrian,27.20479017216854,3,0,0.0
nuscenes_mini_subset,scene-0103_020,3,19,Truck,53.27442885559098,5,0,0.0
nuscenes_mini_subset,scene-0103_020,3,20,Car,22.9986678334864,3,3,100.0
nuscenes_mini_subset,scene-0103_020,3,21,Car,14.288943296872631,120,107,89.16666666666667
nuscenes_mini_subset,scene-0103_020,3,22,Pedestrian,55.900418831831175,2,0,0.0
nuscenes_mini_subset,scene-0103_020,3,23,Car,76.73442224186236,0,0,nan
nuscenes_mini_subset,scene-0103_020,3,24,Car,26.185244483999895,0,0,nan
nuscenes_mini_subset,scene-0103_020,3,25,Car,41.671071266428875,0,0,nan
nuscenes_mini_subset,scene-0103_021,-3,0,Car,47.18224474838107,0,0,nan
nuscenes_mini_subset,scene-0103_021,-3,1,Pedestrian,55.0442821132101,1,0,0.0
nuscenes_mini_subset,scene-0103_021,-3,2,Car,19.160557280828268,24,10,41.666666666666664
nuscenes_mini_subset,scene-0103_021,-3,3,Car,40.601512688554415,3,0,0.0
nuscenes_mini_subset,scene-0103_021,-3,4,Car,73.00327933776143,0,0,nan
nuscenes_mini_subset,scene-0103_021,-3,5,Car,69.39123148174141,0,0,nan
nuscenes_mini_subset,scene-0103_021,-3,6,Car,46.37286204698412,1,0,0.0
nuscenes_mini_subset,scene-0103_021,-3,7,Car,46.2773867032431,1,0,0.0
nuscenes_mini_subset,scene-0103_021,-3,8,Car,77.70975790960613,0,0,nan
nuscenes_mini_subset,scene-0103_021,-3,9,Car,40.13412844634662,0,0,nan
nuscenes_mini_subset,scene-0103_021,-3,10,Car,35.36927756892605,10,0,0.0
nuscenes_mini_subset,scene-0103_021,-3,11,Car,52.3412362488137,1,0,0.0
nuscenes_mini_subset,scene-0103_021,-3,12,Car,18.07958645447259,14,9,64.28571428571429
nuscenes_mini_subset,scene-0103_021,-3,13,bicycle_rack,36.48411110023465,11,5,45.45454545454545
nuscenes_mini_subset,scene-0103_021,-3,14,Car,60.183253813945036,1,0,0.0
nuscenes_mini_subset,scene-0103_021,-3,15,Pedestrian,39.51799195296816,2,0,0.0
nuscenes_mini_subset,scene-0103_021,-3,16,Car,3.844204307755787,5,0,0.0
nuscenes_mini_subset,scene-0103_021,-3,17,Motorcycle,35.31482117948959,0,0,nan
nuscenes_mini_subset,scene-0103_021,-3,18,Bicycle,74.05627264030097,2,0,0.0
nuscenes_mini_subset,scene-0103_021,-3,19,Car,46.13525621197009,0,0,nan
nuscenes_mini_subset,scene-0103_021,-3,20,Pedestrian,26.672643357179158,3,0,0.0
nuscenes_mini_subset,scene-0103_021,-3,21,Truck,51.8985521056383,6,0,0.0
nuscenes_mini_subset,scene-0103_021,-3,22,Car,21.618051996809545,4,0,0.0
nuscenes_mini_subset,scene-0103_021,-3,23,Car,12.635972498209943,154,140,90.9090909090909
nuscenes_mini_subset,scene-0103_021,-3,24,Pedestrian,55.2862459502262,2,0,0.0
nuscenes_mini_subset,scene-0103_021,-3,25,Car,75.36741329090766,0,0,nan
nuscenes_mini_subset,scene-0103_021,-3,26,Car,24.78952169983689,1,0,0.0
nuscenes_mini_subset,scene-0103_021,-3,27,Car,40.29971211082042,0,0,nan
nuscenes_mini_subset,scene-0103_021,-2,0,Car,47.18224474838107,0,0,nan
nuscenes_mini_subset,scene-0103_021,-2,1,Pedestrian,55.0442821132101,1,0,0.0
nuscenes_mini_subset,scene-0103_021,-2,2,Car,19.160557280828268,24,13,54.166666666666664
nuscenes_mini_subset,scene-0103_021,-2,3,Car,40.601512688554415,3,0,0.0
nuscenes_mini_subset,scene-0103_021,-2,4,Car,73.00327933776143,0,0,nan
nuscenes_mini_subset,scene-0103_021,-2,5,Car,69.39123148174141,0,0,nan
nuscenes_mini_subset,scene-0103_021,-2,6,Car,46.37286204698412,1,0,0.0
nuscenes_mini_subset,scene-0103_021,-2,7,Car,46.2773867032431,1,0,0.0
nuscenes_mini_subset,scene-0103_021,-2,8,Car,77.70975790960613,0,0,nan
nuscenes_mini_subset,scene-0103_021,-2,9,Car,40.13412844634662,0,0,nan
nuscenes_mini_subset,scene-0103_021,-2,10,Car,35.36927756892605,10,3,30.0
nuscenes_mini_subset,scene-0103_021,-2,11,Car,52.3412362488137,1,0,0.0
nuscenes_mini_subset,scene-0103_021,-2,12,Car,18.07958645447259,14,12,85.71428571428571
nuscenes_mini_subset,scene-0103_021,-2,13,bicycle_rack,36.48411110023465,11,6,54.54545454545455
nuscenes_mini_subset,scene-0103_021,-2,14,Car,60.183253813945036,1,0,0.0
nuscenes_mini_subset,scene-0103_021,-2,15,Pedestrian,39.51799195296816,2,0,0.0
nuscenes_mini_subset,scene-0103_021,-2,16,Car,3.844204307755787,5,0,0.0
nuscenes_mini_subset,scene-0103_021,-2,17,Motorcycle,35.31482117948959,0,0,nan
nuscenes_mini_subset,scene-0103_021,-2,18,Bicycle,74.05627264030097,2,0,0.0
nuscenes_mini_subset,scene-0103_021,-2,19,Car,46.13525621197009,0,0,nan
nuscenes_mini_subset,scene-0103_021,-2,20,Pedestrian,26.672643357179158,3,0,0.0
nuscenes_mini_subset,scene-0103_021,-2,21,Truck,51.8985521056383,6,2,33.333333333333336
nuscenes_mini_subset,scene-0103_021,-2,22,Car,21.618051996809545,4,0,0.0
nuscenes_mini_subset,scene-0103_021,-2,23,Car,12.635972498209943,154,151,98.05194805194805
nuscenes_mini_subset,scene-0103_021,-2,24,Pedestrian,55.2862459502262,2,0,0.0
nuscenes_mini_subset,scene-0103_021,-2,25,Car,75.36741329090766,0,0,nan
nuscenes_mini_subset,scene-0103_021,-2,26,Car,24.78952169983689,1,0,0.0
nuscenes_mini_subset,scene-0103_021,-2,27,Car,40.29971211082042,0,0,nan
nuscenes_mini_subset,scene-0103_021,-1,0,Car,47.18224474838107,0,0,nan
nuscenes_mini_subset,scene-0103_021,-1,1,Pedestrian,55.0442821132101,1,0,0.0
nuscenes_mini_subset,scene-0103_021,-1,2,Car,19.160557280828268,24,20,83.33333333333333
nuscenes_mini_subset,scene-0103_021,-1,3,Car,40.601512688554415,3,2,66.66666666666667
nuscenes_mini_subset,scene-0103_021,-1,4,Car,73.00327933776143,0,0,nan
nuscenes_mini_subset,scene-0103_021,-1,5,Car,69.39123148174141,0,0,nan
nuscenes_mini_subset,scene-0103_021,-1,6,Car,46.37286204698412,1,0,0.0
nuscenes_mini_subset,scene-0103_021,-1,7,Car,46.2773867032431,1,1,100.0
nuscenes_mini_subset,scene-0103_021,-1,8,Car,77.70975790960613,0,0,nan
nuscenes_mini_subset,scene-0103_021,-1,9,Car,40.13412844634662,0,0,nan
nuscenes_mini_subset,scene-0103_021,-1,10,Car,35.36927756892605,10,6,60.0
nuscenes_mini_subset,scene-0103_021,-1,11,Car,52.3412362488137,1,1,100.0
nuscenes_mini_subset,scene-0103_021,-1,12,Car,18.07958645447259,14,14,100.0
nuscenes_mini_subset,scene-0103_021,-1,13,bicycle_rack,36.48411110023465,11,9,81.81818181818181
nuscenes_mini_subset,scene-0103_021,-1,14,Car,60.183253813945036,1,0,0.0
nuscenes_mini_subset,scene-0103_021,-1,15,Pedestrian,39.51799195296816,2,0,0.0
nuscenes_mini_subset,scene-0103_021,-1,16,Car,3.844204307755787,5,0,0.0
nuscenes_mini_subset,scene-0103_021,-1,17,Motorcycle,35.31482117948959,0,0,nan
nuscenes_mini_subset,scene-0103_021,-1,18,Bicycle,74.05627264030097,2,0,0.0
nuscenes_mini_subset,scene-0103_021,-1,19,Car,46.13525621197009,0,0,nan
nuscenes_mini_subset,scene-0103_021,-1,20,Pedestrian,26.672643357179158,3,1,33.333333333333336
nuscenes_mini_subset,scene-0103_021,-1,21,Truck,51.8985521056383,6,5,83.33333333333333
nuscenes_mini_subset,scene-0103_021,-1,22,Car,21.618051996809545,4,3,75.0
nuscenes_mini_subset,scene-0103_021,-1,23,Car,12.635972498209943,154,154,100.0
nuscenes_mini_subset,scene-0103_021,-1,24,Pedestrian,55.2862459502262,2,0,0.0
nuscenes_mini_subset,scene-0103_021,-1,25,Car,75.36741329090766,0,0,nan
nuscenes_mini_subset,scene-0103_021,-1,26,Car,24.78952169983689,1,0,0.0
nuscenes_mini_subset,scene-0103_021,-1,27,Car,40.29971211082042,0,0,nan
nuscenes_mini_subset,scene-0103_021,-0.5,0,Car,47.18224474838107,0,0,nan
nuscenes_mini_subset,scene-0103_021,-0.5,1,Pedestrian,55.0442821132101,1,0,0.0
nuscenes_mini_subset,scene-0103_021,-0.5,2,Car,19.160557280828268,24,23,95.83333333333333
nuscenes_mini_subset,scene-0103_021,-0.5,3,Car,40.601512688554415,3,3,100.0
nuscenes_mini_subset,scene-0103_021,-0.5,4,Car,73.00327933776143,0,0,nan
nuscenes_mini_subset,scene-0103_021,-0.5,5,Car,69.39123148174141,0,0,nan
nuscenes_mini_subset,scene-0103_021,-0.5,6,Car,46.37286204698412,1,1,100.0
nuscenes_mini_subset,scene-0103_021,-0.5,7,Car,46.2773867032431,1,1,100.0
nuscenes_mini_subset,scene-0103_021,-0.5,8,Car,77.70975790960613,0,0,nan
nuscenes_mini_subset,scene-0103_021,-0.5,9,Car,40.13412844634662,0,0,nan
nuscenes_mini_subset,scene-0103_021,-0.5,10,Car,35.36927756892605,10,9,90.0
nuscenes_mini_subset,scene-0103_021,-0.5,11,Car,52.3412362488137,1,1,100.0
nuscenes_mini_subset,scene-0103_021,-0.5,12,Car,18.07958645447259,14,14,100.0
nuscenes_mini_subset,scene-0103_021,-0.5,13,bicycle_rack,36.48411110023465,11,11,100.0
nuscenes_mini_subset,scene-0103_021,-0.5,14,Car,60.183253813945036,1,1,100.0
nuscenes_mini_subset,scene-0103_021,-0.5,15,Pedestrian,39.51799195296816,2,1,50.0
nuscenes_mini_subset,scene-0103_021,-0.5,16,Car,3.844204307755787,5,1,20.0
nuscenes_mini_subset,scene-0103_021,-0.5,17,Motorcycle,35.31482117948959,0,0,nan
nuscenes_mini_subset,scene-0103_021,-0.5,18,Bicycle,74.05627264030097,2,1,50.0
nuscenes_mini_subset,scene-0103_021,-0.5,19,Car,46.13525621197009,0,0,nan
nuscenes_mini_subset,scene-0103_021,-0.5,20,Pedestrian,26.672643357179158,3,2,66.66666666666667
nuscenes_mini_subset,scene-0103_021,-0.5,21,Truck,51.8985521056383,6,5,83.33333333333333
nuscenes_mini_subset,scene-0103_021,-0.5,22,Car,21.618051996809545,4,3,75.0
nuscenes_mini_subset,scene-0103_021,-0.5,23,Car,12.635972498209943,154,154,100.0
nuscenes_mini_subset,scene-0103_021,-0.5,24,Pedestrian,55.2862459502262,2,0,0.0
nuscenes_mini_subset,scene-0103_021,-0.5,25,Car,75.36741329090766,0,0,nan
nuscenes_mini_subset,scene-0103_021,-0.5,26,Car,24.78952169983689,1,1,100.0
nuscenes_mini_subset,scene-0103_021,-0.5,27,Car,40.29971211082042,0,0,nan
nuscenes_mini_subset,scene-0103_021,0,0,Car,47.18224474838107,0,0,nan
nuscenes_mini_subset,scene-0103_021,0,1,Pedestrian,55.0442821132101,1,1,100.0
nuscenes_mini_subset,scene-0103_021,0,2,Car,19.160557280828268,24,24,100.0
nuscenes_mini_subset,scene-0103_021,0,3,Car,40.601512688554415,3,3,100.0
nuscenes_mini_subset,scene-0103_021,0,4,Car,73.00327933776143,0,0,nan
nuscenes_mini_subset,scene-0103_021,0,5,Car,69.39123148174141,0,0,nan
nuscenes_mini_subset,scene-0103_021,0,6,Car,46.37286204698412,1,1,100.0
nuscenes_mini_subset,scene-0103_021,0,7,Car,46.2773867032431,1,1,100.0
nuscenes_mini_subset,scene-0103_021,0,8,Car,77.70975790960613,0,0,nan
nuscenes_mini_subset,scene-0103_021,0,9,Car,40.13412844634662,0,0,nan
nuscenes_mini_subset,scene-0103_021,0,10,Car,35.36927756892605,10,10,100.0
nuscenes_mini_subset,scene-0103_021,0,11,Car,52.3412362488137,1,1,100.0
nuscenes_mini_subset,scene-0103_021,0,12,Car,18.07958645447259,14,14,100.0
nuscenes_mini_subset,scene-0103_021,0,13,bicycle_rack,36.48411110023465,11,11,100.0
nuscenes_mini_subset,scene-0103_021,0,14,Car,60.183253813945036,1,1,100.0
nuscenes_mini_subset,scene-0103_021,0,15,Pedestrian,39.51799195296816,2,2,100.0
nuscenes_mini_subset,scene-0103_021,0,16,Car,3.844204307755787,5,4,80.0
nuscenes_mini_subset,scene-0103_021,0,17,Motorcycle,35.31482117948959,0,0,nan
nuscenes_mini_subset,scene-0103_021,0,18,Bicycle,74.05627264030097,2,2,100.0
nuscenes_mini_subset,scene-0103_021,0,19,Car,46.13525621197009,0,0,nan
nuscenes_mini_subset,scene-0103_021,0,20,Pedestrian,26.672643357179158,3,3,100.0
nuscenes_mini_subset,scene-0103_021,0,21,Truck,51.8985521056383,6,6,100.0
nuscenes_mini_subset,scene-0103_021,0,22,Car,21.618051996809545,4,4,100.0
nuscenes_mini_subset,scene-0103_021,0,23,Car,12.635972498209943,154,154,100.0
nuscenes_mini_subset,scene-0103_021,0,24,Pedestrian,55.2862459502262,2,2,100.0
nuscenes_mini_subset,scene-0103_021,0,25,Car,75.36741329090766,0,0,nan
nuscenes_mini_subset,scene-0103_021,0,26,Car,24.78952169983689,1,1,100.0
nuscenes_mini_subset,scene-0103_021,0,27,Car,40.29971211082042,0,0,nan
nuscenes_mini_subset,scene-0103_021,0.5,0,Car,47.18224474838107,0,0,nan
nuscenes_mini_subset,scene-0103_021,0.5,1,Pedestrian,55.0442821132101,1,0,0.0
nuscenes_mini_subset,scene-0103_021,0.5,2,Car,19.160557280828268,24,24,100.0
nuscenes_mini_subset,scene-0103_021,0.5,3,Car,40.601512688554415,3,3,100.0
nuscenes_mini_subset,scene-0103_021,0.5,4,Car,73.00327933776143,0,0,nan
nuscenes_mini_subset,scene-0103_021,0.5,5,Car,69.39123148174141,0,0,nan
nuscenes_mini_subset,scene-0103_021,0.5,6,Car,46.37286204698412,1,1,100.0
nuscenes_mini_subset,scene-0103_021,0.5,7,Car,46.2773867032431,1,1,100.0
nuscenes_mini_subset,scene-0103_021,0.5,8,Car,77.70975790960613,0,0,nan
nuscenes_mini_subset,scene-0103_021,0.5,9,Car,40.13412844634662,0,0,nan
nuscenes_mini_subset,scene-0103_021,0.5,10,Car,35.36927756892605,10,9,90.0
nuscenes_mini_subset,scene-0103_021,0.5,11,Car,52.3412362488137,1,1,100.0
nuscenes_mini_subset,scene-0103_021,0.5,12,Car,18.07958645447259,14,14,100.0
nuscenes_mini_subset,scene-0103_021,0.5,13,bicycle_rack,36.48411110023465,11,11,100.0
nuscenes_mini_subset,scene-0103_021,0.5,14,Car,60.183253813945036,1,1,100.0
nuscenes_mini_subset,scene-0103_021,0.5,15,Pedestrian,39.51799195296816,2,2,100.0
nuscenes_mini_subset,scene-0103_021,0.5,16,Car,3.844204307755787,5,5,100.0
nuscenes_mini_subset,scene-0103_021,0.5,17,Motorcycle,35.31482117948959,0,0,nan
nuscenes_mini_subset,scene-0103_021,0.5,18,Bicycle,74.05627264030097,2,0,0.0
nuscenes_mini_subset,scene-0103_021,0.5,19,Car,46.13525621197009,0,0,nan
nuscenes_mini_subset,scene-0103_021,0.5,20,Pedestrian,26.672643357179158,3,2,66.66666666666667
nuscenes_mini_subset,scene-0103_021,0.5,21,Truck,51.8985521056383,6,6,100.0
nuscenes_mini_subset,scene-0103_021,0.5,22,Car,21.618051996809545,4,4,100.0
nuscenes_mini_subset,scene-0103_021,0.5,23,Car,12.635972498209943,154,154,100.0
nuscenes_mini_subset,scene-0103_021,0.5,24,Pedestrian,55.2862459502262,2,0,0.0
nuscenes_mini_subset,scene-0103_021,0.5,25,Car,75.36741329090766,0,0,nan
nuscenes_mini_subset,scene-0103_021,0.5,26,Car,24.78952169983689,1,1,100.0
nuscenes_mini_subset,scene-0103_021,0.5,27,Car,40.29971211082042,0,0,nan
nuscenes_mini_subset,scene-0103_021,1,0,Car,47.18224474838107,0,0,nan
nuscenes_mini_subset,scene-0103_021,1,1,Pedestrian,55.0442821132101,1,0,0.0
nuscenes_mini_subset,scene-0103_021,1,2,Car,19.160557280828268,24,21,87.5
nuscenes_mini_subset,scene-0103_021,1,3,Car,40.601512688554415,3,3,100.0
nuscenes_mini_subset,scene-0103_021,1,4,Car,73.00327933776143,0,0,nan
nuscenes_mini_subset,scene-0103_021,1,5,Car,69.39123148174141,0,0,nan
nuscenes_mini_subset,scene-0103_021,1,6,Car,46.37286204698412,1,1,100.0
nuscenes_mini_subset,scene-0103_021,1,7,Car,46.2773867032431,1,1,100.0
nuscenes_mini_subset,scene-0103_021,1,8,Car,77.70975790960613,0,0,nan
nuscenes_mini_subset,scene-0103_021,1,9,Car,40.13412844634662,0,0,nan
nuscenes_mini_subset,scene-0103_021,1,10,Car,35.36927756892605,10,7,70.0
nuscenes_mini_subset,scene-0103_021,1,11,Car,52.3412362488137,1,0,0.0
nuscenes_mini_subset,scene-0103_021,1,12,Car,18.07958645447259,14,12,85.71428571428571
nuscenes_mini_subset,scene-0103_021,1,13,bicycle_rack,36.48411110023465,11,11,100.0
nuscenes_mini_subset,scene-0103_021,1,14,Car,60.183253813945036,1,1,100.0
nuscenes_mini_subset,scene-0103_021,1,15,Pedestrian,39.51799195296816,2,0,0.0
nuscenes_mini_subset,scene-0103_021,1,16,Car,3.844204307755787,5,5,100.0
nuscenes_mini_subset,scene-0103_021,1,17,Motorcycle,35.31482117948959,0,0,nan
nuscenes_mini_subset,scene-0103_021,1,18,Bicycle,74.05627264030097,2,0,0.0
nuscenes_mini_subset,scene-0103_021,1,19,Car,46.13525621197009,0,0,nan
nuscenes_mini_subset,scene-0103_021,1,20,Pedestrian,26.672643357179158,3,1,33.333333333333336
nuscenes_mini_subset,scene-0103_021,1,21,Truck,51.8985521056383,6,6,100.0
nuscenes_mini_subset,scene-0103_021,1,22,Car,21.618051996809545,4,4,100.0
nuscenes_mini_subset,scene-0103_021,1,23,Car,12.635972498209943,154,153,99.35064935064935
nuscenes_mini_subset,scene-0103_021,1,24,Pedestrian,55.2862459502262,2,0,0.0
nuscenes_mini_subset,scene-0103_021,1,25,Car,75.36741329090766,0,0,nan
nuscenes_mini_subset,scene-0103_021,1,26,Car,24.78952169983689,1,1,100.0
nuscenes_mini_subset,scene-0103_021,1,27,Car,40.29971211082042,0,0,nan
nuscenes_mini_subset,scene-0103_021,2,0,Car,47.18224474838107,0,0,nan
nuscenes_mini_subset,scene-0103_021,2,1,Pedestrian,55.0442821132101,1,0,0.0
nuscenes_mini_subset,scene-0103_021,2,2,Car,19.160557280828268,24,17,70.83333333333333
nuscenes_mini_subset,scene-0103_021,2,3,Car,40.601512688554415,3,2,66.66666666666667
nuscenes_mini_subset,scene-0103_021,2,4,Car,73.00327933776143,0,0,nan
nuscenes_mini_subset,scene-0103_021,2,5,Car,69.39123148174141,0,0,nan
nuscenes_mini_subset,scene-0103_021,2,6,Car,46.37286204698412,1,1,100.0
nuscenes_mini_subset,scene-0103_021,2,7,Car,46.2773867032431,1,1,100.0
nuscenes_mini_subset,scene-0103_021,2,8,Car,77.70975790960613,0,0,nan
nuscenes_mini_subset,scene-0103_021,2,9,Car,40.13412844634662,0,0,nan
nuscenes_mini_subset,scene-0103_021,2,10,Car,35.36927756892605,10,4,40.0
nuscenes_mini_subset,scene-0103_021,2,11,Car,52.3412362488137,1,0,0.0
nuscenes_mini_subset,scene-0103_021,2,12,Car,18.07958645447259,14,9,64.28571428571429
nuscenes_mini_subset,scene-0103_021,2,13,bicycle_rack,36.48411110023465,11,11,100.0
nuscenes_mini_subset,scene-0103_021,2,14,Car,60.183253813945036,1,0,0.0
nuscenes_mini_subset,scene-0103_021,2,15,Pedestrian,39.51799195296816,2,0,0.0
nuscenes_mini_subset,scene-0103_021,2,16,Car,3.844204307755787,5,4,80.0
nuscenes_mini_subset,scene-0103_021,2,17,Motorcycle,35.31482117948959,0,0,nan
nuscenes_mini_subset,scene-0103_021,2,18,Bicycle,74.05627264030097,2,0,0.0
nuscenes_mini_subset,scene-0103_021,2,19,Car,46.13525621197009,0,0,nan
nuscenes_mini_subset,scene-0103_021,2,20,Pedestrian,26.672643357179158,3,0,0.0
nuscenes_mini_subset,scene-0103_021,2,21,Truck,51.8985521056383,6,4,66.66666666666667
nuscenes_mini_subset,scene-0103_021,2,22,Car,21.618051996809545,4,4,100.0
nuscenes_mini_subset,scene-0103_021,2,23,Car,12.635972498209943,154,150,97.40259740259741
nuscenes_mini_subset,scene-0103_021,2,24,Pedestrian,55.2862459502262,2,0,0.0
nuscenes_mini_subset,scene-0103_021,2,25,Car,75.36741329090766,0,0,nan
nuscenes_mini_subset,scene-0103_021,2,26,Car,24.78952169983689,1,1,100.0
nuscenes_mini_subset,scene-0103_021,2,27,Car,40.29971211082042,0,0,nan
nuscenes_mini_subset,scene-0103_021,3,0,Car,47.18224474838107,0,0,nan
nuscenes_mini_subset,scene-0103_021,3,1,Pedestrian,55.0442821132101,1,0,0.0
nuscenes_mini_subset,scene-0103_021,3,2,Car,19.160557280828268,24,16,66.66666666666667
nuscenes_mini_subset,scene-0103_021,3,3,Car,40.601512688554415,3,0,0.0
nuscenes_mini_subset,scene-0103_021,3,4,Car,73.00327933776143,0,0,nan
nuscenes_mini_subset,scene-0103_021,3,5,Car,69.39123148174141,0,0,nan
nuscenes_mini_subset,scene-0103_021,3,6,Car,46.37286204698412,1,1,100.0
nuscenes_mini_subset,scene-0103_021,3,7,Car,46.2773867032431,1,0,0.0
nuscenes_mini_subset,scene-0103_021,3,8,Car,77.70975790960613,0,0,nan
nuscenes_mini_subset,scene-0103_021,3,9,Car,40.13412844634662,0,0,nan
nuscenes_mini_subset,scene-0103_021,3,10,Car,35.36927756892605,10,0,0.0
nuscenes_mini_subset,scene-0103_021,3,11,Car,52.3412362488137,1,0,0.0
nuscenes_mini_subset,scene-0103_021,3,12,Car,18.07958645447259,14,7,50.0
nuscenes_mini_subset,scene-0103_021,3,13,bicycle_rack,36.48411110023465,11,10,90.9090909090909
nuscenes_mini_subset,scene-0103_021,3,14,Car,60.183253813945036,1,0,0.0
nuscenes_mini_subset,scene-0103_021,3,15,Pedestrian,39.51799195296816,2,0,0.0
nuscenes_mini_subset,scene-0103_021,3,16,Car,3.844204307755787,5,0,0.0
nuscenes_mini_subset,scene-0103_021,3,17,Motorcycle,35.31482117948959,0,0,nan
nuscenes_mini_subset,scene-0103_021,3,18,Bicycle,74.05627264030097,2,0,0.0
nuscenes_mini_subset,scene-0103_021,3,19,Car,46.13525621197009,0,0,nan
nuscenes_mini_subset,scene-0103_021,3,20,Pedestrian,26.672643357179158,3,0,0.0
nuscenes_mini_subset,scene-0103_021,3,21,Truck,51.8985521056383,6,1,16.666666666666668
nuscenes_mini_subset,scene-0103_021,3,22,Car,21.618051996809545,4,4,100.0
nuscenes_mini_subset,scene-0103_021,3,23,Car,12.635972498209943,154,146,94.8051948051948
nuscenes_mini_subset,scene-0103_021,3,24,Pedestrian,55.2862459502262,2,0,0.0
nuscenes_mini_subset,scene-0103_021,3,25,Car,75.36741329090766,0,0,nan
nuscenes_mini_subset,scene-0103_021,3,26,Car,24.78952169983689,1,1,100.0
nuscenes_mini_subset,scene-0103_021,3,27,Car,40.29971211082042,0,0,nan
nuscenes_mini_subset,scene-0103_022,-3,0,Car,45.81018505867117,0,0,nan
nuscenes_mini_subset,scene-0103_022,-3,1,Pedestrian,54.45783917136147,2,0,0.0
nuscenes_mini_subset,scene-0103_022,-3,2,Car,21.065735439572027,7,2,28.571428571428573
nuscenes_mini_subset,scene-0103_022,-3,3,Car,39.21378740290249,4,0,0.0
nuscenes_mini_subset,scene-0103_022,-3,4,Car,71.62445778510262,0,0,nan
nuscenes_mini_subset,scene-0103_022,-3,5,Car,68.00239622104849,0,0,nan
nuscenes_mini_subset,scene-0103_022,-3,6,Car,44.98571167844703,1,0,0.0
nuscenes_mini_subset,scene-0103_022,-3,7,Car,44.88973886686976,2,0,0.0
nuscenes_mini_subset,scene-0103_022,-3,8,Car,76.32804499399487,0,0,nan
nuscenes_mini_subset,scene-0103_022,-3,9,Car,38.7452420028633,2,1,50.0
nuscenes_mini_subset,scene-0103_022,-3,10,Car,33.98517586268864,10,0,0.0
nuscenes_mini_subset,scene-0103_022,-3,11,Car,50.95591468505027,1,0,0.0
nuscenes_mini_subset,scene-0103_022,-3,12,Car,16.811577196565313,3,3,100.0
nuscenes_mini_subset,scene-0103_022,-3,13,bicycle_rack,35.10289311562735,16,7,43.75
nuscenes_mini_subset,scene-0103_022,-3,14,Car,58.803021446131694,0,0,nan
nuscenes_mini_subset,scene-0103_022,-3,15,Pedestrian,38.73923894039969,1,0,0.0
nuscenes_mini_subset,scene-0103_022,-3,16,Motorcycle,33.948641224469576,0,0,nan
nuscenes_mini_subset,scene-0103_022,-3,17,Bicycle,70.14291566094433,1,0,0.0
nuscenes_mini_subset,scene-0103_022,-3,18,Car,44.75034230382276,0,0,nan
nuscenes_mini_subset,scene-0103_022,-3,19,Pedestrian,26.091728364866416,3,0,0.0
nuscenes_mini_subset,scene-0103_022,-3,20,Truck,50.49462096010012,7,0,0.0
nuscenes_mini_subset,scene-0103_022,-3,21,Car,20.23167207869545,1,0,0.0
nuscenes_mini_subset,scene-0103_022,-3,22,Car,10.967429589517636,163,156,95.70552147239263
nuscenes_mini_subset,scene-0103_022,-3,23,Pedestrian,54.64161978754701,1,0,0.0
nuscenes_mini_subset,scene-0103_022,-3,24,Car,73.98460360469453,0,0,nan
nuscenes_mini_subset,scene-0103_022,-3,25,Car,23.3921385800028,0,0,nan
nuscenes_mini_subset,scene-0103_022,-3,26,Car,38.91496298790316,1,1,100.0
nuscenes_mini_subset,scene-0103_022,-2,0,Car,45.81018505867117,0,0,nan
nuscenes_mini_subset,scene-0103_022,-2,1,Pedestrian,54.45783917136147,2,0,0.0
nuscenes_mini_subset,scene-0103_022,-2,2,Car,21.065735439572027,7,4,57.142857142857146
nuscenes_mini_subset,scene-0103_022,-2,3,Car,39.21378740290249,4,0,0.0
nuscenes_mini_subset,scene-0103_022,-2,4,Car,71.62445778510262,0,0,nan
nuscenes_mini_subset,scene-0103_022,-2,5,Car,68.00239622104849,0,0,nan
nuscenes_mini_subset,scene-0103_022,-2,6,Car,44.98571167844703,1,0,0.0
nuscenes_mini_subset,scene-0103_022,-2,7,Car,44.88973886686976,2,1,50.0
nuscenes_mini_subset,scene-0103_022,-2,8,Car,76.32804499399487,0,0,nan
nuscenes_mini_subset,scene-0103_022,-2,9,Car,38.7452420028633,2,2,100.0
nuscenes_mini_subset,scene-0103_022,-2,10,Car,33.98517586268864,10,4,40.0
nuscenes_mini_subset,scene-0103_022,-2,11,Car,50.95591468505027,1,0,0.0
nuscenes_mini_subset,scene-0103_022,-2,12,Car,16.811577196565313,3,3,100.0
nuscenes_mini_subset,scene-0103_022,-2,13,bicycle_rack,35.10289311562735,16,10,62.5
nuscenes_mini_subset,scene-0103_022,-2,14,Car,58.803021446131694,0,0,nan
nuscenes_mini_subset,scene-0103_022,-2,15,Pedestrian,38.73923894039969,1,0,0.0
nuscenes_mini_subset,scene-0103_022,-2,16,Motorcycle,33.948641224469576,0,0,nan
nuscenes_mini_subset,scene-0103_022,-2,17,Bicycle,70.14291566094433,1,0,0.0
nuscenes_mini_subset,scene-0103_022,-2,18,Car,44.75034230382276,0,0,nan
nuscenes_mini_subset,scene-0103_022,-2,19,Pedestrian,26.091728364866416,3,0,0.0
nuscenes_mini_subset,scene-0103_022,-2,20,Truck,50.49462096010012,7,2,28.571428571428573
nuscenes_mini_subset,scene-0103_022,-2,21,Car,20.23167207869545,1,1,100.0
nuscenes_mini_subset,scene-0103_022,-2,22,Car,10.967429589517636,163,162,99.38650306748467
nuscenes_mini_subset,scene-0103_022,-2,23,Pedestrian,54.64161978754701,1,0,0.0
nuscenes_mini_subset,scene-0103_022,-2,24,Car,73.98460360469453,0,0,nan
nuscenes_mini_subset,scene-0103_022,-2,25,Car,23.3921385800028,0,0,nan
nuscenes_mini_subset,scene-0103_022,-2,26,Car,38.91496298790316,1,1,100.0
nuscenes_mini_subset,scene-0103_022,-1,0,Car,45.81018505867117,0,0,nan
nuscenes_mini_subset,scene-0103_022,-1,1,Pedestrian,54.45783917136147,2,0,0.0
nuscenes_mini_subset,scene-0103_022,-1,2,Car,21.065735439572027,7,5,71.42857142857143
nuscenes_mini_subset,scene-0103_022,-1,3,Car,39.21378740290249,4,3,75.0
nuscenes_mini_subset,scene-0103_022,-1,4,Car,71.62445778510262,0,0,nan
nuscenes_mini_subset,scene-0103_022,-1,5,Car,68.00239622104849,0,0,nan
nuscenes_mini_subset,scene-0103_022,-1,6,Car,44.98571167844703,1,1,100.0
nuscenes_mini_subset,scene-0103_022,-1,7,Car,44.88973886686976,2,2,100.0
nuscenes_mini_subset,scene-0103_022,-1,8,Car,76.32804499399487,0,0,nan
nuscenes_mini_subset,scene-0103_022,-1,9,Car,38.7452420028633,2,2,100.0
nuscenes_mini_subset,scene-0103_022,-1,10,Car,33.98517586268864,10,7,70.0
nuscenes_mini_subset,scene-0103_022,-1,11,Car,50.95591468505027,1,1,100.0
nuscenes_mini_subset,scene-0103_022,-1,12,Car,16.811577196565313,3,3,100.0
nuscenes_mini_subset,scene-0103_022,-1,13,bicycle_rack,35.10289311562735,16,12,75.0
nuscenes_mini_subset,scene-0103_022,-1,14,Car,58.803021446131694,0,0,nan
nuscenes_mini_subset,scene-0103_022,-1,15,Pedestrian,38.73923894039969,1,0,0.0
nuscenes_mini_subset,scene-0103_022,-1,16,Motorcycle,33.948641224469576,0,0,nan
nuscenes_mini_subset,scene-0103_022,-1,17,Bicycle,70.14291566094433,1,0,0.0
nuscenes_mini_subset,scene-0103_022,-1,18,Car,44.75034230382276,0,0,nan
nuscenes_mini_subset,scene-0103_022,-1,19,Pedestrian,26.091728364866416,3,1,33.333333333333336
nuscenes_mini_subset,scene-0103_022,-1,20,Truck,50.49462096010012,7,6,85.71428571428571
nuscenes_mini_subset,scene-0103_022,-1,21,Car,20.23167207869545,1,1,100.0
nuscenes_mini_subset,scene-0103_022,-1,22,Car,10.967429589517636,163,163,100.0
nuscenes_mini_subset,scene-0103_022,-1,23,Pedestrian,54.64161978754701,1,0,0.0
nuscenes_mini_subset,scene-0103_022,-1,24,Car,73.98460360469453,0,0,nan
nuscenes_mini_subset,scene-0103_022,-1,25,Car,23.3921385800028,0,0,nan
nuscenes_mini_subset,scene-0103_022,-1,26,Car,38.91496298790316,1,1,100.0
nuscenes_mini_subset,scene-0103_022,-0.5,0,Car,45.81018505867117,0,0,nan
nuscenes_mini_subset,scene-0103_022,-0.5,1,Pedestrian,54.45783917136147,2,0,0.0
nuscenes_mini_subset,scene-0103_022,-0.5,2,Car,21.065735439572027,7,6,85.71428571428571
nuscenes_mini_subset,scene-0103_022,-0.5,3,Car,39.21378740290249,4,4,100.0
nuscenes_mini_subset,scene-0103_022,-0.5,4,Car,71.62445778510262,0,0,nan
nuscenes_mini_subset,scene-0103_022,-0.5,5,Car,68.00239622104849,0,0,nan
nuscenes_mini_subset,scene-0103_022,-0.5,6,Car,44.98571167844703,1,1,100.0
nuscenes_mini_subset,scene-0103_022,-0.5,7,Car,44.88973886686976,2,2,100.0
nuscenes_mini_subset,scene-0103_022,-0.5,8,Car,76.32804499399487,0,0,nan
nuscenes_mini_subset,scene-0103_022,-0.5,9,Car,38.7452420028633,2,2,100.0
nuscenes_mini_subset,scene-0103_022,-0.5,10,Car,33.98517586268864,10,9,90.0
nuscenes_mini_subset,scene-0103_022,-0.5,11,Car,50.95591468505027,1,1,100.0
nuscenes_mini_subset,scene-0103_022,-0.5,12,Car,16.811577196565313,3,3,100.0
nuscenes_mini_subset,scene-0103_022,-0.5,13,bicycle_rack,35.10289311562735,16,15,93.75
nuscenes_mini_subset,scene-0103_022,-0.5,14,Car,58.803021446131694,0,0,nan
nuscenes_mini_subset,scene-0103_022,-0.5,15,Pedestrian,38.73923894039969,1,0,0.0
nuscenes_mini_subset,scene-0103_022,-0.5,16,Motorcycle,33.948641224469576,0,0,nan
nuscenes_mini_subset,scene-0103_022,-0.5,17,Bicycle,70.14291566094433,1,0,0.0
nuscenes_mini_subset,scene-0103_022,-0.5,18,Car,44.75034230382276,0,0,nan
nuscenes_mini_subset,scene-0103_022,-0.5,19,Pedestrian,26.091728364866416,3,2,66.66666666666667
nuscenes_mini_subset,scene-0103_022,-0.5,20,Truck,50.49462096010012,7,7,100.0
nuscenes_mini_subset,scene-0103_022,-0.5,21,Car,20.23167207869545,1,1,100.0
nuscenes_mini_subset,scene-0103_022,-0.5,22,Car,10.967429589517636,163,163,100.0
nuscenes_mini_subset,scene-0103_022,-0.5,23,Pedestrian,54.64161978754701,1,0,0.0
nuscenes_mini_subset,scene-0103_022,-0.5,24,Car,73.98460360469453,0,0,nan
nuscenes_mini_subset,scene-0103_022,-0.5,25,Car,23.3921385800028,0,0,nan
nuscenes_mini_subset,scene-0103_022,-0.5,26,Car,38.91496298790316,1,1,100.0
nuscenes_mini_subset,scene-0103_022,0,0,Car,45.81018505867117,0,0,nan
nuscenes_mini_subset,scene-0103_022,0,1,Pedestrian,54.45783917136147,2,2,100.0
nuscenes_mini_subset,scene-0103_022,0,2,Car,21.065735439572027,7,7,100.0
nuscenes_mini_subset,scene-0103_022,0,3,Car,39.21378740290249,4,4,100.0
nuscenes_mini_subset,scene-0103_022,0,4,Car,71.62445778510262,0,0,nan
nuscenes_mini_subset,scene-0103_022,0,5,Car,68.00239622104849,0,0,nan
nuscenes_mini_subset,scene-0103_022,0,6,Car,44.98571167844703,1,1,100.0
nuscenes_mini_subset,scene-0103_022,0,7,Car,44.88973886686976,2,2,100.0
nuscenes_mini_subset,scene-0103_022,0,8,Car,76.32804499399487,0,0,nan
nuscenes_mini_subset,scene-0103_022,0,9,Car,38.7452420028633,2,2,100.0
nuscenes_mini_subset,scene-0103_022,0,10,Car,33.98517586268864,10,10,100.0
nuscenes_mini_subset,scene-0103_022,0,11,Car,50.95591468505027,1,1,100.0
nuscenes_mini_subset,scene-0103_022,0,12,Car,16.811577196565313,3,3,100.0
nuscenes_mini_subset,scene-0103_022,0,13,bicycle_rack,35.10289311562735,16,16,100.0
nuscenes_mini_subset,scene-0103_022,0,14,Car,58.803021446131694,0,0,nan
nuscenes_mini_subset,scene-0103_022,0,15,Pedestrian,38.73923894039969,1,1,100.0
nuscenes_mini_subset,scene-0103_022,0,16,Motorcycle,33.948641224469576,0,0,nan
nuscenes_mini_subset,scene-0103_022,0,17,Bicycle,70.14291566094433,1,1,100.0
nuscenes_mini_subset,scene-0103_022,0,18,Car,44.75034230382276,0,0,nan
nuscenes_mini_subset,scene-0103_022,0,19,Pedestrian,26.091728364866416,3,3,100.0
nuscenes_mini_subset,scene-0103_022,0,20,Truck,50.49462096010012,7,7,100.0
nuscenes_mini_subset,scene-0103_022,0,21,Car,20.23167207869545,1,1,100.0
nuscenes_mini_subset,scene-0103_022,0,22,Car,10.967429589517636,163,163,100.0
nuscenes_mini_subset,scene-0103_022,0,23,Pedestrian,54.64161978754701,1,1,100.0
nuscenes_mini_subset,scene-0103_022,0,24,Car,73.98460360469453,0,0,nan
nuscenes_mini_subset,scene-0103_022,0,25,Car,23.3921385800028,0,0,nan
nuscenes_mini_subset,scene-0103_022,0,26,Car,38.91496298790316,1,1,100.0
nuscenes_mini_subset,scene-0103_022,0.5,0,Car,45.81018505867117,0,0,nan
nuscenes_mini_subset,scene-0103_022,0.5,1,Pedestrian,54.45783917136147,2,0,0.0
nuscenes_mini_subset,scene-0103_022,0.5,2,Car,21.065735439572027,7,7,100.0
nuscenes_mini_subset,scene-0103_022,0.5,3,Car,39.21378740290249,4,4,100.0
nuscenes_mini_subset,scene-0103_022,0.5,4,Car,71.62445778510262,0,0,nan
nuscenes_mini_subset,scene-0103_022,0.5,5,Car,68.00239622104849,0,0,nan
nuscenes_mini_subset,scene-0103_022,0.5,6,Car,44.98571167844703,1,1,100.0
nuscenes_mini_subset,scene-0103_022,0.5,7,Car,44.88973886686976,2,2,100.0
nuscenes_mini_subset,scene-0103_022,0.5,8,Car,76.32804499399487,0,0,nan
nuscenes_mini_subset,scene-0103_022,0.5,9,Car,38.7452420028633,2,2,100.0
nuscenes_mini_subset,scene-0103_022,0.5,10,Car,33.98517586268864,10,10,100.0
nuscenes_mini_subset,scene-0103_022,0.5,11,Car,50.95591468505027,1,1,100.0
nuscenes_mini_subset,scene-0103_022,0.5,12,Car,16.811577196565313,3,3,100.0
nuscenes_mini_subset,scene-0103_022,0.5,13,bicycle_rack,35.10289311562735,16,16,100.0
nuscenes_mini_subset,scene-0103_022,0.5,14,Car,58.803021446131694,0,0,nan
nuscenes_mini_subset,scene-0103_022,0.5,15,Pedestrian,38.73923894039969,1,1,100.0
nuscenes_mini_subset,scene-0103_022,0.5,16,Motorcycle,33.948641224469576,0,0,nan
nuscenes_mini_subset,scene-0103_022,0.5,17,Bicycle,70.14291566094433,1,1,100.0
nuscenes_mini_subset,scene-0103_022,0.5,18,Car,44.75034230382276,0,0,nan
nuscenes_mini_subset,scene-0103_022,0.5,19,Pedestrian,26.091728364866416,3,2,66.66666666666667
nuscenes_mini_subset,scene-0103_022,0.5,20,Truck,50.49462096010012,7,7,100.0
nuscenes_mini_subset,scene-0103_022,0.5,21,Car,20.23167207869545,1,1,100.0
nuscenes_mini_subset,scene-0103_022,0.5,22,Car,10.967429589517636,163,159,97.54601226993866
nuscenes_mini_subset,scene-0103_022,0.5,23,Pedestrian,54.64161978754701,1,0,0.0
nuscenes_mini_subset,scene-0103_022,0.5,24,Car,73.98460360469453,0,0,nan
nuscenes_mini_subset,scene-0103_022,0.5,25,Car,23.3921385800028,0,0,nan
nuscenes_mini_subset,scene-0103_022,0.5,26,Car,38.91496298790316,1,1,100.0
nuscenes_mini_subset,scene-0103_022,1,0,Car,45.81018505867117,0,0,nan
nuscenes_mini_subset,scene-0103_022,1,1,Pedestrian,54.45783917136147,2,0,0.0
nuscenes_mini_subset,scene-0103_022,1,2,Car,21.065735439572027,7,6,85.71428571428571
nuscenes_mini_subset,scene-0103_022,1,3,Car,39.21378740290249,4,4,100.0
nuscenes_mini_subset,scene-0103_022,1,4,Car,71.62445778510262,0,0,nan
nuscenes_mini_subset,scene-0103_022,1,5,Car,68.00239622104849,0,0,nan
nuscenes_mini_subset,scene-0103_022,1,6,Car,44.98571167844703,1,1,100.0
nuscenes_mini_subset,scene-0103_022,1,7,Car,44.88973886686976,2,2,100.0
nuscenes_mini_subset,scene-0103_022,1,8,Car,76.32804499399487,0,0,nan
nuscenes_mini_subset,scene-0103_022,1,9,Car,38.7452420028633,2,1,50.0
nuscenes_mini_subset,scene-0103_022,1,10,Car,33.98517586268864,10,7,70.0
nuscenes_mini_subset,scene-0103_022,1,11,Car,50.95591468505027,1,0,0.0
nuscenes_mini_subset,scene-0103_022,1,12,Car,16.811577196565313,3,3,100.0
nuscenes_mini_subset,scene-0103_022,1,13,bicycle_rack,35.10289311562735,16,16,100.0
nuscenes_mini_subset,scene-0103_022,1,14,Car,58.803021446131694,0,0,nan
nuscenes_mini_subset,scene-0103_022,1,15,Pedestrian,38.73923894039969,1,0,0.0
nuscenes_mini_subset,scene-0103_022,1,16,Motorcycle,33.948641224469576,0,0,nan
nuscenes_mini_subset,scene-0103_022,1,17,Bicycle,70.14291566094433,1,0,0.0
nuscenes_mini_subset,scene-0103_022,1,18,Car,44.75034230382276,0,0,nan
nuscenes_mini_subset,scene-0103_022,1,19,Pedestrian,26.091728364866416,3,1,33.333333333333336
nuscenes_mini_subset,scene-0103_022,1,20,Truck,50.49462096010012,7,7,100.0
nuscenes_mini_subset,scene-0103_022,1,21,Car,20.23167207869545,1,0,0.0
nuscenes_mini_subset,scene-0103_022,1,22,Car,10.967429589517636,163,156,95.70552147239263
nuscenes_mini_subset,scene-0103_022,1,23,Pedestrian,54.64161978754701,1,0,0.0
nuscenes_mini_subset,scene-0103_022,1,24,Car,73.98460360469453,0,0,nan
nuscenes_mini_subset,scene-0103_022,1,25,Car,23.3921385800028,0,0,nan
nuscenes_mini_subset,scene-0103_022,1,26,Car,38.91496298790316,1,0,0.0
nuscenes_mini_subset,scene-0103_022,2,0,Car,45.81018505867117,0,0,nan
nuscenes_mini_subset,scene-0103_022,2,1,Pedestrian,54.45783917136147,2,0,0.0
nuscenes_mini_subset,scene-0103_022,2,2,Car,21.065735439572027,7,6,85.71428571428571
nuscenes_mini_subset,scene-0103_022,2,3,Car,39.21378740290249,4,4,100.0
nuscenes_mini_subset,scene-0103_022,2,4,Car,71.62445778510262,0,0,nan
nuscenes_mini_subset,scene-0103_022,2,5,Car,68.00239622104849,0,0,nan
nuscenes_mini_subset,scene-0103_022,2,6,Car,44.98571167844703,1,1,100.0
nuscenes_mini_subset,scene-0103_022,2,7,Car,44.88973886686976,2,2,100.0
nuscenes_mini_subset,scene-0103_022,2,8,Car,76.32804499399487,0,0,nan
nuscenes_mini_subset,scene-0103_022,2,9,Car,38.7452420028633,2,1,50.0
nuscenes_mini_subset,scene-0103_022,2,10,Car,33.98517586268864,10,4,40.0
nuscenes_mini_subset,scene-0103_022,2,11,Car,50.95591468505027,1,0,0.0
nuscenes_mini_subset,scene-0103_022,2,12,Car,16.811577196565313,3,1,33.333333333333336
nuscenes_mini_subset,scene-0103_022,2,13,bicycle_rack,35.10289311562735,16,14,87.5
nuscenes_mini_subset,scene-0103_022,2,14,Car,58.803021446131694,0,0,nan
nuscenes_mini_subset,scene-0103_022,2,15,Pedestrian,38.73923894039969,1,0,0.0
nuscenes_mini_subset,scene-0103_022,2,16,Motorcycle,33.948641224469576,0,0,nan
nuscenes_mini_subset,scene-0103_022,2,17,Bicycle,70.14291566094433,1,0,0.0
nuscenes_mini_subset,scene-0103_022,2,18,Car,44.75034230382276,0,0,nan
nuscenes_mini_subset,scene-0103_022,2,19,Pedestrian,26.091728364866416,3,0,0.0
nuscenes_mini_subset,scene-0103_022,2,20,Truck,50.49462096010012,7,6,85.71428571428571
nuscenes_mini_subset,scene-0103_022,2,21,Car,20.23167207869545,1,0,0.0
nuscenes_mini_subset,scene-0103_022,2,22,Car,10.967429589517636,163,148,90.79754601226993
nuscenes_mini_subset,scene-0103_022,2,23,Pedestrian,54.64161978754701,1,0,0.0
nuscenes_mini_subset,scene-0103_022,2,24,Car,73.98460360469453,0,0,nan
nuscenes_mini_subset,scene-0103_022,2,25,Car,23.3921385800028,0,0,nan
nuscenes_mini_subset,scene-0103_022,2,26,Car,38.91496298790316,1,0,0.0
nuscenes_mini_subset,scene-0103_022,3,0,Car,45.81018505867117,0,0,nan
nuscenes_mini_subset,scene-0103_022,3,1,Pedestrian,54.45783917136147,2,0,0.0
nuscenes_mini_subset,scene-0103_022,3,2,Car,21.065735439572027,7,5,71.42857142857143
nuscenes_mini_subset,scene-0103_022,3,3,Car,39.21378740290249,4,1,25.0
nuscenes_mini_subset,scene-0103_022,3,4,Car,71.62445778510262,0,0,nan
nuscenes_mini_subset,scene-0103_022,3,5,Car,68.00239622104849,0,0,nan
nuscenes_mini_subset,scene-0103_022,3,6,Car,44.98571167844703,1,0,0.0
nuscenes_mini_subset,scene-0103_022,3,7,Car,44.88973886686976,2,0,0.0
nuscenes_mini_subset,scene-0103_022,3,8,Car,76.32804499399487,0,0,nan
nuscenes_mini_subset,scene-0103_022,3,9,Car,38.7452420028633,2,0,0.0
nuscenes_mini_subset,scene-0103_022,3,10,Car,33.98517586268864,10,0,0.0
nuscenes_mini_subset,scene-0103_022,3,11,Car,50.95591468505027,1,0,0.0
nuscenes_mini_subset,scene-0103_022,3,12,Car,16.811577196565313,3,1,33.333333333333336
nuscenes_mini_subset,scene-0103_022,3,13,bicycle_rack,35.10289311562735,16,11,68.75
nuscenes_mini_subset,scene-0103_022,3,14,Car,58.803021446131694,0,0,nan
nuscenes_mini_subset,scene-0103_022,3,15,Pedestrian,38.73923894039969,1,0,0.0
nuscenes_mini_subset,scene-0103_022,3,16,Motorcycle,33.948641224469576,0,0,nan
nuscenes_mini_subset,scene-0103_022,3,17,Bicycle,70.14291566094433,1,0,0.0
nuscenes_mini_subset,scene-0103_022,3,18,Car,44.75034230382276,0,0,nan
nuscenes_mini_subset,scene-0103_022,3,19,Pedestrian,26.091728364866416,3,0,0.0
nuscenes_mini_subset,scene-0103_022,3,20,Truck,50.49462096010012,7,2,28.571428571428573
nuscenes_mini_subset,scene-0103_022,3,21,Car,20.23167207869545,1,0,0.0
nuscenes_mini_subset,scene-0103_022,3,22,Car,10.967429589517636,163,139,85.2760736196319
nuscenes_mini_subset,scene-0103_022,3,23,Pedestrian,54.64161978754701,1,0,0.0
nuscenes_mini_subset,scene-0103_022,3,24,Car,73.98460360469453,0,0,nan
nuscenes_mini_subset,scene-0103_022,3,25,Car,23.3921385800028,0,0,nan
nuscenes_mini_subset,scene-0103_022,3,26,Car,38.91496298790316,1,0,0.0
nuscenes_mini_subset,scene-0103_023,-3,0,Car,44.16187523027707,0,0,nan
nuscenes_mini_subset,scene-0103_023,-3,1,Pedestrian,53.60029292296792,1,0,0.0
nuscenes_mini_subset,scene-0103_023,-3,2,Car,23.614649047296876,10,5,50.0
nuscenes_mini_subset,scene-0103_023,-3,3,Car,37.5511155793444,3,0,0.0
nuscenes_mini_subset,scene-0103_023,-3,4,Car,69.97623963080355,0,0,nan
nuscenes_mini_subset,scene-0103_023,-3,5,Car,66.3411125820988,1,0,0.0
nuscenes_mini_subset,scene-0103_023,-3,6,Car,43.32426278524365,0,0,nan
nuscenes_mini_subset,scene-0103_023,-3,7,Car,43.22652109420898,0,0,nan
nuscenes_mini_subset,scene-0103_023,-3,8,Car,74.67705433433129,0,0,nan
nuscenes_mini_subset,scene-0103_023,-3,9,Car,37.07960550093215,2,1,50.0
nuscenes_mini_subset,scene-0103_023,-3,10,Car,32.326722598753456,10,0,0.0
nuscenes_mini_subset,scene-0103_023,-3,11,Car,49.29950114677538,0,0,nan
nuscenes_mini_subset,scene-0103_023,-3,12,Car,15.116446606640615,0,0,nan
nuscenes_mini_subset,scene-0103_023,-3,13,bicycle_rack,33.45184742391825,12,4,33.333333333333336
nuscenes_mini_subset,scene-0103_023,-3,14,Car,57.15232185687472,0,0,nan
nuscenes_mini_subset,scene-0103_023,-3,15,Pedestrian,37.69248689386624,1,0,0.0
nuscenes_mini_subset,scene-0103_023,-3,16,Motorcycle,32.30900773955679,0,0,nan
nuscenes_mini_subset,scene-0103_023,-3,17,Bicycle,65.90571075463788,2,0,0.0
nuscenes_mini_subset,scene-0103_023,-3,18,Car,43.09263095374272,0,0,nan
nuscenes_mini_subset,scene-0103_023,-3,19,Pedestrian,25.23924905012998,6,0,0.0
nuscenes_mini_subset,scene-0103_023,-3,20,Truck,48.84439977788877,7,0,0.0
nuscenes_mini_subset,scene-0103_023,-3,21,Car,18.570559752514477,2,0,0.0
nuscenes_mini_subset,scene-0103_023,-3,22,Car,9.037708305766198,181,172,95.02762430939227
nuscenes_mini_subset,scene-0103_023,-3,23,Pedestrian,53.728253587856095,0,0,nan
nuscenes_mini_subset,scene-0103_023,-3,24,Car,72.32926238072082,0,0,nan
nuscenes_mini_subset,scene-0103_023,-3,25,Car,21.72580167256903,5,3,60.0
nuscenes_mini_subset,scene-0103_023,-3,26,Car,37.25716024246442,0,0,nan
nuscenes_mini_subset,scene-0103_023,-2,0,Car,44.16187523027707,0,0,nan
nuscenes_mini_subset,scene-0103_023,-2,1,Pedestrian,53.60029292296792,1,0,0.0
nuscenes_mini_subset,scene-0103_023,-2,2,Car,23.614649047296876,10,5,50.0
nuscenes_mini_subset,scene-0103_023,-2,3,Car,37.5511155793444,3,0,0.0
nuscenes_mini_subset,scene-0103_023,-2,4,Car,69.97623963080355,0,0,nan
nuscenes_mini_subset,scene-0103_023,-2,5,Car,66.3411125820988,1,0,0.0
nuscenes_mini_subset,scene-0103_023,-2,6,Car,43.32426278524365,0,0,nan
nuscenes_mini_subset,scene-0103_023,-2,7,Car,43.22652109420898,0,0,nan
nuscenes_mini_subset,scene-0103_023,-2,8,Car,74.67705433433129,0,0,nan
nuscenes_mini_subset,scene-0103_023,-2,9,Car,37.07960550093215,2,1,50.0
nuscenes_mini_subset,scene-0103_023,-2,10,Car,32.326722598753456,10,4,40.0
nuscenes_mini_subset,scene-0103_023,-2,11,Car,49.29950114677538,0,0,nan
nuscenes_mini_subset,scene-0103_023,-2,12,Car,15.116446606640615,0,0,nan
nuscenes_mini_subset,scene-0103_023,-2,13,bicycle_rack,33.45184742391825,12,6,50.0
nuscenes_mini_subset,scene-0103_023,-2,14,Car,57.15232185687472,0,0,nan
nuscenes_mini_subset,scene-0103_023,-2,15,Pedestrian,37.69248689386624,1,0,0.0
nuscenes_mini_subset,scene-0103_023,-2,16,Motorcycle,32.30900773955679,0,0,nan
nuscenes_mini_subset,scene-0103_023,-2,17,Bicycle,65.90571075463788,2,0,0.0
nuscenes_mini_subset,scene-0103_023,-2,18,Car,43.09263095374272,0,0,nan
nuscenes_mini_subset,scene-0103_023,-2,19,Pedestrian,25.23924905012998,6,0,0.0
nuscenes_mini_subset,scene-0103_023,-2,20,Truck,48.84439977788877,7,2,28.571428571428573
nuscenes_mini_subset,scene-0103_023,-2,21,Car,18.570559752514477,2,0,0.0
nuscenes_mini_subset,scene-0103_023,-2,22,Car,9.037708305766198,181,179,98.89502762430939
nuscenes_mini_subset,scene-0103_023,-2,23,Pedestrian,53.728253587856095,0,0,nan
nuscenes_mini_subset,scene-0103_023,-2,24,Car,72.32926238072082,0,0,nan
nuscenes_mini_subset,scene-0103_023,-2,25,Car,21.72580167256903,5,4,80.0
nuscenes_mini_subset,scene-0103_023,-2,26,Car,37.25716024246442,0,0,nan
nuscenes_mini_subset,scene-0103_023,-1,0,Car,44.16187523027707,0,0,nan
nuscenes_mini_subset,scene-0103_023,-1,1,Pedestrian,53.60029292296792,1,0,0.0
nuscenes_mini_subset,scene-0103_023,-1,2,Car,23.614649047296876,10,6,60.0
nuscenes_mini_subset,scene-0103_023,-1,3,Car,37.5511155793444,3,2,66.66666666666667
nuscenes_mini_subset,scene-0103_023,-1,4,Car,69.97623963080355,0,0,nan
nuscenes_mini_subset,scene-0103_023,-1,5,Car,66.3411125820988,1,1,100.0
nuscenes_mini_subset,scene-0103_023,-1,6,Car,43.32426278524365,0,0,nan
nuscenes_mini_subset,scene-0103_023,-1,7,Car,43.22652109420898,0,0,nan
nuscenes_mini_subset,scene-0103_023,-1,8,Car,74.67705433433129,0,0,nan
nuscenes_mini_subset,scene-0103_023,-1,9,Car,37.07960550093215,2,2,100.0
nuscenes_mini_subset,scene-0103_023,-1,10,Car,32.326722598753456,10,7,70.0
nuscenes_mini_subset,scene-0103_023,-1,11,Car,49.29950114677538,0,0,nan
nuscenes_mini_subset,scene-0103_023,-1,12,Car,15.116446606640615,0,0,nan
nuscenes_mini_subset,scene-0103_023,-1,13,bicycle_rack,33.45184742391825,12,8,66.66666666666667
nuscenes_mini_subset,scene-0103_023,-1,14,Car,57.15232185687472,0,0,nan
nuscenes_mini_subset,scene-0103_023,-1,15,Pedestrian,37.69248689386624,1,0,0.0
nuscenes_mini_subset,scene-0103_023,-1,16,Motorcycle,32.30900773955679,0,0,nan
nuscenes_mini_subset,scene-0103_023,-1,17,Bicycle,65.90571075463788,2,0,0.0
nuscenes_mini_subset,scene-0103_023,-1,18,Car,43.09263095374272,0,0,nan
nuscenes_mini_subset,scene-0103_023,-1,19,Pedestrian,25.23924905012998,6,2,33.333333333333336
nuscenes_mini_subset,scene-0103_023,-1,20,Truck,48.84439977788877,7,6,85.71428571428571
nuscenes_mini_subset,scene-0103_023,-1,21,Car,18.570559752514477,2,0,0.0
nuscenes_mini_subset,scene-0103_023,-1,22,Car,9.037708305766198,181,181,100.0
nuscenes_mini_subset,scene-0103_023,-1,23,Pedestrian,53.728253587856095,0,0,nan
nuscenes_mini_subset,scene-0103_023,-1,24,Car,72.32926238072082,0,0,nan
nuscenes_mini_subset,scene-0103_023,-1,25,Car,21.72580167256903,5,5,100.0
nuscenes_mini_subset,scene-0103_023,-1,26,Car,37.25716024246442,0,0,nan
nuscenes_mini_subset,scene-0103_023,-0.5,0,Car,44.16187523027707,0,0,nan
nuscenes_mini_subset,scene-0103_023,-0.5,1,Pedestrian,53.60029292296792,1,0,0.0
nuscenes_mini_subset,scene-0103_023,-0.5,2,Car,23.614649047296876,10,8,80.0
nuscenes_mini_subset,scene-0103_023,-0.5,3,Car,37.5511155793444,3,3,100.0
nuscenes_mini_subset,scene-0103_023,-0.5,4,Car,69.97623963080355,0,0,nan
nuscenes_mini_subset,scene-0103_023,-0.5,5,Car,66.3411125820988,1,1,100.0
nuscenes_mini_subset,scene-0103_023,-0.5,6,Car,43.32426278524365,0,0,nan
nuscenes_mini_subset,scene-0103_023,-0.5,7,Car,43.22652109420898,0,0,nan
nuscenes_mini_subset,scene-0103_023,-0.5,8,Car,74.67705433433129,0,0,nan
nuscenes_mini_subset,scene-0103_023,-0.5,9,Car,37.07960550093215,2,2,100.0
nuscenes_mini_subset,scene-0103_023,-0.5,10,Car,32.326722598753456,10,9,90.0
nuscenes_mini_subset,scene-0103_023,-0.5,11,Car,49.29950114677538,0,0,nan
nuscenes_mini_subset,scene-0103_023,-0.5,12,Car,15.116446606640615,0,0,nan
nuscenes_mini_subset,scene-0103_023,-0.5,13,bicycle_rack,33.45184742391825,12,11,91.66666666666667
nuscenes_mini_subset,scene-0103_023,-0.5,14,Car,57.15232185687472,0,0,nan
nuscenes_mini_subset,scene-0103_023,-0.5,15,Pedestrian,37.69248689386624,1,1,100.0
nuscenes_mini_subset,scene-0103_023,-0.5,16,Motorcycle,32.30900773955679,0,0,nan
nuscenes_mini_subset,scene-0103_023,-0.5,17,Bicycle,65.90571075463788,2,1,50.0
nuscenes_mini_subset,scene-0103_023,-0.5,18,Car,43.09263095374272,0,0,nan
nuscenes_mini_subset,scene-0103_023,-0.5,19,Pedestrian,25.23924905012998,6,4,66.66666666666667
nuscenes_mini_subset,scene-0103_023,-0.5,20,Truck,48.84439977788877,7,7,100.0
nuscenes_mini_subset,scene-0103_023,-0.5,21,Car,18.570559752514477,2,2,100.0
nuscenes_mini_subset,scene-0103_023,-0.5,22,Car,9.037708305766198,181,181,100.0
nuscenes_mini_subset,scene-0103_023,-0.5,23,Pedestrian,53.728253587856095,0,0,nan
nuscenes_mini_subset,scene-0103_023,-0.5,24,Car,72.32926238072082,0,0,nan
nuscenes_mini_subset,scene-0103_023,-0.5,25,Car,21.72580167256903,5,5,100.0
nuscenes_mini_subset,scene-0103_023,-0.5,26,Car,37.25716024246442,0,0,nan
nuscenes_mini_subset,scene-0103_023,0,0,Car,44.16187523027707,0,0,nan
nuscenes_mini_subset,scene-0103_023,0,1,Pedestrian,53.60029292296792,1,1,100.0
nuscenes_mini_subset,scene-0103_023,0,2,Car,23.614649047296876,10,10,100.0
nuscenes_mini_subset,scene-0103_023,0,3,Car,37.5511155793444,3,3,100.0
nuscenes_mini_subset,scene-0103_023,0,4,Car,69.97623963080355,0,0,nan
nuscenes_mini_subset,scene-0103_023,0,5,Car,66.3411125820988,1,1,100.0
nuscenes_mini_subset,scene-0103_023,0,6,Car,43.32426278524365,0,0,nan
nuscenes_mini_subset,scene-0103_023,0,7,Car,43.22652109420898,0,0,nan
nuscenes_mini_subset,scene-0103_023,0,8,Car,74.67705433433129,0,0,nan
nuscenes_mini_subset,scene-0103_023,0,9,Car,37.07960550093215,2,2,100.0
nuscenes_mini_subset,scene-0103_023,0,10,Car,32.326722598753456,10,10,100.0
nuscenes_mini_subset,scene-0103_023,0,11,Car,49.29950114677538,0,0,nan
nuscenes_mini_subset,scene-0103_023,0,12,Car,15.116446606640615,0,0,nan
nuscenes_mini_subset,scene-0103_023,0,13,bicycle_rack,33.45184742391825,12,12,100.0
nuscenes_mini_subset,scene-0103_023,0,14,Car,57.15232185687472,0,0,nan
nuscenes_mini_subset,scene-0103_023,0,15,Pedestrian,37.69248689386624,1,1,100.0
nuscenes_mini_subset,scene-0103_023,0,16,Motorcycle,32.30900773955679,0,0,nan
nuscenes_mini_subset,scene-0103_023,0,17,Bicycle,65.90571075463788,2,2,100.0
nuscenes_mini_subset,scene-0103_023,0,18,Car,43.09263095374272,0,0,nan
nuscenes_mini_subset,scene-0103_023,0,19,Pedestrian,25.23924905012998,6,6,100.0
nuscenes_mini_subset,scene-0103_023,0,20,Truck,48.84439977788877,7,7,100.0
nuscenes_mini_subset,scene-0103_023,0,21,Car,18.570559752514477,2,2,100.0
nuscenes_mini_subset,scene-0103_023,0,22,Car,9.037708305766198,181,181,100.0
nuscenes_mini_subset,scene-0103_023,0,23,Pedestrian,53.728253587856095,0,0,nan
nuscenes_mini_subset,scene-0103_023,0,24,Car,72.32926238072082,0,0,nan
nuscenes_mini_subset,scene-0103_023,0,25,Car,21.72580167256903,5,5,100.0
nuscenes_mini_subset,scene-0103_023,0,26,Car,37.25716024246442,0,0,nan
nuscenes_mini_subset,scene-0103_023,0.5,0,Car,44.16187523027707,0,0,nan
nuscenes_mini_subset,scene-0103_023,0.5,1,Pedestrian,53.60029292296792,1,0,0.0
nuscenes_mini_subset,scene-0103_023,0.5,2,Car,23.614649047296876,10,10,100.0
nuscenes_mini_subset,scene-0103_023,0.5,3,Car,37.5511155793444,3,3,100.0
nuscenes_mini_subset,scene-0103_023,0.5,4,Car,69.97623963080355,0,0,nan
nuscenes_mini_subset,scene-0103_023,0.5,5,Car,66.3411125820988,1,0,0.0
nuscenes_mini_subset,scene-0103_023,0.5,6,Car,43.32426278524365,0,0,nan
nuscenes_mini_subset,scene-0103_023,0.5,7,Car,43.22652109420898,0,0,nan
nuscenes_mini_subset,scene-0103_023,0.5,8,Car,74.67705433433129,0,0,nan
nuscenes_mini_subset,scene-0103_023,0.5,9,Car,37.07960550093215,2,1,50.0
nuscenes_mini_subset,scene-0103_023,0.5,10,Car,32.326722598753456,10,10,100.0
nuscenes_mini_subset,scene-0103_023,0.5,11,Car,49.29950114677538,0,0,nan
nuscenes_mini_subset,scene-0103_023,0.5,12,Car,15.116446606640615,0,0,nan
nuscenes_mini_subset,scene-0103_023,0.5,13,bicycle_rack,33.45184742391825,12,12,100.0
nuscenes_mini_subset,scene-0103_023,0.5,14,Car,57.15232185687472,0,0,nan
nuscenes_mini_subset,scene-0103_023,0.5,15,Pedestrian,37.69248689386624,1,0,0.0
nuscenes_mini_subset,scene-0103_023,0.5,16,Motorcycle,32.30900773955679,0,0,nan
nuscenes_mini_subset,scene-0103_023,0.5,17,Bicycle,65.90571075463788,2,1,50.0
nuscenes_mini_subset,scene-0103_023,0.5,18,Car,43.09263095374272,0,0,nan
nuscenes_mini_subset,scene-0103_023,0.5,19,Pedestrian,25.23924905012998,6,6,100.0
nuscenes_mini_subset,scene-0103_023,0.5,20,Truck,48.84439977788877,7,7,100.0
nuscenes_mini_subset,scene-0103_023,0.5,21,Car,18.570559752514477,2,2,100.0
nuscenes_mini_subset,scene-0103_023,0.5,22,Car,9.037708305766198,181,171,94.47513812154696
nuscenes_mini_subset,scene-0103_023,0.5,23,Pedestrian,53.728253587856095,0,0,nan
nuscenes_mini_subset,scene-0103_023,0.5,24,Car,72.32926238072082,0,0,nan
nuscenes_mini_subset,scene-0103_023,0.5,25,Car,21.72580167256903,5,5,100.0
nuscenes_mini_subset,scene-0103_023,0.5,26,Car,37.25716024246442,0,0,nan
nuscenes_mini_subset,scene-0103_023,1,0,Car,44.16187523027707,0,0,nan
nuscenes_mini_subset,scene-0103_023,1,1,Pedestrian,53.60029292296792,1,0,0.0
nuscenes_mini_subset,scene-0103_023,1,2,Car,23.614649047296876,10,9,90.0
nuscenes_mini_subset,scene-0103_023,1,3,Car,37.5511155793444,3,3,100.0
nuscenes_mini_subset,scene-0103_023,1,4,Car,69.97623963080355,0,0,nan
nuscenes_mini_subset,scene-0103_023,1,5,Car,66.3411125820988,1,0,0.0
nuscenes_mini_subset,scene-0103_023,1,6,Car,43.32426278524365,0,0,nan
nuscenes_mini_subset,scene-0103_023,1,7,Car,43.22652109420898,0,0,nan
nuscenes_mini_subset,scene-0103_023,1,8,Car,74.67705433433129,0,0,nan
nuscenes_mini_subset,scene-0103_023,1,9,Car,37.07960550093215,2,1,50.0
nuscenes_mini_subset,scene-0103_023,1,10,Car,32.326722598753456,10,7,70.0
nuscenes_mini_subset,scene-0103_023,1,11,Car,49.29950114677538,0,0,nan
nuscenes_mini_subset,scene-0103_023,1,12,Car,15.116446606640615,0,0,nan
nuscenes_mini_subset,scene-0103_023,1,13,bicycle_rack,33.45184742391825,12,11,91.66666666666667
nuscenes_mini_subset,scene-0103_023,1,14,Car,57.15232185687472,0,0,nan
nuscenes_mini_subset,scene-0103_023,1,15,Pedestrian,37.69248689386624,1,0,0.0
nuscenes_mini_subset,scene-0103_023,1,16,Motorcycle,32.30900773955679,0,0,nan
nuscenes_mini_subset,scene-0103_023,1,17,Bicycle,65.90571075463788,2,0,0.0
nuscenes_mini_subset,scene-0103_023,1,18,Car,43.09263095374272,0,0,nan
nuscenes_mini_subset,scene-0103_023,1,19,Pedestrian,25.23924905012998,6,2,33.333333333333336
nuscenes_mini_subset,scene-0103_023,1,20,Truck,48.84439977788877,7,7,100.0
nuscenes_mini_subset,scene-0103_023,1,21,Car,18.570559752514477,2,0,0.0
nuscenes_mini_subset,scene-0103_023,1,22,Car,9.037708305766198,181,164,90.60773480662984
nuscenes_mini_subset,scene-0103_023,1,23,Pedestrian,53.728253587856095,0,0,nan
nuscenes_mini_subset,scene-0103_023,1,24,Car,72.32926238072082,0,0,nan
nuscenes_mini_subset,scene-0103_023,1,25,Car,21.72580167256903,5,5,100.0
nuscenes_mini_subset,scene-0103_023,1,26,Car,37.25716024246442,0,0,nan
nuscenes_mini_subset,scene-0103_023,2,0,Car,44.16187523027707,0,0,nan
nuscenes_mini_subset,scene-0103_023,2,1,Pedestrian,53.60029292296792,1,0,0.0
nuscenes_mini_subset,scene-0103_023,2,2,Car,23.614649047296876,10,5,50.0
nuscenes_mini_subset,scene-0103_023,2,3,Car,37.5511155793444,3,3,100.0
nuscenes_mini_subset,scene-0103_023,2,4,Car,69.97623963080355,0,0,nan
nuscenes_mini_subset,scene-0103_023,2,5,Car,66.3411125820988,1,0,0.0
nuscenes_mini_subset,scene-0103_023,2,6,Car,43.32426278524365,0,0,nan
nuscenes_mini_subset,scene-0103_023,2,7,Car,43.22652109420898,0,0,nan
nuscenes_mini_subset,scene-0103_023,2,8,Car,74.67705433433129,0,0,nan
nuscenes_mini_subset,scene-0103_023,2,9,Car,37.07960550093215,2,1,50.0
nuscenes_mini_subset,scene-0103_023,2,10,Car,32.326722598753456,10,4,40.0
nuscenes_mini_subset,scene-0103_023,2,11,Car,49.29950114677538,0,0,nan
nuscenes_mini_subset,scene-0103_023,2,12,Car,15.116446606640615,0,0,nan
nuscenes_mini_subset,scene-0103_023,2,13,bicycle_rack,33.45184742391825,12,11,91.66666666666667
nuscenes_mini_subset,scene-0103_023,2,14,Car,57.15232185687472,0,0,nan
nuscenes_mini_subset,scene-0103_023,2,15,Pedestrian,37.69248689386624,1,0,0.0
nuscenes_mini_subset,scene-0103_023,2,16,Motorcycle,32.30900773955679,0,0,nan
nuscenes_mini_subset,scene-0103_023,2,17,Bicycle,65.90571075463788,2,0,0.0
nuscenes_mini_subset,scene-0103_023,2,18,Car,43.09263095374272,0,0,nan
nuscenes_mini_subset,scene-0103_023,2,19,Pedestrian,25.23924905012998,6,0,0.0
nuscenes_mini_subset,scene-0103_023,2,20,Truck,48.84439977788877,7,6,85.71428571428571
nuscenes_mini_subset,scene-0103_023,2,21,Car,18.570559752514477,2,0,0.0
nuscenes_mini_subset,scene-0103_023,2,22,Car,9.037708305766198,181,145,80.11049723756906
nuscenes_mini_subset,scene-0103_023,2,23,Pedestrian,53.728253587856095,0,0,nan
nuscenes_mini_subset,scene-0103_023,2,24,Car,72.32926238072082,0,0,nan
nuscenes_mini_subset,scene-0103_023,2,25,Car,21.72580167256903,5,5,100.0
nuscenes_mini_subset,scene-0103_023,2,26,Car,37.25716024246442,0,0,nan
nuscenes_mini_subset,scene-0103_023,3,0,Car,44.16187523027707,0,0,nan
nuscenes_mini_subset,scene-0103_023,3,1,Pedestrian,53.60029292296792,1,0,0.0
nuscenes_mini_subset,scene-0103_023,3,2,Car,23.614649047296876,10,5,50.0
nuscenes_mini_subset,scene-0103_023,3,3,Car,37.5511155793444,3,1,33.333333333333336
nuscenes_mini_subset,scene-0103_023,3,4,Car,69.97623963080355,0,0,nan
nuscenes_mini_subset,scene-0103_023,3,5,Car,66.3411125820988,1,0,0.0
nuscenes_mini_subset,scene-0103_023,3,6,Car,43.32426278524365,0,0,nan
nuscenes_mini_subset,scene-0103_023,3,7,Car,43.22652109420898,0,0,nan
nuscenes_mini_subset,scene-0103_023,3,8,Car,74.67705433433129,0,0,nan
nuscenes_mini_subset,scene-0103_023,3,9,Car,37.07960550093215,2,0,0.0
nuscenes_mini_subset,scene-0103_023,3,10,Car,32.326722598753456,10,1,10.0
nuscenes_mini_subset,scene-0103_023,3,11,Car,49.29950114677538,0,0,nan
nuscenes_mini_subset,scene-0103_023,3,12,Car,15.116446606640615,0,0,nan
nuscenes_mini_subset,scene-0103_023,3,13,bicycle_rack,33.45184742391825,12,11,91.66666666666667
nuscenes_mini_subset,scene-0103_023,3,14,Car,57.15232185687472,0,0,nan
nuscenes_mini_subset,scene-0103_023,3,15,Pedestrian,37.69248689386624,1,0,0.0
nuscenes_mini_subset,scene-0103_023,3,16,Motorcycle,32.30900773955679,0,0,nan
nuscenes_mini_subset,scene-0103_023,3,17,Bicycle,65.90571075463788,2,0,0.0
nuscenes_mini_subset,scene-0103_023,3,18,Car,43.09263095374272,0,0,nan
nuscenes_mini_subset,scene-0103_023,3,19,Pedestrian,25.23924905012998,6,0,0.0
nuscenes_mini_subset,scene-0103_023,3,20,Truck,48.84439977788877,7,3,42.857142857142854
nuscenes_mini_subset,scene-0103_023,3,21,Car,18.570559752514477,2,0,0.0
nuscenes_mini_subset,scene-0103_023,3,22,Car,9.037708305766198,181,127,70.1657458563536
nuscenes_mini_subset,scene-0103_023,3,23,Pedestrian,53.728253587856095,0,0,nan
nuscenes_mini_subset,scene-0103_023,3,24,Car,72.32926238072082,0,0,nan
nuscenes_mini_subset,scene-0103_023,3,25,Car,21.72580167256903,5,3,60.0
nuscenes_mini_subset,scene-0103_023,3,26,Car,37.25716024246442,0,0,nan
nuscenes_mini_subset,scene-0103_024,-3,0,Car,42.31090629401966,0,0,nan
nuscenes_mini_subset,scene-0103_024,-3,1,Pedestrian,52.526164238113104,1,0,0.0
nuscenes_mini_subset,scene-0103_024,-3,2,Car,25.95215201708176,4,2,50.0
nuscenes_mini_subset,scene-0103_024,-3,3,Car,35.6835570142251,5,0,0.0
nuscenes_mini_subset,scene-0103_024,-3,4,Car,68.10991121206767,0,0,nan
nuscenes_mini_subset,scene-0103_024,-3,5,Car,64.45685064213897,0,0,nan
nuscenes_mini_subset,scene-0103_024,-3,6,Car,41.45651652376015,0,0,nan
nuscenes_mini_subset,scene-0103_024,-3,7,Car,41.35901967516128,0,0,nan
nuscenes_mini_subset,scene-0103_024,-3,8,Car,72.80835022684957,0,0,nan
nuscenes_mini_subset,scene-0103_024,-3,9,Car,35.212503645691534,3,0,0.0
nuscenes_mini_subset,scene-0103_024,-3,10,Car,30.458925006308814,10,0,0.0
nuscenes_mini_subset,scene-0103_024,-3,11,Car,47.430780902888614,0,0,nan
nuscenes_mini_subset,scene-0103_024,-3,12,Car,13.20210195191606,10,7,70.0
nuscenes_mini_subset,scene-0103_024,-3,13,bicycle_rack,31.583119831574834,19,11,57.89473684210526
nuscenes_mini_subset,scene-0103_024,-3,14,Car,55.284064924917345,1,0,0.0
nuscenes_mini_subset,scene-0103_024,-3,15,Pedestrian,36.417663452584,2,0,0.0
nuscenes_mini_subset,scene-0103_024,-3,16,Motorcycle,30.436472798609238,1,0,0.0
nuscenes_mini_subset,scene-0103_024,-3,17,Bicycle,61.44900101102663,2,0,0.0
nuscenes_mini_subset,scene-0103_024,-3,18,Car,41.2249310706118,0,0,nan
nuscenes_mini_subset,scene-0103_024,-3,19,Pedestrian,24.17496227172206,6,0,0.0
nuscenes_mini_subset,scene-0103_024,-3,20,Truck,46.975551147002655,10,0,0.0
nuscenes_mini_subset,scene-0103_024,-3,21,Car,6.902453530980707,110,90,81.81818181818181
nuscenes_mini_subset,scene-0103_024,-3,22,Pedestrian,52.59608176676411,0,0,nan
nuscenes_mini_subset,scene-0103_024,-3,23,Car,70.46446962933337,0,0,nan
nuscenes_mini_subset,scene-0103_024,-3,24,Car,19.84190183894608,18,15,83.33333333333333
nuscenes_mini_subset,scene-0103_024,-3,25,Car,35.38853669206065,3,2,66.66666666666667
nuscenes_mini_subset,scene-0103_024,-2,0,Car,42.31090629401966,0,0,nan
nuscenes_mini_subset,scene-0103_024,-2,1,Pedestrian,52.526164238113104,1,0,0.0
nuscenes_mini_subset,scene-0103_024,-2,2,Car,25.95215201708176,4,3,75.0
nuscenes_mini_subset,scene-0103_024,-2,3,Car,35.6835570142251,5,1,20.0
nuscenes_mini_subset,scene-0103_024,-2,4,Car,68.10991121206767,0,0,nan
nuscenes_mini_subset,scene-0103_024,-2,5,Car,64.45685064213897,0,0,nan
nuscenes_mini_subset,scene-0103_024,-2,6,Car,41.45651652376015,0,0,nan
nuscenes_mini_subset,scene-0103_024,-2,7,Car,41.35901967516128,0,0,nan
nuscenes_mini_subset,scene-0103_024,-2,8,Car,72.80835022684957,0,0,nan
nuscenes_mini_subset,scene-0103_024,-2,9,Car,35.212503645691534,3,2,66.66666666666667
nuscenes_mini_subset,scene-0103_024,-2,10,Car,30.458925006308814,10,4,40.0
nuscenes_mini_subset,scene-0103_024,-2,11,Car,47.430780902888614,0,0,nan
nuscenes_mini_subset,scene-0103_024,-2,12,Car,13.20210195191606,10,7,70.0
nuscenes_mini_subset,scene-0103_024,-2,13,bicycle_rack,31.583119831574834,19,13,68.42105263157895
nuscenes_mini_subset,scene-0103_024,-2,14,Car,55.284064924917345,1,0,0.0
nuscenes_mini_subset,scene-0103_024,-2,15,Pedestrian,36.417663452584,2,0,0.0
nuscenes_mini_subset,scene-0103_024,-2,16,Motorcycle,30.436472798609238,1,0,0.0
nuscenes_mini_subset,scene-0103_024,-2,17,Bicycle,61.44900101102663,2,0,0.0
nuscenes_mini_subset,scene-0103_024,-2,18,Car,41.2249310706118,0,0,nan
nuscenes_mini_subset,scene-0103_024,-2,19,Pedestrian,24.17496227172206,6,0,0.0
nuscenes_mini_subset,scene-0103_024,-2,20,Truck,46.975551147002655,10,3,30.0
nuscenes_mini_subset,scene-0103_024,-2,21,Car,6.902453530980707,110,102,92.72727272727273
nuscenes_mini_subset,scene-0103_024,-2,22,Pedestrian,52.59608176676411,0,0,nan
nuscenes_mini_subset,scene-0103_024,-2,23,Car,70.46446962933337,0,0,nan
nuscenes_mini_subset,scene-0103_024,-2,24,Car,19.84190183894608,18,16,88.88888888888889
nuscenes_mini_subset,scene-0103_024,-2,25,Car,35.38853669206065,3,3,100.0
nuscenes_mini_subset,scene-0103_024,-1,0,Car,42.31090629401966,0,0,nan
nuscenes_mini_subset,scene-0103_024,-1,1,Pedestrian,52.526164238113104,1,0,0.0
nuscenes_mini_subset,scene-0103_024,-1,2,Car,25.95215201708176,4,3,75.0
nuscenes_mini_subset,scene-0103_024,-1,3,Car,35.6835570142251,5,4,80.0
nuscenes_mini_subset,scene-0103_024,-1,4,Car,68.10991121206767,0,0,nan
nuscenes_mini_subset,scene-0103_024,-1,5,Car,64.45685064213897,0,0,nan
nuscenes_mini_subset,scene-0103_024,-1,6,Car,41.45651652376015,0,0,nan
nuscenes_mini_subset,scene-0103_024,-1,7,Car,41.35901967516128,0,0,nan
nuscenes_mini_subset,scene-0103_024,-1,8,Car,72.80835022684957,0,0,nan
nuscenes_mini_subset,scene-0103_024,-1,9,Car,35.212503645691534,3,2,66.66666666666667
nuscenes_mini_subset,scene-0103_024,-1,10,Car,30.458925006308814,10,7,70.0
nuscenes_mini_subset,scene-0103_024,-1,11,Car,47.430780902888614,0,0,nan
nuscenes_mini_subset,scene-0103_024,-1,12,Car,13.20210195191606,10,9,90.0
nuscenes_mini_subset,scene-0103_024,-1,13,bicycle_rack,31.583119831574834,19,17,89.47368421052632
nuscenes_mini_subset,scene-0103_024,-1,14,Car,55.284064924917345,1,0,0.0
nuscenes_mini_subset,scene-0103_024,-1,15,Pedestrian,36.417663452584,2,0,0.0
nuscenes_mini_subset,scene-0103_024,-1,16,Motorcycle,30.436472798609238,1,0,0.0
nuscenes_mini_subset,scene-0103_024,-1,17,Bicycle,61.44900101102663,2,0,0.0
nuscenes_mini_subset,scene-0103_024,-1,18,Car,41.2249310706118,0,0,nan
nuscenes_mini_subset,scene-0103_024,-1,19,Pedestrian,24.17496227172206,6,1,16.666666666666668
nuscenes_mini_subset,scene-0103_024,-1,20,Truck,46.975551147002655,10,9,90.0
nuscenes_mini_subset,scene-0103_024,-1,21,Car,6.902453530980707,110,110,100.0
nuscenes_mini_subset,scene-0103_024,-1,22,Pedestrian,52.59608176676411,0,0,nan
nuscenes_mini_subset,scene-0103_024,-1,23,Car,70.46446962933337,0,0,nan
nuscenes_mini_subset,scene-0103_024,-1,24,Car,19.84190183894608,18,18,100.0
nuscenes_mini_subset,scene-0103_024,-1,25,Car,35.38853669206065,3,3,100.0
nuscenes_mini_subset,scene-0103_024,-0.5,0,Car,42.31090629401966,0,0,nan
nuscenes_mini_subset,scene-0103_024,-0.5,1,Pedestrian,52.526164238113104,1,0,0.0
nuscenes_mini_subset,scene-0103_024,-0.5,2,Car,25.95215201708176,4,3,75.0
nuscenes_mini_subset,scene-0103_024,-0.5,3,Car,35.6835570142251,5,5,100.0
nuscenes_mini_subset,scene-0103_024,-0.5,4,Car,68.10991121206767,0,0,nan
nuscenes_mini_subset,scene-0103_024,-0.5,5,Car,64.45685064213897,0,0,nan
nuscenes_mini_subset,scene-0103_024,-0.5,6,Car,41.45651652376015,0,0,nan
nuscenes_mini_subset,scene-0103_024,-0.5,7,Car,41.35901967516128,0,0,nan
nuscenes_mini_subset,scene-0103_024,-0.5,8,Car,72.80835022684957,0,0,nan
nuscenes_mini_subset,scene-0103_024,-0.5,9,Car,35.212503645691534,3,2,66.66666666666667
nuscenes_mini_subset,scene-0103_024,-0.5,10,Car,30.458925006308814,10,9,90.0
nuscenes_mini_subset,scene-0103_024,-0.5,11,Car,47.430780902888614,0,0,nan
nuscenes_mini_subset,scene-0103_024,-0.5,12,Car,13.20210195191606,10,10,100.0
nuscenes_mini_subset,scene-0103_024,-0.5,13,bicycle_rack,31.583119831574834,19,19,100.0
nuscenes_mini_subset,scene-0103_024,-0.5,14,Car,55.284064924917345,1,1,100.0
nuscenes_mini_subset,scene-0103_024,-0.5,15,Pedestrian,36.417663452584,2,1,50.0
nuscenes_mini_subset,scene-0103_024,-0.5,16,Motorcycle,30.436472798609238,1,1,100.0
nuscenes_mini_subset,scene-0103_024,-0.5,17,Bicycle,61.44900101102663,2,1,50.0
nuscenes_mini_subset,scene-0103_024,-0.5,18,Car,41.2249310706118,0,0,nan
nuscenes_mini_subset,scene-0103_024,-0.5,19,Pedestrian,24.17496227172206,6,3,50.0
nuscenes_mini_subset,scene-0103_024,-0.5,20,Truck,46.975551147002655,10,9,90.0
nuscenes_mini_subset,scene-0103_024,-0.5,21,Car,6.902453530980707,110,110,100.0
nuscenes_mini_subset,scene-0103_024,-0.5,22,Pedestrian,52.59608176676411,0,0,nan
nuscenes_mini_subset,scene-0103_024,-0.5,23,Car,70.46446962933337,0,0,nan
nuscenes_mini_subset,scene-0103_024,-0.5,24,Car,19.84190183894608,18,18,100.0
nuscenes_mini_subset,scene-0103_024,-0.5,25,Car,35.38853669206065,3,3,100.0
nuscenes_mini_subset,scene-0103_024,0,0,Car,42.31090629401966,0,0,nan
nuscenes_mini_subset,scene-0103_024,0,1,Pedestrian,52.526164238113104,1,1,100.0
nuscenes_mini_subset,scene-0103_024,0,2,Car,25.95215201708176,4,4,100.0
nuscenes_mini_subset,scene-0103_024,0,3,Car,35.6835570142251,5,5,100.0
nuscenes_mini_subset,scene-0103_024,0,4,Car,68.10991121206767,0,0,nan
nuscenes_mini_subset,scene-0103_024,0,5,Car,64.45685064213897,0,0,nan
nuscenes_mini_subset,scene-0103_024,0,6,Car,41.45651652376015,0,0,nan
nuscenes_mini_subset,scene-0103_024,0,7,Car,41.35901967516128,0,0,nan
nuscenes_mini_subset,scene-0103_024,0,8,Car,72.80835022684957,0,0,nan
nuscenes_mini_subset,scene-0103_024,0,9,Car,35.212503645691534,3,3,100.0
nuscenes_mini_subset,scene-0103_024,0,10,Car,30.458925006308814,10,10,100.0
nuscenes_mini_subset,scene-0103_024,0,11,Car,47.430780902888614,0,0,nan
nuscenes_mini_subset,scene-0103_024,0,12,Car,13.20210195191606,10,10,100.0
nuscenes_mini_subset,scene-0103_024,0,13,bicycle_rack,31.583119831574834,19,19,100.0
nuscenes_mini_subset,scene-0103_024,0,14,Car,55.284064924917345,1,1,100.0
nuscenes_mini_subset,scene-0103_024,0,15,Pedestrian,36.417663452584,2,2,100.0
nuscenes_mini_subset,scene-0103_024,0,16,Motorcycle,30.436472798609238,1,1,100.0
nuscenes_mini_subset,scene-0103_024,0,17,Bicycle,61.44900101102663,2,2,100.0
nuscenes_mini_subset,scene-0103_024,0,18,Car,41.2249310706118,0,0,nan
nuscenes_mini_subset,scene-0103_024,0,19,Pedestrian,24.17496227172206,6,6,100.0
nuscenes_mini_subset,scene-0103_024,0,20,Truck,46.975551147002655,10,10,100.0
nuscenes_mini_subset,scene-0103_024,0,21,Car,6.902453530980707,110,110,100.0
nuscenes_mini_subset,scene-0103_024,0,22,Pedestrian,52.59608176676411,0,0,nan
nuscenes_mini_subset,scene-0103_024,0,23,Car,70.46446962933337,0,0,nan
nuscenes_mini_subset,scene-0103_024,0,24,Car,19.84190183894608,18,18,100.0
nuscenes_mini_subset,scene-0103_024,0,25,Car,35.38853669206065,3,3,100.0
nuscenes_mini_subset,scene-0103_024,0.5,0,Car,42.31090629401966,0,0,nan
nuscenes_mini_subset,scene-0103_024,0.5,1,Pedestrian,52.526164238113104,1,0,0.0
nuscenes_mini_subset,scene-0103_024,0.5,2,Car,25.95215201708176,4,4,100.0
nuscenes_mini_subset,scene-0103_024,0.5,3,Car,35.6835570142251,5,5,100.0
nuscenes_mini_subset,scene-0103_024,0.5,4,Car,68.10991121206767,0,0,nan
nuscenes_mini_subset,scene-0103_024,0.5,5,Car,64.45685064213897,0,0,nan
nuscenes_mini_subset,scene-0103_024,0.5,6,Car,41.45651652376015,0,0,nan
nuscenes_mini_subset,scene-0103_024,0.5,7,Car,41.35901967516128,0,0,nan
nuscenes_mini_subset,scene-0103_024,0.5,8,Car,72.80835022684957,0,0,nan
nuscenes_mini_subset,scene-0103_024,0.5,9,Car,35.212503645691534,3,2,66.66666666666667
nuscenes_mini_subset,scene-0103_024,0.5,10,Car,30.458925006308814,10,10,100.0
nuscenes_mini_subset,scene-0103_024,0.5,11,Car,47.430780902888614,0,0,nan
nuscenes_mini_subset,scene-0103_024,0.5,12,Car,13.20210195191606,10,8,80.0
nuscenes_mini_subset,scene-0103_024,0.5,13,bicycle_rack,31.583119831574834,19,19,100.0
nuscenes_mini_subset,scene-0103_024,0.5,14,Car,55.284064924917345,1,1,100.0
nuscenes_mini_subset,scene-0103_024,0.5,15,Pedestrian,36.417663452584,2,2,100.0
nuscenes_mini_subset,scene-0103_024,0.5,16,Motorcycle,30.436472798609238,1,0,0.0
nuscenes_mini_subset,scene-0103_024,0.5,17,Bicycle,61.44900101102663,2,1,50.0
nuscenes_mini_subset,scene-0103_024,0.5,18,Car,41.2249310706118,0,0,nan
nuscenes_mini_subset,scene-0103_024,0.5,19,Pedestrian,24.17496227172206,6,6,100.0
nuscenes_mini_subset,scene-0103_024,0.5,20,Truck,46.975551147002655,10,10,100.0
nuscenes_mini_subset,scene-0103_024,0.5,21,Car,6.902453530980707,110,100,90.9090909090909
nuscenes_mini_subset,scene-0103_024,0.5,22,Pedestrian,52.59608176676411,0,0,nan
nuscenes_mini_subset,scene-0103_024,0.5,23,Car,70.46446962933337,0,0,nan
nuscenes_mini_subset,scene-0103_024,0.5,24,Car,19.84190183894608,18,18,100.0
nuscenes_mini_subset,scene-0103_024,0.5,25,Car,35.38853669206065,3,2,66.66666666666667
nuscenes_mini_subset,scene-0103_024,1,0,Car,42.31090629401966,0,0,nan
nuscenes_mini_subset,scene-0103_024,1,1,Pedestrian,52.526164238113104,1,0,0.0
nuscenes_mini_subset,scene-0103_024,1,2,Car,25.95215201708176,4,3,75.0
nuscenes_mini_subset,scene-0103_024,1,3,Car,35.6835570142251,5,5,100.0
nuscenes_mini_subset,scene-0103_024,1,4,Car,68.10991121206767,0,0,nan
nuscenes_mini_subset,scene-0103_024,1,5,Car,64.45685064213897,0,0,nan
nuscenes_mini_subset,scene-0103_024,1,6,Car,41.45651652376015,0,0,nan
nuscenes_mini_subset,scene-0103_024,1,7,Car,41.35901967516128,0,0,nan
nuscenes_mini_subset,scene-0103_024,1,8,Car,72.80835022684957,0,0,nan
nuscenes_mini_subset,scene-0103_024,1,9,Car,35.212503645691534,3,1,33.333333333333336
nuscenes_mini_subset,scene-0103_024,1,10,Car,30.458925006308814,10,9,90.0
nuscenes_mini_subset,scene-0103_024,1,11,Car,47.430780902888614,0,0,nan
nuscenes_mini_subset,scene-0103_024,1,12,Car,13.20210195191606,10,7,70.0
nuscenes_mini_subset,scene-0103_024,1,13,bicycle_rack,31.583119831574834,19,19,100.0
nuscenes_mini_subset,scene-0103_024,1,14,Car,55.284064924917345,1,1,100.0
nuscenes_mini_subset,scene-0103_024,1,15,Pedestrian,36.417663452584,2,0,0.0
nuscenes_mini_subset,scene-0103_024,1,16,Motorcycle,30.436472798609238,1,0,0.0
nuscenes_mini_subset,scene-0103_024,1,17,Bicycle,61.44900101102663,2,0,0.0
nuscenes_mini_subset,scene-0103_024,1,18,Car,41.2249310706118,0,0,nan
nuscenes_mini_subset,scene-0103_024,1,19,Pedestrian,24.17496227172206,6,3,50.0
nuscenes_mini_subset,scene-0103_024,1,20,Truck,46.975551147002655,10,10,100.0
nuscenes_mini_subset,scene-0103_024,1,21,Car,6.902453530980707,110,92,83.63636363636364
nuscenes_mini_subset,scene-0103_024,1,22,Pedestrian,52.59608176676411,0,0,nan
nuscenes_mini_subset,scene-0103_024,1,23,Car,70.46446962933337,0,0,nan
nuscenes_mini_subset,scene-0103_024,1,24,Car,19.84190183894608,18,18,100.0
nuscenes_mini_subset,scene-0103_024,1,25,Car,35.38853669206065,3,2,66.66666666666667
nuscenes_mini_subset,scene-0103_024,2,0,Car,42.31090629401966,0,0,nan
nuscenes_mini_subset,scene-0103_024,2,1,Pedestrian,52.526164238113104,1,0,0.0
nuscenes_mini_subset,scene-0103_024,2,2,Car,25.95215201708176,4,2,50.0
nuscenes_mini_subset,scene-0103_024,2,3,Car,35.6835570142251,5,5,100.0
nuscenes_mini_subset,scene-0103_024,2,4,Car,68.10991121206767,0,0,nan
nuscenes_mini_subset,scene-0103_024,2,5,Car,64.45685064213897,0,0,nan
nuscenes_mini_subset,scene-0103_024,2,6,Car,41.45651652376015,0,0,nan
nuscenes_mini_subset,scene-0103_024,2,7,Car,41.35901967516128,0,0,nan
nuscenes_mini_subset,scene-0103_024,2,8,Car,72.80835022684957,0,0,nan
nuscenes_mini_subset,scene-0103_024,2,9,Car,35.212503645691534,3,1,33.333333333333336
nuscenes_mini_subset,scene-0103_024,2,10,Car,30.458925006308814,10,5,50.0
nuscenes_mini_subset,scene-0103_024,2,11,Car,47.430780902888614,0,0,nan
nuscenes_mini_subset,scene-0103_024,2,12,Car,13.20210195191606,10,4,40.0
nuscenes_mini_subset,scene-0103_024,2,13,bicycle_rack,31.583119831574834,19,16,84.21052631578948
nuscenes_mini_subset,scene-0103_024,2,14,Car,55.284064924917345,1,0,0.0
nuscenes_mini_subset,scene-0103_024,2,15,Pedestrian,36.417663452584,2,0,0.0
nuscenes_mini_subset,scene-0103_024,2,16,Motorcycle,30.436472798609238,1,0,0.0
nuscenes_mini_subset,scene-0103_024,2,17,Bicycle,61.44900101102663,2,0,0.0
nuscenes_mini_subset,scene-0103_024,2,18,Car,41.2249310706118,0,0,nan
nuscenes_mini_subset,scene-0103_024,2,19,Pedestrian,24.17496227172206,6,0,0.0
nuscenes_mini_subset,scene-0103_024,2,20,Truck,46.975551147002655,10,9,90.0
nuscenes_mini_subset,scene-0103_024,2,21,Car,6.902453530980707,110,77,70.0
nuscenes_mini_subset,scene-0103_024,2,22,Pedestrian,52.59608176676411,0,0,nan
nuscenes_mini_subset,scene-0103_024,2,23,Car,70.46446962933337,0,0,nan
nuscenes_mini_subset,scene-0103_024,2,24,Car,19.84190183894608,18,18,100.0
nuscenes_mini_subset,scene-0103_024,2,25,Car,35.38853669206065,3,0,0.0
nuscenes_mini_subset,scene-0103_024,3,0,Car,42.31090629401966,0,0,nan
nuscenes_mini_subset,scene-0103_024,3,1,Pedestrian,52.526164238113104,1,0,0.0
nuscenes_mini_subset,scene-0103_024,3,2,Car,25.95215201708176,4,1,25.0
nuscenes_mini_subset,scene-0103_024,3,3,Car,35.6835570142251,5,2,40.0
nuscenes_mini_subset,scene-0103_024,3,4,Car,68.10991121206767,0,0,nan
nuscenes_mini_subset,scene-0103_024,3,5,Car,64.45685064213897,0,0,nan
nuscenes_mini_subset,scene-0103_024,3,6,Car,41.45651652376015,0,0,nan
nuscenes_mini_subset,scene-0103_024,3,7,Car,41.35901967516128,0,0,nan
nuscenes_mini_subset,scene-0103_024,3,8,Car,72.80835022684957,0,0,nan
nuscenes_mini_subset,scene-0103_024,3,9,Car,35.212503645691534,3,0,0.0
nuscenes_mini_subset,scene-0103_024,3,10,Car,30.458925006308814,10,2,20.0
nuscenes_mini_subset,scene-0103_024,3,11,Car,47.430780902888614,0,0,nan
nuscenes_mini_subset,scene-0103_024,3,12,Car,13.20210195191606,10,4,40.0
nuscenes_mini_subset,scene-0103_024,3,13,bicycle_rack,31.583119831574834,19,14,73.6842105263158
nuscenes_mini_subset,scene-0103_024,3,14,Car,55.284064924917345,1,0,0.0
nuscenes_mini_subset,scene-0103_024,3,15,Pedestrian,36.417663452584,2,0,0.0
nuscenes_mini_subset,scene-0103_024,3,16,Motorcycle,30.436472798609238,1,0,0.0
nuscenes_mini_subset,scene-0103_024,3,17,Bicycle,61.44900101102663,2,0,0.0
nuscenes_mini_subset,scene-0103_024,3,18,Car,41.2249310706118,0,0,nan
nuscenes_mini_subset,scene-0103_024,3,19,Pedestrian,24.17496227172206,6,0,0.0
nuscenes_mini_subset,scene-0103_024,3,20,Truck,46.975551147002655,10,6,60.0
nuscenes_mini_subset,scene-0103_024,3,21,Car,6.902453530980707,110,62,56.36363636363637
nuscenes_mini_subset,scene-0103_024,3,22,Pedestrian,52.59608176676411,0,0,nan
nuscenes_mini_subset,scene-0103_024,3,23,Car,70.46446962933337,0,0,nan
nuscenes_mini_subset,scene-0103_024,3,24,Car,19.84190183894608,18,15,83.33333333333333
nuscenes_mini_subset,scene-0103_024,3,25,Car,35.38853669206065,3,0,0.0
nuscenes_mini_subset,scene-0103_025,-3,0,Car,40.26273724852782,0,0,nan
nuscenes_mini_subset,scene-0103_025,-3,1,Pedestrian,51.15987067947445,0,0,nan
nuscenes_mini_subset,scene-0103_025,-3,2,Car,28.29511406180134,1,0,0.0
nuscenes_mini_subset,scene-0103_025,-3,3,Car,33.615824898496335,4,0,0.0
nuscenes_mini_subset,scene-0103_025,-3,4,Car,66.01824900133576,0,0,nan
nuscenes_mini_subset,scene-0103_025,-3,5,Car,62.3616230313415,1,0,0.0
nuscenes_mini_subset,scene-0103_025,-3,6,Car,39.38507089581339,2,0,0.0
nuscenes_mini_subset,scene-0103_025,-3,7,Car,39.2905402453919,0,0,nan
nuscenes_mini_subset,scene-0103_025,-3,8,Car,70.71459848926193,0,0,nan
nuscenes_mini_subset,scene-0103_025,-3,9,Car,33.149769266504975,1,0,0.0
nuscenes_mini_subset,scene-0103_025,-3,10,Car,28.380431351370095,15,2,13.333333333333334
nuscenes_mini_subset,scene-0103_025,-3,11,Car,45.35199776213597,1,0,0.0
nuscenes_mini_subset,scene-0103_025,-3,12,Car,11.06105571922921,13,0,0.0
nuscenes_mini_subset,scene-0103_025,-3,13,bicycle_rack,29.487880960028544,17,11,64.70588235294117
nuscenes_mini_subset,scene-0103_025,-3,14,Car,53.18953898331271,1,0,0.0
nuscenes_mini_subset,scene-0103_025,-3,15,Pedestrian,34.90565789674219,3,0,0.0
nuscenes_mini_subset,scene-0103_025,-3,16,Motorcycle,28.384658294753827,2,0,0.0
nuscenes_mini_subset,scene-0103_025,-3,17,Bicycle,56.641939256446925,2,0,0.0
nuscenes_mini_subset,scene-0103_025,-3,18,Car,39.14509855730327,1,0,0.0
nuscenes_mini_subset,scene-0103_025,-3,19,Pedestrian,22.903403758701003,4,0,0.0
nuscenes_mini_subset,scene-0103_025,-3,20,Truck,44.81465941449583,10,0,0.0
nuscenes_mini_subset,scene-0103_025,-3,21,Car,4.75542764924543,3,0,0.0
nuscenes_mini_subset,scene-0103_025,-3,22,Pedestrian,51.23475392970182,0,0,nan
nuscenes_mini_subset,scene-0103_025,-3,23,Car,68.38889977741803,0,0,nan
nuscenes_mini_subset,scene-0103_025,-3,24,Car,51.013661819788396,1,0,0.0
nuscenes_mini_subset,scene-0103_025,-3,25,Car,17.730225680351158,30,26,86.66666666666667
nuscenes_mini_subset,scene-0103_025,-3,26,Car,33.30941866691212,1,1,100.0
nuscenes_mini_subset,scene-0103_025,-2,0,Car,40.26273724852782,0,0,nan
nuscenes_mini_subset,scene-0103_025,-2,1,Pedestrian,51.15987067947445,0,0,nan
nuscenes_mini_subset,scene-0103_025,-2,2,Car,28.29511406180134,1,1,100.0
nuscenes_mini_subset,scene-0103_025,-2,3,Car,33.615824898496335,4,1,25.0
nuscenes_mini_subset,scene-0103_025,-2,4,Car,66.01824900133576,0,0,nan
nuscenes_mini_subset,scene-0103_025,-2,5,Car,62.3616230313415,1,0,0.0
nuscenes_mini_subset,scene-0103_025,-2,6,Car,39.38507089581339,2,2,100.0
nuscenes_mini_subset,scene-0103_025,-2,7,Car,39.2905402453919,0,0,nan
nuscenes_mini_subset,scene-0103_025,-2,8,Car,70.71459848926193,0,0,nan
nuscenes_mini_subset,scene-0103_025,-2,9,Car,33.149769266504975,1,0,0.0
nuscenes_mini_subset,scene-0103_025,-2,10,Car,28.380431351370095,15,7,46.666666666666664
nuscenes_mini_subset,scene-0103_025,-2,11,Car,45.35199776213597,1,1,100.0
nuscenes_mini_subset,scene-0103_025,-2,12,Car,11.06105571922921,13,4,30.76923076923077
nuscenes_mini_subset,scene-0103_025,-2,13,bicycle_rack,29.487880960028544,17,14,82.3529411764706
nuscenes_mini_subset,scene-0103_025,-2,14,Car,53.18953898331271,1,0,0.0
nuscenes_mini_subset,scene-0103_025,-2,15,Pedestrian,34.90565789674219,3,0,0.0
nuscenes_mini_subset,scene-0103_025,-2,16,Motorcycle,28.384658294753827,2,0,0.0
nuscenes_mini_subset,scene-0103_025,-2,17,Bicycle,56.641939256446925,2,0,0.0
nuscenes_mini_subset,scene-0103_025,-2,18,Car,39.14509855730327,1,1,100.0
nuscenes_mini_subset,scene-0103_025,-2,19,Pedestrian,22.903403758701003,4,0,0.0
nuscenes_mini_subset,scene-0103_025,-2,20,Truck,44.81465941449583,10,2,20.0
nuscenes_mini_subset,scene-0103_025,-2,21,Car,4.75542764924543,3,0,0.0
nuscenes_mini_subset,scene-0103_025,-2,22,Pedestrian,51.23475392970182,0,0,nan
nuscenes_mini_subset,scene-0103_025,-2,23,Car,68.38889977741803,0,0,nan
nuscenes_mini_subset,scene-0103_025,-2,24,Car,51.013661819788396,1,0,0.0
nuscenes_mini_subset,scene-0103_025,-2,25,Car,17.730225680351158,30,26,86.66666666666667
nuscenes_mini_subset,scene-0103_025,-2,26,Car,33.30941866691212,1,1,100.0
nuscenes_mini_subset,scene-0103_025,-1,0,Car,40.26273724852782,0,0,nan
nuscenes_mini_subset,scene-0103_025,-1,1,Pedestrian,51.15987067947445,0,0,nan
nuscenes_mini_subset,scene-0103_025,-1,2,Car,28.29511406180134,1,1,100.0
nuscenes_mini_subset,scene-0103_025,-1,3,Car,33.615824898496335,4,3,75.0
nuscenes_mini_subset,scene-0103_025,-1,4,Car,66.01824900133576,0,0,nan
nuscenes_mini_subset,scene-0103_025,-1,5,Car,62.3616230313415,1,1,100.0
nuscenes_mini_subset,scene-0103_025,-1,6,Car,39.38507089581339,2,2,100.0
nuscenes_mini_subset,scene-0103_025,-1,7,Car,39.2905402453919,0,0,nan
nuscenes_mini_subset,scene-0103_025,-1,8,Car,70.71459848926193,0,0,nan
nuscenes_mini_subset,scene-0103_025,-1,9,Car,33.149769266504975,1,0,0.0
nuscenes_mini_subset,scene-0103_025,-1,10,Car,28.380431351370095,15,11,73.33333333333333
nuscenes_mini_subset,scene-0103_025,-1,11,Car,45.35199776213597,1,1,100.0
nuscenes_mini_subset,scene-0103_025,-1,12,Car,11.06105571922921,13,12,92.3076923076923
nuscenes_mini_subset,scene-0103_025,-1,13,bicycle_rack,29.487880960028544,17,15,88.23529411764706
nuscenes_mini_subset,scene-0103_025,-1,14,Car,53.18953898331271,1,1,100.0
nuscenes_mini_subset,scene-0103_025,-1,15,Pedestrian,34.90565789674219,3,0,0.0
nuscenes_mini_subset,scene-0103_025,-1,16,Motorcycle,28.384658294753827,2,0,0.0
nuscenes_mini_subset,scene-0103_025,-1,17,Bicycle,56.641939256446925,2,0,0.0
nuscenes_mini_subset,scene-0103_025,-1,18,Car,39.14509855730327,1,1,100.0
nuscenes_mini_subset,scene-0103_025,-1,19,Pedestrian,22.903403758701003,4,1,25.0
nuscenes_mini_subset,scene-0103_025,-1,20,Truck,44.81465941449583,10,8,80.0
nuscenes_mini_subset,scene-0103_025,-1,21,Car,4.75542764924543,3,3,100.0
nuscenes_mini_subset,scene-0103_025,-1,22,Pedestrian,51.23475392970182,0,0,nan
nuscenes_mini_subset,scene-0103_025,-1,23,Car,68.38889977741803,0,0,nan
nuscenes_mini_subset,scene-0103_025,-1,24,Car,51.013661819788396,1,1,100.0
nuscenes_mini_subset,scene-0103_025,-1,25,Car,17.730225680351158,30,29,96.66666666666667
nuscenes_mini_subset,scene-0103_025,-1,26,Car,33.30941866691212,1,1,100.0
nuscenes_mini_subset,scene-0103_025,-0.5,0,Car,40.26273724852782,0,0,nan
nuscenes_mini_subset,scene-0103_025,-0.5,1,Pedestrian,51.15987067947445,0,0,nan
nuscenes_mini_subset,scene-0103_025,-0.5,2,Car,28.29511406180134,1,1,100.0
nuscenes_mini_subset,scene-0103_025,-0.5,3,Car,33.615824898496335,4,4,100.0
nuscenes_mini_subset,scene-0103_025,-0.5,4,Car,66.01824900133576,0,0,nan
nuscenes_mini_subset,scene-0103_025,-0.5,5,Car,62.3616230313415,1,1,100.0
nuscenes_mini_subset,scene-0103_025,-0.5,6,Car,39.38507089581339,2,2,100.0
nuscenes_mini_subset,scene-0103_025,-0.5,7,Car,39.2905402453919,0,0,nan
nuscenes_mini_subset,scene-0103_025,-0.5,8,Car,70.71459848926193,0,0,nan
nuscenes_mini_subset,scene-0103_025,-0.5,9,Car,33.149769266504975,1,1,100.0
nuscenes_mini_subset,scene-0103_025,-0.5,10,Car,28.380431351370095,15,14,93.33333333333333
nuscenes_mini_subset,scene-0103_025,-0.5,11,Car,45.35199776213597,1,1,100.0
nuscenes_mini_subset,scene-0103_025,-0.5,12,Car,11.06105571922921,13,13,100.0
nuscenes_mini_subset,scene-0103_025,-0.5,13,bicycle_rack,29.487880960028544,17,17,100.0
nuscenes_mini_subset,scene-0103_025,-0.5,14,Car,53.18953898331271,1,1,100.0
nuscenes_mini_subset,scene-0103_025,-0.5,15,Pedestrian,34.90565789674219,3,2,66.66666666666667
nuscenes_mini_subset,scene-0103_025,-0.5,16,Motorcycle,28.384658294753827,2,0,0.0
nuscenes_mini_subset,scene-0103_025,-0.5,17,Bicycle,56.641939256446925,2,1,50.0
nuscenes_mini_subset,scene-0103_025,-0.5,18,Car,39.14509855730327,1,1,100.0
nuscenes_mini_subset,scene-0103_025,-0.5,19,Pedestrian,22.903403758701003,4,4,100.0
nuscenes_mini_subset,scene-0103_025,-0.5,20,Truck,44.81465941449583,10,8,80.0
nuscenes_mini_subset,scene-0103_025,-0.5,21,Car,4.75542764924543,3,3,100.0
nuscenes_mini_subset,scene-0103_025,-0.5,22,Pedestrian,51.23475392970182,0,0,nan
nuscenes_mini_subset,scene-0103_025,-0.5,23,Car,68.38889977741803,0,0,nan
nuscenes_mini_subset,scene-0103_025,-0.5,24,Car,51.013661819788396,1,1,100.0
nuscenes_mini_subset,scene-0103_025,-0.5,25,Car,17.730225680351158,30,30,100.0
nuscenes_mini_subset,scene-0103_025,-0.5,26,Car,33.30941866691212,1,1,100.0
nuscenes_mini_subset,scene-0103_025,0,0,Car,40.26273724852782,0,0,nan
nuscenes_mini_subset,scene-0103_025,0,1,Pedestrian,51.15987067947445,0,0,nan
nuscenes_mini_subset,scene-0103_025,0,2,Car,28.29511406180134,1,1,100.0
nuscenes_mini_subset,scene-0103_025,0,3,Car,33.615824898496335,4,4,100.0
nuscenes_mini_subset,scene-0103_025,0,4,Car,66.01824900133576,0,0,nan
nuscenes_mini_subset,scene-0103_025,0,5,Car,62.3616230313415,1,1,100.0
nuscenes_mini_subset,scene-0103_025,0,6,Car,39.38507089581339,2,2,100.0
nuscenes_mini_subset,scene-0103_025,0,7,Car,39.2905402453919,0,0,nan
nuscenes_mini_subset,scene-0103_025,0,8,Car,70.71459848926193,0,0,nan
nuscenes_mini_subset,scene-0103_025,0,9,Car,33.149769266504975,1,1,100.0
nuscenes_mini_subset,scene-0103_025,0,10,Car,28.380431351370095,15,15,100.0
nuscenes_mini_subset,scene-0103_025,0,11,Car,45.35199776213597,1,1,100.0
nuscenes_mini_subset,scene-0103_025,0,12,Car,11.06105571922921,13,13,100.0
nuscenes_mini_subset,scene-0103_025,0,13,bicycle_rack,29.487880960028544,17,17,100.0
nuscenes_mini_subset,scene-0103_025,0,14,Car,53.18953898331271,1,1,100.0
nuscenes_mini_subset,scene-0103_025,0,15,Pedestrian,34.90565789674219,3,3,100.0
nuscenes_mini_subset,scene-0103_025,0,16,Motorcycle,28.384658294753827,2,2,100.0
nuscenes_mini_subset,scene-0103_025,0,17,Bicycle,56.641939256446925,2,2,100.0
nuscenes_mini_subset,scene-0103_025,0,18,Car,39.14509855730327,1,1,100.0
nuscenes_mini_subset,scene-0103_025,0,19,Pedestrian,22.903403758701003,4,4,100.0
nuscenes_mini_subset,scene-0103_025,0,20,Truck,44.81465941449583,10,10,100.0
nuscenes_mini_subset,scene-0103_025,0,21,Car,4.75542764924543,3,3,100.0
nuscenes_mini_subset,scene-0103_025,0,22,Pedestrian,51.23475392970182,0,0,nan
nuscenes_mini_subset,scene-0103_025,0,23,Car,68.38889977741803,0,0,nan
nuscenes_mini_subset,scene-0103_025,0,24,Car,51.013661819788396,1,1,100.0
nuscenes_mini_subset,scene-0103_025,0,25,Car,17.730225680351158,30,30,100.0
nuscenes_mini_subset,scene-0103_025,0,26,Car,33.30941866691212,1,1,100.0
nuscenes_mini_subset,scene-0103_025,0.5,0,Car,40.26273724852782,0,0,nan
nuscenes_mini_subset,scene-0103_025,0.5,1,Pedestrian,51.15987067947445,0,0,nan
nuscenes_mini_subset,scene-0103_025,0.5,2,Car,28.29511406180134,1,1,100.0
nuscenes_mini_subset,scene-0103_025,0.5,3,Car,33.615824898496335,4,4,100.0
nuscenes_mini_subset,scene-0103_025,0.5,4,Car,66.01824900133576,0,0,nan
nuscenes_mini_subset,scene-0103_025,0.5,5,Car,62.3616230313415,1,1,100.0
nuscenes_mini_subset,scene-0103_025,0.5,6,Car,39.38507089581339,2,2,100.0
nuscenes_mini_subset,scene-0103_025,0.5,7,Car,39.2905402453919,0,0,nan
nuscenes_mini_subset,scene-0103_025,0.5,8,Car,70.71459848926193,0,0,nan
nuscenes_mini_subset,scene-0103_025,0.5,9,Car,33.149769266504975,1,1,100.0
nuscenes_mini_subset,scene-0103_025,0.5,10,Car,28.380431351370095,15,15,100.0
nuscenes_mini_subset,scene-0103_025,0.5,11,Car,45.35199776213597,1,1,100.0
nuscenes_mini_subset,scene-0103_025,0.5,12,Car,11.06105571922921,13,11,84.61538461538461
nuscenes_mini_subset,scene-0103_025,0.5,13,bicycle_rack,29.487880960028544,17,17,100.0
nuscenes_mini_subset,scene-0103_025,0.5,14,Car,53.18953898331271,1,1,100.0
nuscenes_mini_subset,scene-0103_025,0.5,15,Pedestrian,34.90565789674219,3,2,66.66666666666667
nuscenes_mini_subset,scene-0103_025,0.5,16,Motorcycle,28.384658294753827,2,2,100.0
nuscenes_mini_subset,scene-0103_025,0.5,17,Bicycle,56.641939256446925,2,1,50.0
nuscenes_mini_subset,scene-0103_025,0.5,18,Car,39.14509855730327,1,1,100.0
nuscenes_mini_subset,scene-0103_025,0.5,19,Pedestrian,22.903403758701003,4,3,75.0
nuscenes_mini_subset,scene-0103_025,0.5,20,Truck,44.81465941449583,10,10,100.0
nuscenes_mini_subset,scene-0103_025,0.5,21,Car,4.75542764924543,3,1,33.333333333333336
nuscenes_mini_subset,scene-0103_025,0.5,22,Pedestrian,51.23475392970182,0,0,nan
nuscenes_mini_subset,scene-0103_025,0.5,23,Car,68.38889977741803,0,0,nan
nuscenes_mini_subset,scene-0103_025,0.5,24,Car,51.013661819788396,1,0,0.0
nuscenes_mini_subset,scene-0103_025,0.5,25,Car,17.730225680351158,30,30,100.0
nuscenes_mini_subset,scene-0103_025,0.5,26,Car,33.30941866691212,1,1,100.0
nuscenes_mini_subset,scene-0103_025,1,0,Car,40.26273724852782,0,0,nan
nuscenes_mini_subset,scene-0103_025,1,1,Pedestrian,51.15987067947445,0,0,nan
nuscenes_mini_subset,scene-0103_025,1,2,Car,28.29511406180134,1,1,100.0
nuscenes_mini_subset,scene-0103_025,1,3,Car,33.615824898496335,4,4,100.0
nuscenes_mini_subset,scene-0103_025,1,4,Car,66.01824900133576,0,0,nan
nuscenes_mini_subset,scene-0103_025,1,5,Car,62.3616230313415,1,0,0.0
nuscenes_mini_subset,scene-0103_025,1,6,Car,39.38507089581339,2,2,100.0
nuscenes_mini_subset,scene-0103_025,1,7,Car,39.2905402453919,0,0,nan
nuscenes_mini_subset,scene-0103_025,1,8,Car,70.71459848926193,0,0,nan
nuscenes_mini_subset,scene-0103_025,1,9,Car,33.149769266504975,1,0,0.0
nuscenes_mini_subset,scene-0103_025,1,10,Car,28.380431351370095,15,13,86.66666666666667
nuscenes_mini_subset,scene-0103_025,1,11,Car,45.35199776213597,1,0,0.0
nuscenes_mini_subset,scene-0103_025,1,12,Car,11.06105571922921,13,6,46.15384615384615
nuscenes_mini_subset,scene-0103_025,1,13,bicycle_rack,29.487880960028544,17,16,94.11764705882354
nuscenes_mini_subset,scene-0103_025,1,14,Car,53.18953898331271,1,1,100.0
nuscenes_mini_subset,scene-0103_025,1,15,Pedestrian,34.90565789674219,3,0,0.0
nuscenes_mini_subset,scene-0103_025,1,16,Motorcycle,28.384658294753827,2,0,0.0
nuscenes_mini_subset,scene-0103_025,1,17,Bicycle,56.641939256446925,2,0,0.0
nuscenes_mini_subset,scene-0103_025,1,18,Car,39.14509855730327,1,0,0.0
nuscenes_mini_subset,scene-0103_025,1,19,Pedestrian,22.903403758701003,4,2,50.0
nuscenes_mini_subset,scene-0103_025,1,20,Truck,44.81465941449583,10,10,100.0
nuscenes_mini_subset,scene-0103_025,1,21,Car,4.75542764924543,3,0,0.0
nuscenes_mini_subset,scene-0103_025,1,22,Pedestrian,51.23475392970182,0,0,nan
nuscenes_mini_subset,scene-0103_025,1,23,Car,68.38889977741803,0,0,nan
nuscenes_mini_subset,scene-0103_025,1,24,Car,51.013661819788396,1,0,0.0
nuscenes_mini_subset,scene-0103_025,1,25,Car,17.730225680351158,30,29,96.66666666666667
nuscenes_mini_subset,scene-0103_025,1,26,Car,33.30941866691212,1,1,100.0
nuscenes_mini_subset,scene-0103_025,2,0,Car,40.26273724852782,0,0,nan
nuscenes_mini_subset,scene-0103_025,2,1,Pedestrian,51.15987067947445,0,0,nan
nuscenes_mini_subset,scene-0103_025,2,2,Car,28.29511406180134,1,1,100.0
nuscenes_mini_subset,scene-0103_025,2,3,Car,33.615824898496335,4,4,100.0
nuscenes_mini_subset,scene-0103_025,2,4,Car,66.01824900133576,0,0,nan
nuscenes_mini_subset,scene-0103_025,2,5,Car,62.3616230313415,1,0,0.0
nuscenes_mini_subset,scene-0103_025,2,6,Car,39.38507089581339,2,2,100.0
nuscenes_mini_subset,scene-0103_025,2,7,Car,39.2905402453919,0,0,nan
nuscenes_mini_subset,scene-0103_025,2,8,Car,70.71459848926193,0,0,nan
nuscenes_mini_subset,scene-0103_025,2,9,Car,33.149769266504975,1,0,0.0
nuscenes_mini_subset,scene-0103_025,2,10,Car,28.380431351370095,15,8,53.333333333333336
nuscenes_mini_subset,scene-0103_025,2,11,Car,45.35199776213597,1,0,0.0
nuscenes_mini_subset,scene-0103_025,2,12,Car,11.06105571922921,13,0,0.0
nuscenes_mini_subset,scene-0103_025,2,13,bicycle_rack,29.487880960028544,17,14,82.3529411764706
nuscenes_mini_subset,scene-0103_025,2,14,Car,53.18953898331271,1,0,0.0
nuscenes_mini_subset,scene-0103_025,2,15,Pedestrian,34.90565789674219,3,0,0.0
nuscenes_mini_subset,scene-0103_025,2,16,Motorcycle,28.384658294753827,2,0,0.0
nuscenes_mini_subset,scene-0103_025,2,17,Bicycle,56.641939256446925,2,0,0.0
nuscenes_mini_subset,scene-0103_025,2,18,Car,39.14509855730327,1,0,0.0
nuscenes_mini_subset,scene-0103_025,2,19,Pedestrian,22.903403758701003,4,0,0.0
nuscenes_mini_subset,scene-0103_025,2,20,Truck,44.81465941449583,10,10,100.0
nuscenes_mini_subset,scene-0103_025,2,21,Car,4.75542764924543,3,0,0.0
nuscenes_mini_subset,scene-0103_025,2,22,Pedestrian,51.23475392970182,0,0,nan
nuscenes_mini_subset,scene-0103_025,2,23,Car,68.38889977741803,0,0,nan
nuscenes_mini_subset,scene-0103_025,2,24,Car,51.013661819788396,1,0,0.0
nuscenes_mini_subset,scene-0103_025,2,25,Car,17.730225680351158,30,24,80.0
nuscenes_mini_subset,scene-0103_025,2,26,Car,33.30941866691212,1,0,0.0
nuscenes_mini_subset,scene-0103_025,3,0,Car,40.26273724852782,0,0,nan
nuscenes_mini_subset,scene-0103_025,3,1,Pedestrian,51.15987067947445,0,0,nan
nuscenes_mini_subset,scene-0103_025,3,2,Car,28.29511406180134,1,0,0.0
nuscenes_mini_subset,scene-0103_025,3,3,Car,33.615824898496335,4,2,50.0
nuscenes_mini_subset,scene-0103_025,3,4,Car,66.01824900133576,0,0,nan
nuscenes_mini_subset,scene-0103_025,3,5,Car,62.3616230313415,1,0,0.0
nuscenes_mini_subset,scene-0103_025,3,6,Car,39.38507089581339,2,0,0.0
nuscenes_mini_subset,scene-0103_025,3,7,Car,39.2905402453919,0,0,nan
nuscenes_mini_subset,scene-0103_025,3,8,Car,70.71459848926193,0,0,nan
nuscenes_mini_subset,scene-0103_025,3,9,Car,33.149769266504975,1,0,0.0
nuscenes_mini_subset,scene-0103_025,3,10,Car,28.380431351370095,15,4,26.666666666666668
nuscenes_mini_subset,scene-0103_025,3,11,Car,45.35199776213597,1,0,0.0
nuscenes_mini_subset,scene-0103_025,3,12,Car,11.06105571922921,13,0,0.0
nuscenes_mini_subset,scene-0103_025,3,13,bicycle_rack,29.487880960028544,17,11,64.70588235294117
nuscenes_mini_subset,scene-0103_025,3,14,Car,53.18953898331271,1,0,0.0
nuscenes_mini_subset,scene-0103_025,3,15,Pedestrian,34.90565789674219,3,0,0.0
nuscenes_mini_subset,scene-0103_025,3,16,Motorcycle,28.384658294753827,2,0,0.0
nuscenes_mini_subset,scene-0103_025,3,17,Bicycle,56.641939256446925,2,0,0.0
nuscenes_mini_subset,scene-0103_025,3,18,Car,39.14509855730327,1,0,0.0
nuscenes_mini_subset,scene-0103_025,3,19,Pedestrian,22.903403758701003,4,0,0.0
nuscenes_mini_subset,scene-0103_025,3,20,Truck,44.81465941449583,10,8,80.0
nuscenes_mini_subset,scene-0103_025,3,21,Car,4.75542764924543,3,0,0.0
nuscenes_mini_subset,scene-0103_025,3,22,Pedestrian,51.23475392970182,0,0,nan
nuscenes_mini_subset,scene-0103_025,3,23,Car,68.38889977741803,0,0,nan
nuscenes_mini_subset,scene-0103_025,3,24,Car,51.013661819788396,1,0,0.0
nuscenes_mini_subset,scene-0103_025,3,25,Car,17.730225680351158,30,21,70.0
nuscenes_mini_subset,scene-0103_025,3,26,Car,33.30941866691212,1,0,0.0
nuscenes_mini_subset,scene-0103_026,-3,0,Car,37.98170429365052,0,0,nan
nuscenes_mini_subset,scene-0103_026,-3,1,Pedestrian,49.516891269554776,0,0,nan
nuscenes_mini_subset,scene-0103_026,-3,2,Car,30.726614554560474,1,0,0.0
nuscenes_mini_subset,scene-0103_026,-3,3,Car,31.310587457549133,5,0,0.0
nuscenes_mini_subset,scene-0103_026,-3,4,Car,63.65576689770721,0,0,nan
nuscenes_mini_subset,scene-0103_026,-3,5,Car,60.04036595992565,0,0,nan
nuscenes_mini_subset,scene-0103_026,-3,6,Car,37.07170202524327,2,2,100.0
nuscenes_mini_subset,scene-0103_026,-3,7,Car,36.98485199688056,0,0,nan
nuscenes_mini_subset,scene-0103_026,-3,8,Car,68.34912353717026,0,0,nan
nuscenes_mini_subset,scene-0103_026,-3,9,Car,26.026332132063985,20,4,20.0
nuscenes_mini_subset,scene-0103_026,-3,10,Car,43.021316097692086,0,0,nan
nuscenes_mini_subset,scene-0103_026,-3,11,bicycle_rack,27.121095825725092,28,24,85.71428571428571
nuscenes_mini_subset,scene-0103_026,-3,12,Car,50.823649690779426,2,0,0.0
nuscenes_mini_subset,scene-0103_026,-3,13,Pedestrian,33.210345452491396,3,0,0.0
nuscenes_mini_subset,scene-0103_026,-3,14,Motorcycle,26.087123031913922,1,0,0.0
nuscenes_mini_subset,scene-0103_026,-3,15,Bicycle,51.55063676620767,1,0,0.0
nuscenes_mini_subset,scene-0103_026,-3,16,Car,36.81450190493388,1,0,0.0
nuscenes_mini_subset,scene-0103_026,-3,17,Pedestrian,21.275196683611206,5,0,0.0
nuscenes_mini_subset,scene-0103_026,-3,18,Truck,42.380435442199506,15,2,13.333333333333334
nuscenes_mini_subset,scene-0103_026,-3,19,Pedestrian,49.59773686632274,0,0,nan
nuscenes_mini_subset,scene-0103_026,-3,20,Car,66.06122507201479,1,0,0.0
nuscenes_mini_subset,scene-0103_026,-3,21,Car,48.68440333067175,0,0,nan
nuscenes_mini_subset,scene-0103_026,-3,22,Car,15.379288983631316,32,26,81.25
nuscenes_mini_subset,scene-0103_026,-3,23,Car,30.978707482575825,2,2,100.0
nuscenes_mini_subset,scene-0103_026,-2,0,Car,37.98170429365052,0,0,nan
nuscenes_mini_subset,scene-0103_026,-2,1,Pedestrian,49.516891269554776,0,0,nan
nuscenes_mini_subset,scene-0103_026,-2,2,Car,30.726614554560474,1,0,0.0
nuscenes_mini_subset,scene-0103_026,-2,3,Car,31.310587457549133,5,1,20.0
nuscenes_mini_subset,scene-0103_026,-2,4,Car,63.65576689770721,0,0,nan
nuscenes_mini_subset,scene-0103_026,-2,5,Car,60.04036595992565,0,0,nan
nuscenes_mini_subset,scene-0103_026,-2,6,Car,37.07170202524327,2,2,100.0
nuscenes_mini_subset,scene-0103_026,-2,7,Car,36.98485199688056,0,0,nan
nuscenes_mini_subset,scene-0103_026,-2,8,Car,68.34912353717026,0,0,nan
nuscenes_mini_subset,scene-0103_026,-2,9,Car,26.026332132063985,20,11,55.0
nuscenes_mini_subset,scene-0103_026,-2,10,Car,43.021316097692086,0,0,nan
nuscenes_mini_subset,scene-0103_026,-2,11,bicycle_rack,27.121095825725092,28,25,89.28571428571429
nuscenes_mini_subset,scene-0103_026,-2,12,Car,50.823649690779426,2,0,0.0
nuscenes_mini_subset,scene-0103_026,-2,13,Pedestrian,33.210345452491396,3,0,0.0
nuscenes_mini_subset,scene-0103_026,-2,14,Motorcycle,26.087123031913922,1,0,0.0
nuscenes_mini_subset,scene-0103_026,-2,15,Bicycle,51.55063676620767,1,0,0.0
nuscenes_mini_subset,scene-0103_026,-2,16,Car,36.81450190493388,1,1,100.0
nuscenes_mini_subset,scene-0103_026,-2,17,Pedestrian,21.275196683611206,5,0,0.0
nuscenes_mini_subset,scene-0103_026,-2,18,Truck,42.380435442199506,15,8,53.333333333333336
nuscenes_mini_subset,scene-0103_026,-2,19,Pedestrian,49.59773686632274,0,0,nan
nuscenes_mini_subset,scene-0103_026,-2,20,Car,66.06122507201479,1,0,0.0
nuscenes_mini_subset,scene-0103_026,-2,21,Car,48.68440333067175,0,0,nan
nuscenes_mini_subset,scene-0103_026,-2,22,Car,15.379288983631316,32,28,87.5
nuscenes_mini_subset,scene-0103_026,-2,23,Car,30.978707482575825,2,2,100.0
nuscenes_mini_subset,scene-0103_026,-1,0,Car,37.98170429365052,0,0,nan
nuscenes_mini_subset,scene-0103_026,-1,1,Pedestrian,49.516891269554776,0,0,nan
nuscenes_mini_subset,scene-0103_026,-1,2,Car,30.726614554560474,1,1,100.0
nuscenes_mini_subset,scene-0103_026,-1,3,Car,31.310587457549133,5,4,80.0
nuscenes_mini_subset,scene-0103_026,-1,4,Car,63.65576689770721,0,0,nan
nuscenes_mini_subset,scene-0103_026,-1,5,Car,60.04036595992565,0,0,nan
nuscenes_mini_subset,scene-0103_026,-1,6,Car,37.07170202524327,2,2,100.0
nuscenes_mini_subset,scene-0103_026,-1,7,Car,36.98485199688056,0,0,nan
nuscenes_mini_subset,scene-0103_026,-1,8,Car,68.34912353717026,0,0,nan
nuscenes_mini_subset,scene-0103_026,-1,9,Car,26.026332132063985,20,16,80.0
nuscenes_mini_subset,scene-0103_026,-1,10,Car,43.021316097692086,0,0,nan
nuscenes_mini_subset,scene-0103_026,-1,11,bicycle_rack,27.121095825725092,28,27,96.42857142857143
nuscenes_mini_subset,scene-0103_026,-1,12,Car,50.823649690779426,2,2,100.0
nuscenes_mini_subset,scene-0103_026,-1,13,Pedestrian,33.210345452491396,3,0,0.0
nuscenes_mini_subset,scene-0103_026,-1,14,Motorcycle,26.087123031913922,1,0,0.0
nuscenes_mini_subset,scene-0103_026,-1,15,Bicycle,51.55063676620767,1,0,0.0
nuscenes_mini_subset,scene-0103_026,-1,16,Car,36.81450190493388,1,1,100.0
nuscenes_mini_subset,scene-0103_026,-1,17,Pedestrian,21.275196683611206,5,1,20.0
nuscenes_mini_subset,scene-0103_026,-1,18,Truck,42.380435442199506,15,14,93.33333333333333
nuscenes_mini_subset,scene-0103_026,-1,19,Pedestrian,49.59773686632274,0,0,nan
nuscenes_mini_subset,scene-0103_026,-1,20,Car,66.06122507201479,1,0,0.0
nuscenes_mini_subset,scene-0103_026,-1,21,Car,48.68440333067175,0,0,nan
nuscenes_mini_subset,scene-0103_026,-1,22,Car,15.379288983631316,32,32,100.0
nuscenes_mini_subset,scene-0103_026,-1,23,Car,30.978707482575825,2,2,100.0
nuscenes_mini_subset,scene-0103_026,-0.5,0,Car,37.98170429365052,0,0,nan
nuscenes_mini_subset,scene-0103_026,-0.5,1,Pedestrian,49.516891269554776,0,0,nan
nuscenes_mini_subset,scene-0103_026,-0.5,2,Car,30.726614554560474,1,1,100.0
nuscenes_mini_subset,scene-0103_026,-0.5,3,Car,31.310587457549133,5,5,100.0
nuscenes_mini_subset,scene-0103_026,-0.5,4,Car,63.65576689770721,0,0,nan
nuscenes_mini_subset,scene-0103_026,-0.5,5,Car,60.04036595992565,0,0,nan
nuscenes_mini_subset,scene-0103_026,-0.5,6,Car,37.07170202524327,2,2,100.0
nuscenes_mini_subset,scene-0103_026,-0.5,7,Car,36.98485199688056,0,0,nan
nuscenes_mini_subset,scene-0103_026,-0.5,8,Car,68.34912353717026,0,0,nan
nuscenes_mini_subset,scene-0103_026,-0.5,9,Car,26.026332132063985,20,18,90.0
nuscenes_mini_subset,scene-0103_026,-0.5,10,Car,43.021316097692086,0,0,nan
nuscenes_mini_subset,scene-0103_026,-0.5,11,bicycle_rack,27.121095825725092,28,28,100.0
nuscenes_mini_subset,scene-0103_026,-0.5,12,Car,50.823649690779426,2,2,100.0
nuscenes_mini_subset,scene-0103_026,-0.5,13,Pedestrian,33.210345452491396,3,2,66.66666666666667
nuscenes_mini_subset,scene-0103_026,-0.5,14,Motorcycle,26.087123031913922,1,1,100.0
nuscenes_mini_subset,scene-0103_026,-0.5,15,Bicycle,51.55063676620767,1,1,100.0
nuscenes_mini_subset,scene-0103_026,-0.5,16,Car,36.81450190493388,1,1,100.0
nuscenes_mini_subset,scene-0103_026,-0.5,17,Pedestrian,21.275196683611206,5,4,80.0
nuscenes_mini_subset,scene-0103_026,-0.5,18,Truck,42.380435442199506,15,15,100.0
nuscenes_mini_subset,scene-0103_026,-0.5,19,Pedestrian,49.59773686632274,0,0,nan
nuscenes_mini_subset,scene-0103_026,-0.5,20,Car,66.06122507201479,1,1,100.0
nuscenes_mini_subset,scene-0103_026,-0.5,21,Car,48.68440333067175,0,0,nan
nuscenes_mini_subset,scene-0103_026,-0.5,22,Car,15.379288983631316,32,32,100.0
nuscenes_mini_subset,scene-0103_026,-0.5,23,Car,30.978707482575825,2,2,100.0
nuscenes_mini_subset,scene-0103_026,0,0,Car,37.98170429365052,0,0,nan
nuscenes_mini_subset,scene-0103_026,0,1,Pedestrian,49.516891269554776,0,0,nan
nuscenes_mini_subset,scene-0103_026,0,2,Car,30.726614554560474,1,1,100.0
nuscenes_mini_subset,scene-0103_026,0,3,Car,31.310587457549133,5,5,100.0
nuscenes_mini_subset,scene-0103_026,0,4,Car,63.65576689770721,0,0,nan
nuscenes_mini_subset,scene-0103_026,0,5,Car,60.04036595992565,0,0,nan
nuscenes_mini_subset,scene-0103_026,0,6,Car,37.07170202524327,2,2,100.0
nuscenes_mini_subset,scene-0103_026,0,7,Car,36.98485199688056,0,0,nan
nuscenes_mini_subset,scene-0103_026,0,8,Car,68.34912353717026,0,0,nan
nuscenes_mini_subset,scene-0103_026,0,9,Car,26.026332132063985,20,20,100.0
nuscenes_mini_subset,scene-0103_026,0,10,Car,43.021316097692086,0,0,nan
nuscenes_mini_subset,scene-0103_026,0,11,bicycle_rack,27.121095825725092,28,28,100.0
nuscenes_mini_subset,scene-0103_026,0,12,Car,50.823649690779426,2,2,100.0
nuscenes_mini_subset,scene-0103_026,0,13,Pedestrian,33.210345452491396,3,3,100.0
nuscenes_mini_subset,scene-0103_026,0,14,Motorcycle,26.087123031913922,1,1,100.0
nuscenes_mini_subset,scene-0103_026,0,15,Bicycle,51.55063676620767,1,1,100.0
nuscenes_mini_subset,scene-0103_026,0,16,Car,36.81450190493388,1,1,100.0
nuscenes_mini_subset,scene-0103_026,0,17,Pedestrian,21.275196683611206,5,5,100.0
nuscenes_mini_subset,scene-0103_026,0,18,Truck,42.380435442199506,15,15,100.0
nuscenes_mini_subset,scene-0103_026,0,19,Pedestrian,49.59773686632274,0,0,nan
nuscenes_mini_subset,scene-0103_026,0,20,Car,66.06122507201479,1,1,100.0
nuscenes_mini_subset,scene-0103_026,0,21,Car,48.68440333067175,0,0,nan
nuscenes_mini_subset,scene-0103_026,0,22,Car,15.379288983631316,32,32,100.0
nuscenes_mini_subset,scene-0103_026,0,23,Car,30.978707482575825,2,2,100.0
nuscenes_mini_subset,scene-0103_026,0.5,0,Car,37.98170429365052,0,0,nan
nuscenes_mini_subset,scene-0103_026,0.5,1,Pedestrian,49.516891269554776,0,0,nan
nuscenes_mini_subset,scene-0103_026,0.5,2,Car,30.726614554560474,1,1,100.0
nuscenes_mini_subset,scene-0103_026,0.5,3,Car,31.310587457549133,5,5,100.0
nuscenes_mini_subset,scene-0103_026,0.5,4,Car,63.65576689770721,0,0,nan
nuscenes_mini_subset,scene-0103_026,0.5,5,Car,60.04036595992565,0,0,nan
nuscenes_mini_subset,scene-0103_026,0.5,6,Car,37.07170202524327,2,1,50.0
nuscenes_mini_subset,scene-0103_026,0.5,7,Car,36.98485199688056,0,0,nan
nuscenes_mini_subset,scene-0103_026,0.5,8,Car,68.34912353717026,0,0,nan
nuscenes_mini_subset,scene-0103_026,0.5,9,Car,26.026332132063985,20,20,100.0
nuscenes_mini_subset,scene-0103_026,0.5,10,Car,43.021316097692086,0,0,nan
nuscenes_mini_subset,scene-0103_026,0.5,11,bicycle_rack,27.121095825725092,28,28,100.0
nuscenes_mini_subset,scene-0103_026,0.5,12,Car,50.823649690779426,2,2,100.0
nuscenes_mini_subset,scene-0103_026,0.5,13,Pedestrian,33.210345452491396,3,2,66.66666666666667
nuscenes_mini_subset,scene-0103_026,0.5,14,Motorcycle,26.087123031913922,1,1,100.0
nuscenes_mini_subset,scene-0103_026,0.5,15,Bicycle,51.55063676620767,1,0,0.0
nuscenes_mini_subset,scene-0103_026,0.5,16,Car,36.81450190493388,1,1,100.0
nuscenes_mini_subset,scene-0103_026,0.5,17,Pedestrian,21.275196683611206,5,5,100.0
nuscenes_mini_subset,scene-0103_026,0.5,18,Truck,42.380435442199506,15,15,100.0
nuscenes_mini_subset,scene-0103_026,0.5,19,Pedestrian,49.59773686632274,0,0,nan
nuscenes_mini_subset,scene-0103_026,0.5,20,Car,66.06122507201479,1,1,100.0
nuscenes_mini_subset,scene-0103_026,0.5,21,Car,48.68440333067175,0,0,nan
nuscenes_mini_subset,scene-0103_026,0.5,22,Car,15.379288983631316,32,30,93.75
nuscenes_mini_subset,scene-0103_026,0.5,23,Car,30.978707482575825,2,2,100.0
nuscenes_mini_subset,scene-0103_026,1,0,Car,37.98170429365052,0,0,nan
nuscenes_mini_subset,scene-0103_026,1,1,Pedestrian,49.516891269554776,0,0,nan
nuscenes_mini_subset,scene-0103_026,1,2,Car,30.726614554560474,1,1,100.0
nuscenes_mini_subset,scene-0103_026,1,3,Car,31.310587457549133,5,5,100.0
nuscenes_mini_subset,scene-0103_026,1,4,Car,63.65576689770721,0,0,nan
nuscenes_mini_subset,scene-0103_026,1,5,Car,60.04036595992565,0,0,nan
nuscenes_mini_subset,scene-0103_026,1,6,Car,37.07170202524327,2,1,50.0
nuscenes_mini_subset,scene-0103_026,1,7,Car,36.98485199688056,0,0,nan
nuscenes_mini_subset,scene-0103_026,1,8,Car,68.34912353717026,0,0,nan
nuscenes_mini_subset,scene-0103_026,1,9,Car,26.026332132063985,20,19,95.0
nuscenes_mini_subset,scene-0103_026,1,10,Car,43.021316097692086,0,0,nan
nuscenes_mini_subset,scene-0103_026,1,11,bicycle_rack,27.121095825725092,28,27,96.42857142857143
nuscenes_mini_subset,scene-0103_026,1,12,Car,50.823649690779426,2,2,100.0
nuscenes_mini_subset,scene-0103_026,1,13,Pedestrian,33.210345452491396,3,1,33.333333333333336
nuscenes_mini_subset,scene-0103_026,1,14,Motorcycle,26.087123031913922,1,0,0.0
nuscenes_mini_subset,scene-0103_026,1,15,Bicycle,51.55063676620767,1,0,0.0
nuscenes_mini_subset,scene-0103_026,1,16,Car,36.81450190493388,1,1,100.0
nuscenes_mini_subset,scene-0103_026,1,17,Pedestrian,21.275196683611206,5,4,80.0
nuscenes_mini_subset,scene-0103_026,1,18,Truck,42.380435442199506,15,15,100.0
nuscenes_mini_subset,scene-0103_026,1,19,Pedestrian,49.59773686632274,0,0,nan
nuscenes_mini_subset,scene-0103_026,1,20,Car,66.06122507201479,1,0,0.0
nuscenes_mini_subset,scene-0103_026,1,21,Car,48.68440333067175,0,0,nan
nuscenes_mini_subset,scene-0103_026,1,22,Car,15.379288983631316,32,29,90.625
nuscenes_mini_subset,scene-0103_026,1,23,Car,30.978707482575825,2,2,100.0
nuscenes_mini_subset,scene-0103_026,2,0,Car,37.98170429365052,0,0,nan
nuscenes_mini_subset,scene-0103_026,2,1,Pedestrian,49.516891269554776,0,0,nan
nuscenes_mini_subset,scene-0103_026,2,2,Car,30.726614554560474,1,1,100.0
nuscenes_mini_subset,scene-0103_026,2,3,Car,31.310587457549133,5,5,100.0
nuscenes_mini_subset,scene-0103_026,2,4,Car,63.65576689770721,0,0,nan
nuscenes_mini_subset,scene-0103_026,2,5,Car,60.04036595992565,0,0,nan
nuscenes_mini_subset,scene-0103_026,2,6,Car,37.07170202524327,2,0,0.0
nuscenes_mini_subset,scene-0103_026,2,7,Car,36.98485199688056,0,0,nan
nuscenes_mini_subset,scene-0103_026,2,8,Car,68.34912353717026,0,0,nan
nuscenes_mini_subset,scene-0103_026,2,9,Car,26.026332132063985,20,14,70.0
nuscenes_mini_subset,scene-0103_026,2,10,Car,43.021316097692086,0,0,nan
nuscenes_mini_subset,scene-0103_026,2,11,bicycle_rack,27.121095825725092,28,24,85.71428571428571
nuscenes_mini_subset,scene-0103_026,2,12,Car,50.823649690779426,2,1,50.0
nuscenes_mini_subset,scene-0103_026,2,13,Pedestrian,33.210345452491396,3,0,0.0
nuscenes_mini_subset,scene-0103_026,2,14,Motorcycle,26.087123031913922,1,0,0.0
nuscenes_mini_subset,scene-0103_026,2,15,Bicycle,51.55063676620767,1,0,0.0
nuscenes_mini_subset,scene-0103_026,2,16,Car,36.81450190493388,1,0,0.0
nuscenes_mini_subset,scene-0103_026,2,17,Pedestrian,21.275196683611206,5,0,0.0
nuscenes_mini_subset,scene-0103_026,2,18,Truck,42.380435442199506,15,14,93.33333333333333
nuscenes_mini_subset,scene-0103_026,2,19,Pedestrian,49.59773686632274,0,0,nan
nuscenes_mini_subset,scene-0103_026,2,20,Car,66.06122507201479,1,0,0.0
nuscenes_mini_subset,scene-0103_026,2,21,Car,48.68440333067175,0,0,nan
nuscenes_mini_subset,scene-0103_026,2,22,Car,15.379288983631316,32,22,68.75
nuscenes_mini_subset,scene-0103_026,2,23,Car,30.978707482575825,2,2,100.0
nuscenes_mini_subset,scene-0103_026,3,0,Car,37.98170429365052,0,0,nan
nuscenes_mini_subset,scene-0103_026,3,1,Pedestrian,49.516891269554776,0,0,nan
nuscenes_mini_subset,scene-0103_026,3,2,Car,30.726614554560474,1,0,0.0
nuscenes_mini_subset,scene-0103_026,3,3,Car,31.310587457549133,5,4,80.0
nuscenes_mini_subset,scene-0103_026,3,4,Car,63.65576689770721,0,0,nan
nuscenes_mini_subset,scene-0103_026,3,5,Car,60.04036595992565,0,0,nan
nuscenes_mini_subset,scene-0103_026,3,6,Car,37.07170202524327,2,0,0.0
nuscenes_mini_subset,scene-0103_026,3,7,Car,36.98485199688056,0,0,nan
nuscenes_mini_subset,scene-0103_026,3,8,Car,68.34912353717026,0,0,nan
nuscenes_mini_subset,scene-0103_026,3,9,Car,26.026332132063985,20,8,40.0
nuscenes_mini_subset,scene-0103_026,3,10,Car,43.021316097692086,0,0,nan
nuscenes_mini_subset,scene-0103_026,3,11,bicycle_rack,27.121095825725092,28,22,78.57142857142857
nuscenes_mini_subset,scene-0103_026,3,12,Car,50.823649690779426,2,0,0.0
nuscenes_mini_subset,scene-0103_026,3,13,Pedestrian,33.210345452491396,3,0,0.0
nuscenes_mini_subset,scene-0103_026,3,14,Motorcycle,26.087123031913922,1,0,0.0
nuscenes_mini_subset,scene-0103_026,3,15,Bicycle,51.55063676620767,1,0,0.0
nuscenes_mini_subset,scene-0103_026,3,16,Car,36.81450190493388,1,0,0.0
nuscenes_mini_subset,scene-0103_026,3,17,Pedestrian,21.275196683611206,5,0,0.0
nuscenes_mini_subset,scene-0103_026,3,18,Truck,42.380435442199506,15,9,60.0
nuscenes_mini_subset,scene-0103_026,3,19,Pedestrian,49.59773686632274,0,0,nan
nuscenes_mini_subset,scene-0103_026,3,20,Car,66.06122507201479,1,0,0.0
nuscenes_mini_subset,scene-0103_026,3,21,Car,48.68440333067175,0,0,nan
nuscenes_mini_subset,scene-0103_026,3,22,Car,15.379288983631316,32,17,53.125
nuscenes_mini_subset,scene-0103_026,3,23,Car,30.978707482575825,2,0,0.0
nuscenes_mini_subset,scene-0103_027,-3,0,Car,35.469593228146415,0,0,nan
nuscenes_mini_subset,scene-0103_027,-3,1,Pedestrian,47.611683814970235,0,0,nan
nuscenes_mini_subset,scene-0103_027,-3,2,Car,28.77040736926243,4,1,25.0
nuscenes_mini_subset,scene-0103_027,-3,3,Car,61.03284681912349,0,0,nan
nuscenes_mini_subset,scene-0103_027,-3,4,Car,57.472412885447575,0,0,nan
nuscenes_mini_subset,scene-0103_027,-3,5,Car,34.488156984318806,3,0,0.0
nuscenes_mini_subset,scene-0103_027,-3,6,Car,34.44556170023953,2,0,0.0
nuscenes_mini_subset,scene-0103_027,-3,7,Car,65.726128519455,0,0,nan
nuscenes_mini_subset,scene-0103_027,-3,8,Car,23.451084816199568,24,7,29.166666666666668
nuscenes_mini_subset,scene-0103_027,-3,9,Car,40.44710318860588,0,0,nan
nuscenes_mini_subset,scene-0103_027,-3,10,bicycle_rack,24.494188698985006,50,42,84.0
nuscenes_mini_subset,scene-0103_027,-3,11,Car,48.201223182744236,1,0,0.0
nuscenes_mini_subset,scene-0103_027,-3,12,Pedestrian,31.361150699682874,3,0,0.0
nuscenes_mini_subset,scene-0103_027,-3,13,Motorcycle,23.508811846180294,1,0,0.0
nuscenes_mini_subset,scene-0103_027,-3,14,Bicycle,46.20305654050989,3,0,0.0
nuscenes_mini_subset,scene-0103_027,-3,15,Car,34.240024305274154,1,0,0.0
nuscenes_mini_subset,scene-0103_027,-3,16,Pedestrian,19.40629340702478,6,0,0.0
nuscenes_mini_subset,scene-0103_027,-3,17,Truck,39.77874543323797,19,5,26.31578947368421
nuscenes_mini_subset,scene-0103_027,-3,18,Pedestrian,47.700478050002594,0,0,nan
nuscenes_mini_subset,scene-0103_027,-3,19,Car,63.498483132383804,1,0,0.0
nuscenes_mini_subset,scene-0103_027,-3,20,Car,46.11162948807921,0,0,nan
nuscenes_mini_subset,scene-0103_027,-3,21,Car,12.766618812412219,17,6,35.294117647058826
nuscenes_mini_subset,scene-0103_027,-3,22,Car,28.402909758396667,3,3,100.0
nuscenes_mini_subset,scene-0103_027,-2,0,Car,35.469593228146415,0,0,nan
nuscenes_mini_subset,scene-0103_027,-2,1,Pedestrian,47.611683814970235,0,0,nan
nuscenes_mini_subset,scene-0103_027,-2,2,Car,28.77040736926243,4,1,25.0
nuscenes_mini_subset,scene-0103_027,-2,3,Car,61.03284681912349,0,0,nan
nuscenes_mini_subset,scene-0103_027,-2,4,Car,57.472412885447575,0,0,nan
nuscenes_mini_subset,scene-0103_027,-2,5,Car,34.488156984318806,3,2,66.66666666666667
nuscenes_mini_subset,scene-0103_027,-2,6,Car,34.44556170023953,2,2,100.0
nuscenes_mini_subset,scene-0103_027,-2,7,Car,65.726128519455,0,0,nan
nuscenes_mini_subset,scene-0103_027,-2,8,Car,23.451084816199568,24,13,54.166666666666664
nuscenes_mini_subset,scene-0103_027,-2,9,Car,40.44710318860588,0,0,nan
nuscenes_mini_subset,scene-0103_027,-2,10,bicycle_rack,24.494188698985006,50,45,90.0
nuscenes_mini_subset,scene-0103_027,-2,11,Car,48.201223182744236,1,0,0.0
nuscenes_mini_subset,scene-0103_027,-2,12,Pedestrian,31.361150699682874,3,0,0.0
nuscenes_mini_subset,scene-0103_027,-2,13,Motorcycle,23.508811846180294,1,0,0.0
nuscenes_mini_subset,scene-0103_027,-2,14,Bicycle,46.20305654050989,3,0,0.0
nuscenes_mini_subset,scene-0103_027,-2,15,Car,34.240024305274154,1,1,100.0
nuscenes_mini_subset,scene-0103_027,-2,16,Pedestrian,19.40629340702478,6,0,0.0
nuscenes_mini_subset,scene-0103_027,-2,17,Truck,39.77874543323797,19,10,52.63157894736842
nuscenes_mini_subset,scene-0103_027,-2,18,Pedestrian,47.700478050002594,0,0,nan
nuscenes_mini_subset,scene-0103_027,-2,19,Car,63.498483132383804,1,0,0.0
nuscenes_mini_subset,scene-0103_027,-2,20,Car,46.11162948807921,0,0,nan
nuscenes_mini_subset,scene-0103_027,-2,21,Car,12.766618812412219,17,12,70.58823529411765
nuscenes_mini_subset,scene-0103_027,-2,22,Car,28.402909758396667,3,3,100.0
nuscenes_mini_subset,scene-0103_027,-1,0,Car,35.469593228146415,0,0,nan
nuscenes_mini_subset,scene-0103_027,-1,1,Pedestrian,47.611683814970235,0,0,nan
nuscenes_mini_subset,scene-0103_027,-1,2,Car,28.77040736926243,4,3,75.0
nuscenes_mini_subset,scene-0103_027,-1,3,Car,61.03284681912349,0,0,nan
nuscenes_mini_subset,scene-0103_027,-1,4,Car,57.472412885447575,0,0,nan
nuscenes_mini_subset,scene-0103_027,-1,5,Car,34.488156984318806,3,3,100.0
nuscenes_mini_subset,scene-0103_027,-1,6,Car,34.44556170023953,2,2,100.0
nuscenes_mini_subset,scene-0103_027,-1,7,Car,65.726128519455,0,0,nan
nuscenes_mini_subset,scene-0103_027,-1,8,Car,23.451084816199568,24,19,79.16666666666667
nuscenes_mini_subset,scene-0103_027,-1,9,Car,40.44710318860588,0,0,nan
nuscenes_mini_subset,scene-0103_027,-1,10,bicycle_rack,24.494188698985006,50,48,96.0
nuscenes_mini_subset,scene-0103_027,-1,11,Car,48.201223182744236,1,1,100.0
nuscenes_mini_subset,scene-0103_027,-1,12,Pedestrian,31.361150699682874,3,1,33.333333333333336
nuscenes_mini_subset,scene-0103_027,-1,13,Motorcycle,23.508811846180294,1,0,0.0
nuscenes_mini_subset,scene-0103_027,-1,14,Bicycle,46.20305654050989,3,0,0.0
nuscenes_mini_subset,scene-0103_027,-1,15,Car,34.240024305274154,1,1,100.0
nuscenes_mini_subset,scene-0103_027,-1,16,Pedestrian,19.40629340702478,6,4,66.66666666666667
nuscenes_mini_subset,scene-0103_027,-1,17,Truck,39.77874543323797,19,17,89.47368421052632
nuscenes_mini_subset,scene-0103_027,-1,18,Pedestrian,47.700478050002594,0,0,nan
nuscenes_mini_subset,scene-0103_027,-1,19,Car,63.498483132383804,1,1,100.0
nuscenes_mini_subset,scene-0103_027,-1,20,Car,46.11162948807921,0,0,nan
nuscenes_mini_subset,scene-0103_027,-1,21,Car,12.766618812412219,17,16,94.11764705882354
nuscenes_mini_subset,scene-0103_027,-1,22,Car,28.402909758396667,3,3,100.0
nuscenes_mini_subset,scene-0103_027,-0.5,0,Car,35.469593228146415,0,0,nan
nuscenes_mini_subset,scene-0103_027,-0.5,1,Pedestrian,47.611683814970235,0,0,nan
nuscenes_mini_subset,scene-0103_027,-0.5,2,Car,28.77040736926243,4,4,100.0
nuscenes_mini_subset,scene-0103_027,-0.5,3,Car,61.03284681912349,0,0,nan
nuscenes_mini_subset,scene-0103_027,-0.5,4,Car,57.472412885447575,0,0,nan
nuscenes_mini_subset,scene-0103_027,-0.5,5,Car,34.488156984318806,3,3,100.0
nuscenes_mini_subset,scene-0103_027,-0.5,6,Car,34.44556170023953,2,2,100.0
nuscenes_mini_subset,scene-0103_027,-0.5,7,Car,65.726128519455,0,0,nan
nuscenes_mini_subset,scene-0103_027,-0.5,8,Car,23.451084816199568,24,23,95.83333333333333
nuscenes_mini_subset,scene-0103_027,-0.5,9,Car,40.44710318860588,0,0,nan
nuscenes_mini_subset,scene-0103_027,-0.5,10,bicycle_rack,24.494188698985006,50,50,100.0
nuscenes_mini_subset,scene-0103_027,-0.5,11,Car,48.201223182744236,1,1,100.0
nuscenes_mini_subset,scene-0103_027,-0.5,12,Pedestrian,31.361150699682874,3,2,66.66666666666667
nuscenes_mini_subset,scene-0103_027,-0.5,13,Motorcycle,23.508811846180294,1,1,100.0
nuscenes_mini_subset,scene-0103_027,-0.5,14,Bicycle,46.20305654050989,3,1,33.333333333333336
nuscenes_mini_subset,scene-0103_027,-0.5,15,Car,34.240024305274154,1,1,100.0
nuscenes_mini_subset,scene-0103_027,-0.5,16,Pedestrian,19.40629340702478,6,6,100.0
nuscenes_mini_subset,scene-0103_027,-0.5,17,Truck,39.77874543323797,19,18,94.73684210526316
nuscenes_mini_subset,scene-0103_027,-0.5,18,Pedestrian,47.700478050002594,0,0,nan
nuscenes_mini_subset,scene-0103_027,-0.5,19,Car,63.498483132383804,1,1,100.0
nuscenes_mini_subset,scene-0103_027,-0.5,20,Car,46.11162948807921,0,0,nan
nuscenes_mini_subset,scene-0103_027,-0.5,21,Car,12.766618812412219,17,17,100.0
nuscenes_mini_subset,scene-0103_027,-0.5,22,Car,28.402909758396667,3,3,100.0
nuscenes_mini_subset,scene-0103_027,0,0,Car,35.469593228146415,0,0,nan
nuscenes_mini_subset,scene-0103_027,0,1,Pedestrian,47.611683814970235,0,0,nan
nuscenes_mini_subset,scene-0103_027,0,2,Car,28.77040736926243,4,4,100.0
nuscenes_mini_subset,scene-0103_027,0,3,Car,61.03284681912349,0,0,nan
nuscenes_mini_subset,scene-0103_027,0,4,Car,57.472412885447575,0,0,nan
nuscenes_mini_subset,scene-0103_027,0,5,Car,34.488156984318806,3,3,100.0
nuscenes_mini_subset,scene-0103_027,0,6,Car,34.44556170023953,2,2,100.0
nuscenes_mini_subset,scene-0103_027,0,7,Car,65.726128519455,0,0,nan
nuscenes_mini_subset,scene-0103_027,0,8,Car,23.451084816199568,24,24,100.0
nuscenes_mini_subset,scene-0103_027,0,9,Car,40.44710318860588,0,0,nan
nuscenes_mini_subset,scene-0103_027,0,10,bicycle_rack,24.494188698985006,50,50,100.0
nuscenes_mini_subset,scene-0103_027,0,11,Car,48.201223182744236,1,1,100.0
nuscenes_mini_subset,scene-0103_027,0,12,Pedestrian,31.361150699682874,3,3,100.0
nuscenes_mini_subset,scene-0103_027,0,13,Motorcycle,23.508811846180294,1,1,100.0
nuscenes_mini_subset,scene-0103_027,0,14,Bicycle,46.20305654050989,3,3,100.0
nuscenes_mini_subset,scene-0103_027,0,15,Car,34.240024305274154,1,1,100.0
nuscenes_mini_subset,scene-0103_027,0,16,Pedestrian,19.40629340702478,6,6,100.0
nuscenes_mini_subset,scene-0103_027,0,17,Truck,39.77874543323797,19,19,100.0
nuscenes_mini_subset,scene-0103_027,0,18,Pedestrian,47.700478050002594,0,0,nan
nuscenes_mini_subset,scene-0103_027,0,19,Car,63.498483132383804,1,1,100.0
nuscenes_mini_subset,scene-0103_027,0,20,Car,46.11162948807921,0,0,nan
nuscenes_mini_subset,scene-0103_027,0,21,Car,12.766618812412219,17,17,100.0
nuscenes_mini_subset,scene-0103_027,0,22,Car,28.402909758396667,3,3,100.0
nuscenes_mini_subset,scene-0103_027,0.5,0,Car,35.469593228146415,0,0,nan
nuscenes_mini_subset,scene-0103_027,0.5,1,Pedestrian,47.611683814970235,0,0,nan
nuscenes_mini_subset,scene-0103_027,0.5,2,Car,28.77040736926243,4,4,100.0
nuscenes_mini_subset,scene-0103_027,0.5,3,Car,61.03284681912349,0,0,nan
nuscenes_mini_subset,scene-0103_027,0.5,4,Car,57.472412885447575,0,0,nan
nuscenes_mini_subset,scene-0103_027,0.5,5,Car,34.488156984318806,3,3,100.0
nuscenes_mini_subset,scene-0103_027,0.5,6,Car,34.44556170023953,2,2,100.0
nuscenes_mini_subset,scene-0103_027,0.5,7,Car,65.726128519455,0,0,nan
nuscenes_mini_subset,scene-0103_027,0.5,8,Car,23.451084816199568,24,24,100.0
nuscenes_mini_subset,scene-0103_027,0.5,9,Car,40.44710318860588,0,0,nan
nuscenes_mini_subset,scene-0103_027,0.5,10,bicycle_rack,24.494188698985006,50,50,100.0
nuscenes_mini_subset,scene-0103_027,0.5,11,Car,48.201223182744236,1,1,100.0
nuscenes_mini_subset,scene-0103_027,0.5,12,Pedestrian,31.361150699682874,3,2,66.66666666666667
nuscenes_mini_subset,scene-0103_027,0.5,13,Motorcycle,23.508811846180294,1,0,0.0
nuscenes_mini_subset,scene-0103_027,0.5,14,Bicycle,46.20305654050989,3,2,66.66666666666667
nuscenes_mini_subset,scene-0103_027,0.5,15,Car,34.240024305274154,1,1,100.0
nuscenes_mini_subset,scene-0103_027,0.5,16,Pedestrian,19.40629340702478,6,5,83.33333333333333
nuscenes_mini_subset,scene-0103_027,0.5,17,Truck,39.77874543323797,19,19,100.0
nuscenes_mini_subset,scene-0103_027,0.5,18,Pedestrian,47.700478050002594,0,0,nan
nuscenes_mini_subset,scene-0103_027,0.5,19,Car,63.498483132383804,1,1,100.0
nuscenes_mini_subset,scene-0103_027,0.5,20,Car,46.11162948807921,0,0,nan
nuscenes_mini_subset,scene-0103_027,0.5,21,Car,12.766618812412219,17,17,100.0
nuscenes_mini_subset,scene-0103_027,0.5,22,Car,28.402909758396667,3,3,100.0
nuscenes_mini_subset,scene-0103_027,1,0,Car,35.469593228146415,0,0,nan
nuscenes_mini_subset,scene-0103_027,1,1,Pedestrian,47.611683814970235,0,0,nan
nuscenes_mini_subset,scene-0103_027,1,2,Car,28.77040736926243,4,4,100.0
nuscenes_mini_subset,scene-0103_027,1,3,Car,61.03284681912349,0,0,nan
nuscenes_mini_subset,scene-0103_027,1,4,Car,57.472412885447575,0,0,nan
nuscenes_mini_subset,scene-0103_027,1,5,Car,34.488156984318806,3,3,100.0
nuscenes_mini_subset,scene-0103_027,1,6,Car,34.44556170023953,2,2,100.0
nuscenes_mini_subset,scene-0103_027,1,7,Car,65.726128519455,0,0,nan
nuscenes_mini_subset,scene-0103_027,1,8,Car,23.451084816199568,24,22,91.66666666666667
nuscenes_mini_subset,scene-0103_027,1,9,Car,40.44710318860588,0,0,nan
nuscenes_mini_subset,scene-0103_027,1,10,bicycle_rack,24.494188698985006,50,49,98.0
nuscenes_mini_subset,scene-0103_027,1,11,Car,48.201223182744236,1,1,100.0
nuscenes_mini_subset,scene-0103_027,1,12,Pedestrian,31.361150699682874,3,1,33.333333333333336
nuscenes_mini_subset,scene-0103_027,1,13,Motorcycle,23.508811846180294,1,0,0.0
nuscenes_mini_subset,scene-0103_027,1,14,Bicycle,46.20305654050989,3,0,0.0
nuscenes_mini_subset,scene-0103_027,1,15,Car,34.240024305274154,1,1,100.0
nuscenes_mini_subset,scene-0103_027,1,16,Pedestrian,19.40629340702478,6,2,33.333333333333336
nuscenes_mini_subset,scene-0103_027,1,17,Truck,39.77874543323797,19,19,100.0
nuscenes_mini_subset,scene-0103_027,1,18,Pedestrian,47.700478050002594,0,0,nan
nuscenes_mini_subset,scene-0103_027,1,19,Car,63.498483132383804,1,0,0.0
nuscenes_mini_subset,scene-0103_027,1,20,Car,46.11162948807921,0,0,nan
nuscenes_mini_subset,scene-0103_027,1,21,Car,12.766618812412219,17,17,100.0
nuscenes_mini_subset,scene-0103_027,1,22,Car,28.402909758396667,3,3,100.0
nuscenes_mini_subset,scene-0103_027,2,0,Car,35.469593228146415,0,0,nan
nuscenes_mini_subset,scene-0103_027,2,1,Pedestrian,47.611683814970235,0,0,nan
nuscenes_mini_subset,scene-0103_027,2,2,Car,28.77040736926243,4,3,75.0
nuscenes_mini_subset,scene-0103_027,2,3,Car,61.03284681912349,0,0,nan
nuscenes_mini_subset,scene-0103_027,2,4,Car,57.472412885447575,0,0,nan
nuscenes_mini_subset,scene-0103_027,2,5,Car,34.488156984318806,3,3,100.0
nuscenes_mini_subset,scene-0103_027,2,6,Car,34.44556170023953,2,2,100.0
nuscenes_mini_subset,scene-0103_027,2,7,Car,65.726128519455,0,0,nan
nuscenes_mini_subset,scene-0103_027,2,8,Car,23.451084816199568,24,17,70.83333333333333
nuscenes_mini_subset,scene-0103_027,2,9,Car,40.44710318860588,0,0,nan
nuscenes_mini_subset,scene-0103_027,2,10,bicycle_rack,24.494188698985006,50,46,92.0
nuscenes_mini_subset,scene-0103_027,2,11,Car,48.201223182744236,1,1,100.0
nuscenes_mini_subset,scene-0103_027,2,12,Pedestrian,31.361150699682874,3,0,0.0
nuscenes_mini_subset,scene-0103_027,2,13,Motorcycle,23.508811846180294,1,0,0.0
nuscenes_mini_subset,scene-0103_027,2,14,Bicycle,46.20305654050989,3,0,0.0
nuscenes_mini_subset,scene-0103_027,2,15,Car,34.240024305274154,1,0,0.0
nuscenes_mini_subset,scene-0103_027,2,16,Pedestrian,19.40629340702478,6,0,0.0
nuscenes_mini_subset,scene-0103_027,2,17,Truck,39.77874543323797,19,18,94.73684210526316
nuscenes_mini_subset,scene-0103_027,2,18,Pedestrian,47.700478050002594,0,0,nan
nuscenes_mini_subset,scene-0103_027,2,19,Car,63.498483132383804,1,0,0.0
nuscenes_mini_subset,scene-0103_027,2,20,Car,46.11162948807921,0,0,nan
nuscenes_mini_subset,scene-0103_027,2,21,Car,12.766618812412219,17,15,88.23529411764706
nuscenes_mini_subset,scene-0103_027,2,22,Car,28.402909758396667,3,2,66.66666666666667
nuscenes_mini_subset,scene-0103_027,3,0,Car,35.469593228146415,0,0,nan
nuscenes_mini_subset,scene-0103_027,3,1,Pedestrian,47.611683814970235,0,0,nan
nuscenes_mini_subset,scene-0103_027,3,2,Car,28.77040736926243,4,3,75.0
nuscenes_mini_subset,scene-0103_027,3,3,Car,61.03284681912349,0,0,nan
nuscenes_mini_subset,scene-0103_027,3,4,Car,57.472412885447575,0,0,nan
nuscenes_mini_subset,scene-0103_027,3,5,Car,34.488156984318806,3,3,100.0
nuscenes_mini_subset,scene-0103_027,3,6,Car,34.44556170023953,2,2,100.0
nuscenes_mini_subset,scene-0103_027,3,7,Car,65.726128519455,0,0,nan
nuscenes_mini_subset,scene-0103_027,3,8,Car,23.451084816199568,24,11,45.833333333333336
nuscenes_mini_subset,scene-0103_027,3,9,Car,40.44710318860588,0,0,nan
nuscenes_mini_subset,scene-0103_027,3,10,bicycle_rack,24.494188698985006,50,43,86.0
nuscenes_mini_subset,scene-0103_027,3,11,Car,48.201223182744236,1,0,0.0
nuscenes_mini_subset,scene-0103_027,3,12,Pedestrian,31.361150699682874,3,0,0.0
nuscenes_mini_subset,scene-0103_027,3,13,Motorcycle,23.508811846180294,1,0,0.0
nuscenes_mini_subset,scene-0103_027,3,14,Bicycle,46.20305654050989,3,0,0.0
nuscenes_mini_subset,scene-0103_027,3,15,Car,34.240024305274154,1,0,0.0
nuscenes_mini_subset,scene-0103_027,3,16,Pedestrian,19.40629340702478,6,0,0.0
nuscenes_mini_subset,scene-0103_027,3,17,Truck,39.77874543323797,19,12,63.1578947368421
nuscenes_mini_subset,scene-0103_027,3,18,Pedestrian,47.700478050002594,0,0,nan
nuscenes_mini_subset,scene-0103_027,3,19,Car,63.498483132383804,1,0,0.0
nuscenes_mini_subset,scene-0103_027,3,20,Car,46.11162948807921,0,0,nan
nuscenes_mini_subset,scene-0103_027,3,21,Car,12.766618812412219,17,14,82.3529411764706
nuscenes_mini_subset,scene-0103_027,3,22,Car,28.402909758396667,3,0,0.0
nuscenes_mini_subset,scene-0103_028,-3,0,Car,33.01906398305615,0,0,nan
nuscenes_mini_subset,scene-0103_028,-3,1,Pedestrian,45.77491445417907,0,0,nan
nuscenes_mini_subset,scene-0103_028,-3,2,Car,26.294158597397697,0,0,nan
nuscenes_mini_subset,scene-0103_028,-3,3,Car,58.474547751229025,0,0,nan
nuscenes_mini_subset,scene-0103_028,-3,4,Car,54.958484673711645,0,0,nan
nuscenes_mini_subset,scene-0103_028,-3,5,Car,32.00108691155451,4,0,0.0
nuscenes_mini_subset,scene-0103_028,-3,6,Car,31.973171129998192,0,0,nan
nuscenes_mini_subset,scene-0103_028,-3,7,Car,63.16703348744222,0,0,nan
nuscenes_mini_subset,scene-0103_028,-3,8,Car,20.937369045241955,27,12,44.44444444444444
nuscenes_mini_subset,scene-0103_028,-3,9,Car,37.93504964538628,4,0,0.0
nuscenes_mini_subset,scene-0103_028,-3,10,bicycle_rack,21.936297728549956,61,52,85.24590163934427
nuscenes_mini_subset,scene-0103_028,-3,11,Car,45.64062957330627,2,0,0.0
nuscenes_mini_subset,scene-0103_028,-3,12,Pedestrian,29.34280556749474,1,0,0.0
nuscenes_mini_subset,scene-0103_028,-3,13,Motorcycle,21.018184394619926,2,0,0.0
nuscenes_mini_subset,scene-0103_028,-3,14,Bicycle,40.89586032795756,3,0,0.0
nuscenes_mini_subset,scene-0103_028,-3,15,Car,31.727286999282395,5,4,80.0
nuscenes_mini_subset,scene-0103_028,-3,16,Pedestrian,17.602405503579597,9,0,0.0
nuscenes_mini_subset,scene-0103_028,-3,17,Truck,37.24211202389979,23,8,34.78260869565217
nuscenes_mini_subset,scene-0103_028,-3,18,Pedestrian,45.86903852484228,0,0,nan
nuscenes_mini_subset,scene-0103_028,-3,19,Car,60.98748574948529,0,0,nan
nuscenes_mini_subset,scene-0103_028,-3,20,Car,43.599609212632664,1,0,0.0
nuscenes_mini_subset,scene-0103_028,-3,21,Car,10.22023964345438,3,0,0.0
nuscenes_mini_subset,scene-0103_028,-3,22,Car,25.88227609267225,14,12,85.71428571428571
nuscenes_mini_subset,scene-0103_028,-2,0,Car,33.01906398305615,0,0,nan
nuscenes_mini_subset,scene-0103_028,-2,1,Pedestrian,45.77491445417907,0,0,nan
nuscenes_mini_subset,scene-0103_028,-2,2,Car,26.294158597397697,0,0,nan
nuscenes_mini_subset,scene-0103_028,-2,3,Car,58.474547751229025,0,0,nan
nuscenes_mini_subset,scene-0103_028,-2,4,Car,54.958484673711645,0,0,nan
nuscenes_mini_subset,scene-0103_028,-2,5,Car,32.00108691155451,4,3,75.0
nuscenes_mini_subset,scene-0103_028,-2,6,Car,31.973171129998192,0,0,nan
nuscenes_mini_subset,scene-0103_028,-2,7,Car,63.16703348744222,0,0,nan
nuscenes_mini_subset,scene-0103_028,-2,8,Car,20.937369045241955,27,17,62.96296296296296
nuscenes_mini_subset,scene-0103_028,-2,9,Car,37.93504964538628,4,2,50.0
nuscenes_mini_subset,scene-0103_028,-2,10,bicycle_rack,21.936297728549956,61,54,88.52459016393442
nuscenes_mini_subset,scene-0103_028,-2,11,Car,45.64062957330627,2,0,0.0
nuscenes_mini_subset,scene-0103_028,-2,12,Pedestrian,29.34280556749474,1,0,0.0
nuscenes_mini_subset,scene-0103_028,-2,13,Motorcycle,21.018184394619926,2,0,0.0
nuscenes_mini_subset,scene-0103_028,-2,14,Bicycle,40.89586032795756,3,0,0.0
nuscenes_mini_subset,scene-0103_028,-2,15,Car,31.727286999282395,5,5,100.0
nuscenes_mini_subset,scene-0103_028,-2,16,Pedestrian,17.602405503579597,9,0,0.0
nuscenes_mini_subset,scene-0103_028,-2,17,Truck,37.24211202389979,23,13,56.52173913043478
nuscenes_mini_subset,scene-0103_028,-2,18,Pedestrian,45.86903852484228,0,0,nan
nuscenes_mini_subset,scene-0103_028,-2,19,Car,60.98748574948529,0,0,nan
nuscenes_mini_subset,scene-0103_028,-2,20,Car,43.599609212632664,1,1,100.0
nuscenes_mini_subset,scene-0103_028,-2,21,Car,10.22023964345438,3,0,0.0
nuscenes_mini_subset,scene-0103_028,-2,22,Car,25.88227609267225,14,14,100.0
nuscenes_mini_subset,scene-0103_028,-1,0,Car,33.01906398305615,0,0,nan
nuscenes_mini_subset,scene-0103_028,-1,1,Pedestrian,45.77491445417907,0,0,nan
nuscenes_mini_subset,scene-0103_028,-1,2,Car,26.294158597397697,0,0,nan
nuscenes_mini_subset,scene-0103_028,-1,3,Car,58.474547751229025,0,0,nan
nuscenes_mini_subset,scene-0103_028,-1,4,Car,54.958484673711645,0,0,nan
nuscenes_mini_subset,scene-0103_028,-1,5,Car,32.00108691155451,4,4,100.0
nuscenes_mini_subset,scene-0103_028,-1,6,Car,31.973171129998192,0,0,nan
nuscenes_mini_subset,scene-0103_028,-1,7,Car,63.16703348744222,0,0,nan
nuscenes_mini_subset,scene-0103_028,-1,8,Car,20.937369045241955,27,23,85.18518518518519
nuscenes_mini_subset,scene-0103_028,-1,9,Car,37.93504964538628,4,4,100.0
nuscenes_mini_subset,scene-0103_028,-1,10,bicycle_rack,21.936297728549956,61,60,98.36065573770492
nuscenes_mini_subset,scene-0103_028,-1,11,Car,45.64062957330627,2,2,100.0
nuscenes_mini_subset,scene-0103_028,-1,12,Pedestrian,29.34280556749474,1,0,0.0
nuscenes_mini_subset,scene-0103_028,-1,13,Motorcycle,21.018184394619926,2,1,50.0
nuscenes_mini_subset,scene-0103_028,-1,14,Bicycle,40.89586032795756,3,0,0.0
nuscenes_mini_subset,scene-0103_028,-1,15,Car,31.727286999282395,5,5,100.0
nuscenes_mini_subset,scene-0103_028,-1,16,Pedestrian,17.602405503579597,9,7,77.77777777777777
nuscenes_mini_subset,scene-0103_028,-1,17,Truck,37.24211202389979,23,19,82.6086956521739
nuscenes_mini_subset,scene-0103_028,-1,18,Pedestrian,45.86903852484228,0,0,nan
nuscenes_mini_subset,scene-0103_028,-1,19,Car,60.98748574948529,0,0,nan
nuscenes_mini_subset,scene-0103_028,-1,20,Car,43.599609212632664,1,1,100.0
nuscenes_mini_subset,scene-0103_028,-1,21,Car,10.22023964345438,3,3,100.0
nuscenes_mini_subset,scene-0103_028,-1,22,Car,25.88227609267225,14,14,100.0
nuscenes_mini_subset,scene-0103_028,-0.5,0,Car,33.01906398305615,0,0,nan
nuscenes_mini_subset,scene-0103_028,-0.5,1,Pedestrian,45.77491445417907,0,0,nan
nuscenes_mini_subset,scene-0103_028,-0.5,2,Car,26.294158597397697,0,0,nan
nuscenes_mini_subset,scene-0103_028,-0.5,3,Car,58.474547751229025,0,0,nan
nuscenes_mini_subset,scene-0103_028,-0.5,4,Car,54.958484673711645,0,0,nan
nuscenes_mini_subset,scene-0103_028,-0.5,5,Car,32.00108691155451,4,4,100.0
nuscenes_mini_subset,scene-0103_028,-0.5,6,Car,31.973171129998192,0,0,nan
nuscenes_mini_subset,scene-0103_028,-0.5,7,Car,63.16703348744222,0,0,nan
nuscenes_mini_subset,scene-0103_028,-0.5,8,Car,20.937369045241955,27,27,100.0
nuscenes_mini_subset,scene-0103_028,-0.5,9,Car,37.93504964538628,4,4,100.0
nuscenes_mini_subset,scene-0103_028,-0.5,10,bicycle_rack,21.936297728549956,61,61,100.0
nuscenes_mini_subset,scene-0103_028,-0.5,11,Car,45.64062957330627,2,2,100.0
nuscenes_mini_subset,scene-0103_028,-0.5,12,Pedestrian,29.34280556749474,1,1,100.0
nuscenes_mini_subset,scene-0103_028,-0.5,13,Motorcycle,21.018184394619926,2,2,100.0
nuscenes_mini_subset,scene-0103_028,-0.5,14,Bicycle,40.89586032795756,3,2,66.66666666666667
nuscenes_mini_subset,scene-0103_028,-0.5,15,Car,31.727286999282395,5,5,100.0
nuscenes_mini_subset,scene-0103_028,-0.5,16,Pedestrian,17.602405503579597,9,9,100.0
nuscenes_mini_subset,scene-0103_028,-0.5,17,Truck,37.24211202389979,23,22,95.65217391304348
nuscenes_mini_subset,scene-0103_028,-0.5,18,Pedestrian,45.86903852484228,0,0,nan
nuscenes_mini_subset,scene-0103_028,-0.5,19,Car,60.98748574948529,0,0,nan
nuscenes_mini_subset,scene-0103_028,-0.5,20,Car,43.599609212632664,1,1,100.0
nuscenes_mini_subset,scene-0103_028,-0.5,21,Car,10.22023964345438,3,3,100.0
nuscenes_mini_subset,scene-0103_028,-0.5,22,Car,25.88227609267225,14,14,100.0
nuscenes_mini_subset,scene-0103_028,0,0,Car,33.01906398305615,0,0,nan
nuscenes_mini_subset,scene-0103_028,0,1,Pedestrian,45.77491445417907,0,0,nan
nuscenes_mini_subset,scene-0103_028,0,2,Car,26.294158597397697,0,0,nan
nuscenes_mini_subset,scene-0103_028,0,3,Car,58.474547751229025,0,0,nan
nuscenes_mini_subset,scene-0103_028,0,4,Car,54.958484673711645,0,0,nan
nuscenes_mini_subset,scene-0103_028,0,5,Car,32.00108691155451,4,4,100.0
nuscenes_mini_subset,scene-0103_028,0,6,Car,31.973171129998192,0,0,nan
nuscenes_mini_subset,scene-0103_028,0,7,Car,63.16703348744222,0,0,nan
nuscenes_mini_subset,scene-0103_028,0,8,Car,20.937369045241955,27,27,100.0
nuscenes_mini_subset,scene-0103_028,0,9,Car,37.93504964538628,4,4,100.0
nuscenes_mini_subset,scene-0103_028,0,10,bicycle_rack,21.936297728549956,61,61,100.0
nuscenes_mini_subset,scene-0103_028,0,11,Car,45.64062957330627,2,2,100.0
nuscenes_mini_subset,scene-0103_028,0,12,Pedestrian,29.34280556749474,1,1,100.0
nuscenes_mini_subset,scene-0103_028,0,13,Motorcycle,21.018184394619926,2,2,100.0
nuscenes_mini_subset,scene-0103_028,0,14,Bicycle,40.89586032795756,3,3,100.0
nuscenes_mini_subset,scene-0103_028,0,15,Car,31.727286999282395,5,5,100.0
nuscenes_mini_subset,scene-0103_028,0,16,Pedestrian,17.602405503579597,9,9,100.0
nuscenes_mini_subset,scene-0103_028,0,17,Truck,37.24211202389979,23,23,100.0
nuscenes_mini_subset,scene-0103_028,0,18,Pedestrian,45.86903852484228,0,0,nan
nuscenes_mini_subset,scene-0103_028,0,19,Car,60.98748574948529,0,0,nan
nuscenes_mini_subset,scene-0103_028,0,20,Car,43.599609212632664,1,1,100.0
nuscenes_mini_subset,scene-0103_028,0,21,Car,10.22023964345438,3,3,100.0
nuscenes_mini_subset,scene-0103_028,0,22,Car,25.88227609267225,14,14,100.0
nuscenes_mini_subset,scene-0103_028,0.5,0,Car,33.01906398305615,0,0,nan
nuscenes_mini_subset,scene-0103_028,0.5,1,Pedestrian,45.77491445417907,0,0,nan
nuscenes_mini_subset,scene-0103_028,0.5,2,Car,26.294158597397697,0,0,nan
nuscenes_mini_subset,scene-0103_028,0.5,3,Car,58.474547751229025,0,0,nan
nuscenes_mini_subset,scene-0103_028,0.5,4,Car,54.958484673711645,0,0,nan
nuscenes_mini_subset,scene-0103_028,0.5,5,Car,32.00108691155451,4,4,100.0
nuscenes_mini_subset,scene-0103_028,0.5,6,Car,31.973171129998192,0,0,nan
nuscenes_mini_subset,scene-0103_028,0.5,7,Car,63.16703348744222,0,0,nan
nuscenes_mini_subset,scene-0103_028,0.5,8,Car,20.937369045241955,27,26,96.29629629629629
nuscenes_mini_subset,scene-0103_028,0.5,9,Car,37.93504964538628,4,4,100.0
nuscenes_mini_subset,scene-0103_028,0.5,10,bicycle_rack,21.936297728549956,61,61,100.0
nuscenes_mini_subset,scene-0103_028,0.5,11,Car,45.64062957330627,2,2,100.0
nuscenes_mini_subset,scene-0103_028,0.5,12,Pedestrian,29.34280556749474,1,1,100.0
nuscenes_mini_subset,scene-0103_028,0.5,13,Motorcycle,21.018184394619926,2,2,100.0
nuscenes_mini_subset,scene-0103_028,0.5,14,Bicycle,40.89586032795756,3,2,66.66666666666667
nuscenes_mini_subset,scene-0103_028,0.5,15,Car,31.727286999282395,5,4,80.0
nuscenes_mini_subset,scene-0103_028,0.5,16,Pedestrian,17.602405503579597,9,8,88.88888888888889
nuscenes_mini_subset,scene-0103_028,0.5,17,Truck,37.24211202389979,23,23,100.0
nuscenes_mini_subset,scene-0103_028,0.5,18,Pedestrian,45.86903852484228,0,0,nan
nuscenes_mini_subset,scene-0103_028,0.5,19,Car,60.98748574948529,0,0,nan
nuscenes_mini_subset,scene-0103_028,0.5,20,Car,43.599609212632664,1,1,100.0
nuscenes_mini_subset,scene-0103_028,0.5,21,Car,10.22023964345438,3,1,33.333333333333336
nuscenes_mini_subset,scene-0103_028,0.5,22,Car,25.88227609267225,14,14,100.0
nuscenes_mini_subset,scene-0103_028,1,0,Car,33.01906398305615,0,0,nan
nuscenes_mini_subset,scene-0103_028,1,1,Pedestrian,45.77491445417907,0,0,nan
nuscenes_mini_subset,scene-0103_028,1,2,Car,26.294158597397697,0,0,nan
nuscenes_mini_subset,scene-0103_028,1,3,Car,58.474547751229025,0,0,nan
nuscenes_mini_subset,scene-0103_028,1,4,Car,54.958484673711645,0,0,nan
nuscenes_mini_subset,scene-0103_028,1,5,Car,32.00108691155451,4,4,100.0
nuscenes_mini_subset,scene-0103_028,1,6,Car,31.973171129998192,0,0,nan
nuscenes_mini_subset,scene-0103_028,1,7,Car,63.16703348744222,0,0,nan
nuscenes_mini_subset,scene-0103_028,1,8,Car,20.937369045241955,27,25,92.5925925925926
nuscenes_mini_subset,scene-0103_028,1,9,Car,37.93504964538628,4,4,100.0
nuscenes_mini_subset,scene-0103_028,1,10,bicycle_rack,21.936297728549956,61,60,98.36065573770492
nuscenes_mini_subset,scene-0103_028,1,11,Car,45.64062957330627,2,2,100.0
nuscenes_mini_subset,scene-0103_028,1,12,Pedestrian,29.34280556749474,1,0,0.0
nuscenes_mini_subset,scene-0103_028,1,13,Motorcycle,21.018184394619926,2,1,50.0
nuscenes_mini_subset,scene-0103_028,1,14,Bicycle,40.89586032795756,3,1,33.333333333333336
nuscenes_mini_subset,scene-0103_028,1,15,Car,31.727286999282395,5,3,60.0
nuscenes_mini_subset,scene-0103_028,1,16,Pedestrian,17.602405503579597,9,5,55.55555555555556
nuscenes_mini_subset,scene-0103_028,1,17,Truck,37.24211202389979,23,22,95.65217391304348
nuscenes_mini_subset,scene-0103_028,1,18,Pedestrian,45.86903852484228,0,0,nan
nuscenes_mini_subset,scene-0103_028,1,19,Car,60.98748574948529,0,0,nan
nuscenes_mini_subset,scene-0103_028,1,20,Car,43.599609212632664,1,0,0.0
nuscenes_mini_subset,scene-0103_028,1,21,Car,10.22023964345438,3,0,0.0
nuscenes_mini_subset,scene-0103_028,1,22,Car,25.88227609267225,14,13,92.85714285714286
nuscenes_mini_subset,scene-0103_028,2,0,Car,33.01906398305615,0,0,nan
nuscenes_mini_subset,scene-0103_028,2,1,Pedestrian,45.77491445417907,0,0,nan
nuscenes_mini_subset,scene-0103_028,2,2,Car,26.294158597397697,0,0,nan
nuscenes_mini_subset,scene-0103_028,2,3,Car,58.474547751229025,0,0,nan
nuscenes_mini_subset,scene-0103_028,2,4,Car,54.958484673711645,0,0,nan
nuscenes_mini_subset,scene-0103_028,2,5,Car,32.00108691155451,4,4,100.0
nuscenes_mini_subset,scene-0103_028,2,6,Car,31.973171129998192,0,0,nan
nuscenes_mini_subset,scene-0103_028,2,7,Car,63.16703348744222,0,0,nan
nuscenes_mini_subset,scene-0103_028,2,8,Car,20.937369045241955,27,21,77.77777777777777
nuscenes_mini_subset,scene-0103_028,2,9,Car,37.93504964538628,4,1,25.0
nuscenes_mini_subset,scene-0103_028,2,10,bicycle_rack,21.936297728549956,61,58,95.08196721311475
nuscenes_mini_subset,scene-0103_028,2,11,Car,45.64062957330627,2,2,100.0
nuscenes_mini_subset,scene-0103_028,2,12,Pedestrian,29.34280556749474,1,0,0.0
nuscenes_mini_subset,scene-0103_028,2,13,Motorcycle,21.018184394619926,2,0,0.0
nuscenes_mini_subset,scene-0103_028,2,14,Bicycle,40.89586032795756,3,0,0.0
nuscenes_mini_subset,scene-0103_028,2,15,Car,31.727286999282395,5,0,0.0
nuscenes_mini_subset,scene-0103_028,2,16,Pedestrian,17.602405503579597,9,0,0.0
nuscenes_mini_subset,scene-0103_028,2,17,Truck,37.24211202389979,23,19,82.6086956521739
nuscenes_mini_subset,scene-0103_028,2,18,Pedestrian,45.86903852484228,0,0,nan
nuscenes_mini_subset,scene-0103_028,2,19,Car,60.98748574948529,0,0,nan
nuscenes_mini_subset,scene-0103_028,2,20,Car,43.599609212632664,1,0,0.0
nuscenes_mini_subset,scene-0103_028,2,21,Car,10.22023964345438,3,0,0.0
nuscenes_mini_subset,scene-0103_028,2,22,Car,25.88227609267225,14,12,85.71428571428571
nuscenes_mini_subset,scene-0103_028,3,0,Car,33.01906398305615,0,0,nan
nuscenes_mini_subset,scene-0103_028,3,1,Pedestrian,45.77491445417907,0,0,nan
nuscenes_mini_subset,scene-0103_028,3,2,Car,26.294158597397697,0,0,nan
nuscenes_mini_subset,scene-0103_028,3,3,Car,58.474547751229025,0,0,nan
nuscenes_mini_subset,scene-0103_028,3,4,Car,54.958484673711645,0,0,nan
nuscenes_mini_subset,scene-0103_028,3,5,Car,32.00108691155451,4,4,100.0
nuscenes_mini_subset,scene-0103_028,3,6,Car,31.973171129998192,0,0,nan
nuscenes_mini_subset,scene-0103_028,3,7,Car,63.16703348744222,0,0,nan
nuscenes_mini_subset,scene-0103_028,3,8,Car,20.937369045241955,27,15,55.55555555555556
nuscenes_mini_subset,scene-0103_028,3,9,Car,37.93504964538628,4,0,0.0
nuscenes_mini_subset,scene-0103_028,3,10,bicycle_rack,21.936297728549956,61,55,90.1639344262295
nuscenes_mini_subset,scene-0103_028,3,11,Car,45.64062957330627,2,0,0.0
nuscenes_mini_subset,scene-0103_028,3,12,Pedestrian,29.34280556749474,1,0,0.0
nuscenes_mini_subset,scene-0103_028,3,13,Motorcycle,21.018184394619926,2,0,0.0
nuscenes_mini_subset,scene-0103_028,3,14,Bicycle,40.89586032795756,3,0,0.0
nuscenes_mini_subset,scene-0103_028,3,15,Car,31.727286999282395,5,0,0.0
nuscenes_mini_subset,scene-0103_028,3,16,Pedestrian,17.602405503579597,9,0,0.0
nuscenes_mini_subset,scene-0103_028,3,17,Truck,37.24211202389979,23,15,65.21739130434783
nuscenes_mini_subset,scene-0103_028,3,18,Pedestrian,45.86903852484228,0,0,nan
nuscenes_mini_subset,scene-0103_028,3,19,Car,60.98748574948529,0,0,nan
nuscenes_mini_subset,scene-0103_028,3,20,Car,43.599609212632664,1,0,0.0
nuscenes_mini_subset,scene-0103_028,3,21,Car,10.22023964345438,3,0,0.0
nuscenes_mini_subset,scene-0103_028,3,22,Car,25.88227609267225,14,6,42.857142857142854
nuscenes_mini_subset,scene-0103_029,-3,0,Car,29.84537004450506,0,0,nan
nuscenes_mini_subset,scene-0103_029,-3,1,Pedestrian,43.17741951619913,0,0,nan
nuscenes_mini_subset,scene-0103_029,-3,2,Car,23.090881054802974,0,0,nan
nuscenes_mini_subset,scene-0103_029,-3,3,Car,55.16400042312559,0,0,nan
nuscenes_mini_subset,scene-0103_029,-3,4,Car,51.71402632667717,2,0,0.0
nuscenes_mini_subset,scene-0103_029,-3,5,Car,28.784076144986297,3,2,66.66666666666667
nuscenes_mini_subset,scene-0103_029,-3,6,Car,28.77338354427319,1,0,0.0
nuscenes_mini_subset,scene-0103_029,-3,7,Car,59.85272162383955,0,0,nan
nuscenes_mini_subset,scene-0103_029,-3,8,Car,17.68689933001765,41,24,58.53658536585366
nuscenes_mini_subset,scene-0103_029,-3,9,Car,34.65400310107331,3,1,33.333333333333336
nuscenes_mini_subset,scene-0103_029,-3,10,bicycle_rack,18.621007886626526,80,71,88.75
nuscenes_mini_subset,scene-0103_029,-3,11,Car,42.33315083746765,2,0,0.0
nuscenes_mini_subset,scene-0103_029,-3,12,Pedestrian,26.640989750680948,0,0,nan
nuscenes_mini_subset,scene-0103_029,-3,13,Motorcycle,17.790403979657583,5,0,0.0
nuscenes_mini_subset,scene-0103_029,-3,14,Bicycle,34.65520603779436,5,0,0.0
nuscenes_mini_subset,scene-0103_029,-3,15,Car,28.47819453685735,3,3,100.0
nuscenes_mini_subset,scene-0103_029,-3,16,Pedestrian,15.062088586394655,5,0,0.0
nuscenes_mini_subset,scene-0103_029,-3,17,Truck,33.92937250757574,26,9,34.61538461538461
nuscenes_mini_subset,scene-0103_029,-3,18,Pedestrian,43.27929965423534,0,0,nan
nuscenes_mini_subset,scene-0103_029,-3,19,Car,57.73810398312965,1,0,0.0
nuscenes_mini_subset,scene-0103_029,-3,20,Car,40.351572806627686,0,0,nan
nuscenes_mini_subset,scene-0103_029,-3,21,Car,22.619645554319987,11,11,100.0
nuscenes_mini_subset,scene-0103_029,-2,0,Car,29.84537004450506,0,0,nan
nuscenes_mini_subset,scene-0103_029,-2,1,Pedestrian,43.17741951619913,0,0,nan
nuscenes_mini_subset,scene-0103_029,-2,2,Car,23.090881054802974,0,0,nan
nuscenes_mini_subset,scene-0103_029,-2,3,Car,55.16400042312559,0,0,nan
nuscenes_mini_subset,scene-0103_029,-2,4,Car,51.71402632667717,2,0,0.0
nuscenes_mini_subset,scene-0103_029,-2,5,Car,28.784076144986297,3,3,100.0
nuscenes_mini_subset,scene-0103_029,-2,6,Car,28.77338354427319,1,0,0.0
nuscenes_mini_subset,scene-0103_029,-2,7,Car,59.85272162383955,0,0,nan
nuscenes_mini_subset,scene-0103_029,-2,8,Car,17.68689933001765,41,30,73.17073170731707
nuscenes_mini_subset,scene-0103_029,-2,9,Car,34.65400310107331,3,3,100.0
nuscenes_mini_subset,scene-0103_029,-2,10,bicycle_rack,18.621007886626526,80,74,92.5
nuscenes_mini_subset,scene-0103_029,-2,11,Car,42.33315083746765,2,0,0.0
nuscenes_mini_subset,scene-0103_029,-2,12,Pedestrian,26.640989750680948,0,0,nan
nuscenes_mini_subset,scene-0103_029,-2,13,Motorcycle,17.790403979657583,5,0,0.0
nuscenes_mini_subset,scene-0103_029,-2,14,Bicycle,34.65520603779436,5,0,0.0
nuscenes_mini_subset,scene-0103_029,-2,15,Car,28.47819453685735,3,3,100.0
nuscenes_mini_subset,scene-0103_029,-2,16,Pedestrian,15.062088586394655,5,0,0.0
nuscenes_mini_subset,scene-0103_029,-2,17,Truck,33.92937250757574,26,13,50.0
nuscenes_mini_subset,scene-0103_029,-2,18,Pedestrian,43.27929965423534,0,0,nan
nuscenes_mini_subset,scene-0103_029,-2,19,Car,57.73810398312965,1,0,0.0
nuscenes_mini_subset,scene-0103_029,-2,20,Car,40.351572806627686,0,0,nan
nuscenes_mini_subset,scene-0103_029,-2,21,Car,22.619645554319987,11,11,100.0
nuscenes_mini_subset,scene-0103_029,-1,0,Car,29.84537004450506,0,0,nan
nuscenes_mini_subset,scene-0103_029,-1,1,Pedestrian,43.17741951619913,0,0,nan
nuscenes_mini_subset,scene-0103_029,-1,2,Car,23.090881054802974,0,0,nan
nuscenes_mini_subset,scene-0103_029,-1,3,Car,55.16400042312559,0,0,nan
nuscenes_mini_subset,scene-0103_029,-1,4,Car,51.71402632667717,2,2,100.0
nuscenes_mini_subset,scene-0103_029,-1,5,Car,28.784076144986297,3,3,100.0
nuscenes_mini_subset,scene-0103_029,-1,6,Car,28.77338354427319,1,0,0.0
nuscenes_mini_subset,scene-0103_029,-1,7,Car,59.85272162383955,0,0,nan
nuscenes_mini_subset,scene-0103_029,-1,8,Car,17.68689933001765,41,38,92.6829268292683
nuscenes_mini_subset,scene-0103_029,-1,9,Car,34.65400310107331,3,3,100.0
nuscenes_mini_subset,scene-0103_029,-1,10,bicycle_rack,18.621007886626526,80,79,98.75
nuscenes_mini_subset,scene-0103_029,-1,11,Car,42.33315083746765,2,2,100.0
nuscenes_mini_subset,scene-0103_029,-1,12,Pedestrian,26.640989750680948,0,0,nan
nuscenes_mini_subset,scene-0103_029,-1,13,Motorcycle,17.790403979657583,5,4,80.0
nuscenes_mini_subset,scene-0103_029,-1,14,Bicycle,34.65520603779436,5,2,40.0
nuscenes_mini_subset,scene-0103_029,-1,15,Car,28.47819453685735,3,3,100.0
nuscenes_mini_subset,scene-0103_029,-1,16,Pedestrian,15.062088586394655,5,5,100.0
nuscenes_mini_subset,scene-0103_029,-1,17,Truck,33.92937250757574,26,22,84.61538461538461
nuscenes_mini_subset,scene-0103_029,-1,18,Pedestrian,43.27929965423534,0,0,nan
nuscenes_mini_subset,scene-0103_029,-1,19,Car,57.73810398312965,1,0,0.0
nuscenes_mini_subset,scene-0103_029,-1,20,Car,40.351572806627686,0,0,nan
nuscenes_mini_subset,scene-0103_029,-1,21,Car,22.619645554319987,11,11,100.0
nuscenes_mini_subset,scene-0103_029,-0.5,0,Car,29.84537004450506,0,0,nan
nuscenes_mini_subset,scene-0103_029,-0.5,1,Pedestrian,43.17741951619913,0,0,nan
nuscenes_mini_subset,scene-0103_029,-0.5,2,Car,23.090881054802974,0,0,nan
nuscenes_mini_subset,scene-0103_029,-0.5,3,Car,55.16400042312559,0,0,nan
nuscenes_mini_subset,scene-0103_029,-0.5,4,Car,51.71402632667717,2,2,100.0
nuscenes_mini_subset,scene-0103_029,-0.5,5,Car,28.784076144986297,3,3,100.0
nuscenes_mini_subset,scene-0103_029,-0.5,6,Car,28.77338354427319,1,1,100.0
nuscenes_mini_subset,scene-0103_029,-0.5,7,Car,59.85272162383955,0,0,nan
nuscenes_mini_subset,scene-0103_029,-0.5,8,Car,17.68689933001765,41,41,100.0
nuscenes_mini_subset,scene-0103_029,-0.5,9,Car,34.65400310107331,3,3,100.0
nuscenes_mini_subset,scene-0103_029,-0.5,10,bicycle_rack,18.621007886626526,80,80,100.0
nuscenes_mini_subset,scene-0103_029,-0.5,11,Car,42.33315083746765,2,2,100.0
nuscenes_mini_subset,scene-0103_029,-0.5,12,Pedestrian,26.640989750680948,0,0,nan
nuscenes_mini_subset,scene-0103_029,-0.5,13,Motorcycle,17.790403979657583,5,5,100.0
nuscenes_mini_subset,scene-0103_029,-0.5,14,Bicycle,34.65520603779436,5,4,80.0
nuscenes_mini_subset,scene-0103_029,-0.5,15,Car,28.47819453685735,3,3,100.0
nuscenes_mini_subset,scene-0103_029,-0.5,16,Pedestrian,15.062088586394655,5,5,100.0
nuscenes_mini_subset,scene-0103_029,-0.5,17,Truck,33.92937250757574,26,26,100.0
nuscenes_mini_subset,scene-0103_029,-0.5,18,Pedestrian,43.27929965423534,0,0,nan
nuscenes_mini_subset,scene-0103_029,-0.5,19,Car,57.73810398312965,1,1,100.0
nuscenes_mini_subset,scene-0103_029,-0.5,20,Car,40.351572806627686,0,0,nan
nuscenes_mini_subset,scene-0103_029,-0.5,21,Car,22.619645554319987,11,11,100.0
nuscenes_mini_subset,scene-0103_029,0,0,Car,29.84537004450506,0,0,nan
nuscenes_mini_subset,scene-0103_029,0,1,Pedestrian,43.17741951619913,0,0,nan
nuscenes_mini_subset,scene-0103_029,0,2,Car,23.090881054802974,0,0,nan
nuscenes_mini_subset,scene-0103_029,0,3,Car,55.16400042312559,0,0,nan
nuscenes_mini_subset,scene-0103_029,0,4,Car,51.71402632667717,2,2,100.0
nuscenes_mini_subset,scene-0103_029,0,5,Car,28.784076144986297,3,3,100.0
nuscenes_mini_subset,scene-0103_029,0,6,Car,28.77338354427319,1,1,100.0
nuscenes_mini_subset,scene-0103_029,0,7,Car,59.85272162383955,0,0,nan
nuscenes_mini_subset,scene-0103_029,0,8,Car,17.68689933001765,41,41,100.0
nuscenes_mini_subset,scene-0103_029,0,9,Car,34.65400310107331,3,3,100.0
nuscenes_mini_subset,scene-0103_029,0,10,bicycle_rack,18.621007886626526,80,80,100.0
nuscenes_mini_subset,scene-0103_029,0,11,Car,42.33315083746765,2,2,100.0
nuscenes_mini_subset,scene-0103_029,0,12,Pedestrian,26.640989750680948,0,0,nan
nuscenes_mini_subset,scene-0103_029,0,13,Motorcycle,17.790403979657583,5,5,100.0
nuscenes_mini_subset,scene-0103_029,0,14,Bicycle,34.65520603779436,5,5,100.0
nuscenes_mini_subset,scene-0103_029,0,15,Car,28.47819453685735,3,3,100.0
nuscenes_mini_subset,scene-0103_029,0,16,Pedestrian,15.062088586394655,5,5,100.0
nuscenes_mini_subset,scene-0103_029,0,17,Truck,33.92937250757574,26,26,100.0
nuscenes_mini_subset,scene-0103_029,0,18,Pedestrian,43.27929965423534,0,0,nan
nuscenes_mini_subset,scene-0103_029,0,19,Car,57.73810398312965,1,1,100.0
nuscenes_mini_subset,scene-0103_029,0,20,Car,40.351572806627686,0,0,nan
nuscenes_mini_subset,scene-0103_029,0,21,Car,22.619645554319987,11,11,100.0
nuscenes_mini_subset,scene-0103_029,0.5,0,Car,29.84537004450506,0,0,nan
nuscenes_mini_subset,scene-0103_029,0.5,1,Pedestrian,43.17741951619913,0,0,nan
nuscenes_mini_subset,scene-0103_029,0.5,2,Car,23.090881054802974,0,0,nan
nuscenes_mini_subset,scene-0103_029,0.5,3,Car,55.16400042312559,0,0,nan
nuscenes_mini_subset,scene-0103_029,0.5,4,Car,51.71402632667717,2,2,100.0
nuscenes_mini_subset,scene-0103_029,0.5,5,Car,28.784076144986297,3,3,100.0
nuscenes_mini_subset,scene-0103_029,0.5,6,Car,28.77338354427319,1,1,100.0
nuscenes_mini_subset,scene-0103_029,0.5,7,Car,59.85272162383955,0,0,nan
nuscenes_mini_subset,scene-0103_029,0.5,8,Car,17.68689933001765,41,41,100.0
nuscenes_mini_subset,scene-0103_029,0.5,9,Car,34.65400310107331,3,3,100.0
nuscenes_mini_subset,scene-0103_029,0.5,10,bicycle_rack,18.621007886626526,80,77,96.25
nuscenes_mini_subset,scene-0103_029,0.5,11,Car,42.33315083746765,2,2,100.0
nuscenes_mini_subset,scene-0103_029,0.5,12,Pedestrian,26.640989750680948,0,0,nan
nuscenes_mini_subset,scene-0103_029,0.5,13,Motorcycle,17.790403979657583,5,5,100.0
nuscenes_mini_subset,scene-0103_029,0.5,14,Bicycle,34.65520603779436,5,3,60.0
nuscenes_mini_subset,scene-0103_029,0.5,15,Car,28.47819453685735,3,3,100.0
nuscenes_mini_subset,scene-0103_029,0.5,16,Pedestrian,15.062088586394655,5,5,100.0
nuscenes_mini_subset,scene-0103_029,0.5,17,Truck,33.92937250757574,26,26,100.0
nuscenes_mini_subset,scene-0103_029,0.5,18,Pedestrian,43.27929965423534,0,0,nan
nuscenes_mini_subset,scene-0103_029,0.5,19,Car,57.73810398312965,1,1,100.0
nuscenes_mini_subset,scene-0103_029,0.5,20,Car,40.351572806627686,0,0,nan
nuscenes_mini_subset,scene-0103_029,0.5,21,Car,22.619645554319987,11,11,100.0
nuscenes_mini_subset,scene-0103_029,1,0,Car,29.84537004450506,0,0,nan
nuscenes_mini_subset,scene-0103_029,1,1,Pedestrian,43.17741951619913,0,0,nan
nuscenes_mini_subset,scene-0103_029,1,2,Car,23.090881054802974,0,0,nan
nuscenes_mini_subset,scene-0103_029,1,3,Car,55.16400042312559,0,0,nan
nuscenes_mini_subset,scene-0103_029,1,4,Car,51.71402632667717,2,1,50.0
nuscenes_mini_subset,scene-0103_029,1,5,Car,28.784076144986297,3,3,100.0
nuscenes_mini_subset,scene-0103_029,1,6,Car,28.77338354427319,1,1,100.0
nuscenes_mini_subset,scene-0103_029,1,7,Car,59.85272162383955,0,0,nan
nuscenes_mini_subset,scene-0103_029,1,8,Car,17.68689933001765,41,39,95.1219512195122
nuscenes_mini_subset,scene-0103_029,1,9,Car,34.65400310107331,3,3,100.0
nuscenes_mini_subset,scene-0103_029,1,10,bicycle_rack,18.621007886626526,80,73,91.25
nuscenes_mini_subset,scene-0103_029,1,11,Car,42.33315083746765,2,2,100.0
nuscenes_mini_subset,scene-0103_029,1,12,Pedestrian,26.640989750680948,0,0,nan
nuscenes_mini_subset,scene-0103_029,1,13,Motorcycle,17.790403979657583,5,4,80.0
nuscenes_mini_subset,scene-0103_029,1,14,Bicycle,34.65520603779436,5,1,20.0
nuscenes_mini_subset,scene-0103_029,1,15,Car,28.47819453685735,3,3,100.0
nuscenes_mini_subset,scene-0103_029,1,16,Pedestrian,15.062088586394655,5,3,60.0
nuscenes_mini_subset,scene-0103_029,1,17,Truck,33.92937250757574,26,26,100.0
nuscenes_mini_subset,scene-0103_029,1,18,Pedestrian,43.27929965423534,0,0,nan
nuscenes_mini_subset,scene-0103_029,1,19,Car,57.73810398312965,1,1,100.0
nuscenes_mini_subset,scene-0103_029,1,20,Car,40.351572806627686,0,0,nan
nuscenes_mini_subset,scene-0103_029,1,21,Car,22.619645554319987,11,10,90.9090909090909
nuscenes_mini_subset,scene-0103_029,2,0,Car,29.84537004450506,0,0,nan
nuscenes_mini_subset,scene-0103_029,2,1,Pedestrian,43.17741951619913,0,0,nan
nuscenes_mini_subset,scene-0103_029,2,2,Car,23.090881054802974,0,0,nan
nuscenes_mini_subset,scene-0103_029,2,3,Car,55.16400042312559,0,0,nan
nuscenes_mini_subset,scene-0103_029,2,4,Car,51.71402632667717,2,0,0.0
nuscenes_mini_subset,scene-0103_029,2,5,Car,28.784076144986297,3,3,100.0
nuscenes_mini_subset,scene-0103_029,2,6,Car,28.77338354427319,1,1,100.0
nuscenes_mini_subset,scene-0103_029,2,7,Car,59.85272162383955,0,0,nan
nuscenes_mini_subset,scene-0103_029,2,8,Car,17.68689933001765,41,33,80.48780487804878
nuscenes_mini_subset,scene-0103_029,2,9,Car,34.65400310107331,3,0,0.0
nuscenes_mini_subset,scene-0103_029,2,10,bicycle_rack,18.621007886626526,80,65,81.25
nuscenes_mini_subset,scene-0103_029,2,11,Car,42.33315083746765,2,2,100.0
nuscenes_mini_subset,scene-0103_029,2,12,Pedestrian,26.640989750680948,0,0,nan
nuscenes_mini_subset,scene-0103_029,2,13,Motorcycle,17.790403979657583,5,1,20.0
nuscenes_mini_subset,scene-0103_029,2,14,Bicycle,34.65520603779436,5,0,0.0
nuscenes_mini_subset,scene-0103_029,2,15,Car,28.47819453685735,3,0,0.0
nuscenes_mini_subset,scene-0103_029,2,16,Pedestrian,15.062088586394655,5,0,0.0
nuscenes_mini_subset,scene-0103_029,2,17,Truck,33.92937250757574,26,23,88.46153846153847
nuscenes_mini_subset,scene-0103_029,2,18,Pedestrian,43.27929965423534,0,0,nan
nuscenes_mini_subset,scene-0103_029,2,19,Car,57.73810398312965,1,0,0.0
nuscenes_mini_subset,scene-0103_029,2,20,Car,40.351572806627686,0,0,nan
nuscenes_mini_subset,scene-0103_029,2,21,Car,22.619645554319987,11,10,90.9090909090909
nuscenes_mini_subset,scene-0103_029,3,0,Car,29.84537004450506,0,0,nan
nuscenes_mini_subset,scene-0103_029,3,1,Pedestrian,43.17741951619913,0,0,nan
nuscenes_mini_subset,scene-0103_029,3,2,Car,23.090881054802974,0,0,nan
nuscenes_mini_subset,scene-0103_029,3,3,Car,55.16400042312559,0,0,nan
nuscenes_mini_subset,scene-0103_029,3,4,Car,51.71402632667717,2,0,0.0
nuscenes_mini_subset,scene-0103_029,3,5,Car,28.784076144986297,3,3,100.0
nuscenes_mini_subset,scene-0103_029,3,6,Car,28.77338354427319,1,1,100.0
nuscenes_mini_subset,scene-0103_029,3,7,Car,59.85272162383955,0,0,nan
nuscenes_mini_subset,scene-0103_029,3,8,Car,17.68689933001765,41,26,63.41463414634146
nuscenes_mini_subset,scene-0103_029,3,9,Car,34.65400310107331,3,0,0.0
nuscenes_mini_subset,scene-0103_029,3,10,bicycle_rack,18.621007886626526,80,57,71.25
nuscenes_mini_subset,scene-0103_029,3,11,Car,42.33315083746765,2,0,0.0
nuscenes_mini_subset,scene-0103_029,3,12,Pedestrian,26.640989750680948,0,0,nan
nuscenes_mini_subset,scene-0103_029,3,13,Motorcycle,17.790403979657583,5,0,0.0
nuscenes_mini_subset,scene-0103_029,3,14,Bicycle,34.65520603779436,5,0,0.0
nuscenes_mini_subset,scene-0103_029,3,15,Car,28.47819453685735,3,0,0.0
nuscenes_mini_subset,scene-0103_029,3,16,Pedestrian,15.062088586394655,5,0,0.0
nuscenes_mini_subset,scene-0103_029,3,17,Truck,33.92937250757574,26,20,76.92307692307692
nuscenes_mini_subset,scene-0103_029,3,18,Pedestrian,43.27929965423534,0,0,nan
nuscenes_mini_subset,scene-0103_029,3,19,Car,57.73810398312965,1,0,0.0
nuscenes_mini_subset,scene-0103_029,3,20,Car,40.351572806627686,0,0,nan
nuscenes_mini_subset,scene-0103_029,3,21,Car,22.619645554319987,11,5,45.45454545454545
nuscenes_mini_subset,scene-0103_030,-3,0,Car,26.740908940673574,0,0,nan
nuscenes_mini_subset,scene-0103_030,-3,1,Pedestrian,40.68997415604687,0,0,nan
nuscenes_mini_subset,scene-0103_030,-3,2,Car,51.95932088023088,2,0,0.0
nuscenes_mini_subset,scene-0103_030,-3,3,Car,48.556883519281946,0,0,nan
nuscenes_mini_subset,scene-0103_030,-3,4,Car,25.64578566457621,6,4,66.66666666666667
nuscenes_mini_subset,scene-0103_030,-3,5,Car,25.646869909488085,0,0,nan
nuscenes_mini_subset,scene-0103_030,-3,6,Car,56.64755055565213,0,0,nan
nuscenes_mini_subset,scene-0103_030,-3,7,Car,14.522438024526448,66,43,65.15151515151516
nuscenes_mini_subset,scene-0103_030,-3,8,Car,31.45920887942319,3,2,66.66666666666667
nuscenes_mini_subset,scene-0103_030,-3,9,bicycle_rack,15.428549087300604,59,50,84.7457627118644
nuscenes_mini_subset,scene-0103_030,-3,10,Car,39.122549733984954,1,0,0.0
nuscenes_mini_subset,scene-0103_030,-3,11,Pedestrian,24.047551172919135,1,0,0.0
nuscenes_mini_subset,scene-0103_030,-3,12,Motorcycle,14.622240888170005,0,0,nan
nuscenes_mini_subset,scene-0103_030,-3,13,Bicycle,28.854225213961197,7,0,0.0
nuscenes_mini_subset,scene-0103_030,-3,14,Car,25.315665987356972,20,16,80.0
nuscenes_mini_subset,scene-0103_030,-3,15,Truck,30.717534485217605,43,21,48.83720930232558
nuscenes_mini_subset,scene-0103_030,-3,16,Pedestrian,40.800215024397815,0,0,nan
nuscenes_mini_subset,scene-0103_030,-3,17,Car,54.58367181912114,0,0,nan
nuscenes_mini_subset,scene-0103_030,-3,18,Car,37.19101475193659,0,0,nan
nuscenes_mini_subset,scene-0103_030,-3,19,Car,19.444217560233646,30,27,90.0
nuscenes_mini_subset,scene-0103_030,-2,0,Car,26.740908940673574,0,0,nan
nuscenes_mini_subset,scene-0103_030,-2,1,Pedestrian,40.68997415604687,0,0,nan
nuscenes_mini_subset,scene-0103_030,-2,2,Car,51.95932088023088,2,1,50.0
nuscenes_mini_subset,scene-0103_030,-2,3,Car,48.556883519281946,0,0,nan
nuscenes_mini_subset,scene-0103_030,-2,4,Car,25.64578566457621,6,5,83.33333333333333
nuscenes_mini_subset,scene-0103_030,-2,5,Car,25.646869909488085,0,0,nan
nuscenes_mini_subset,scene-0103_030,-2,6,Car,56.64755055565213,0,0,nan
nuscenes_mini_subset,scene-0103_030,-2,7,Car,14.522438024526448,66,54,81.81818181818181
nuscenes_mini_subset,scene-0103_030,-2,8,Car,31.45920887942319,3,3,100.0
nuscenes_mini_subset,scene-0103_030,-2,9,bicycle_rack,15.428549087300604,59,53,89.83050847457628
nuscenes_mini_subset,scene-0103_030,-2,10,Car,39.122549733984954,1,0,0.0
nuscenes_mini_subset,scene-0103_030,-2,11,Pedestrian,24.047551172919135,1,0,0.0
nuscenes_mini_subset,scene-0103_030,-2,12,Motorcycle,14.622240888170005,0,0,nan
nuscenes_mini_subset,scene-0103_030,-2,13,Bicycle,28.854225213961197,7,0,0.0
nuscenes_mini_subset,scene-0103_030,-2,14,Car,25.315665987356972,20,19,95.0
nuscenes_mini_subset,scene-0103_030,-2,15,Truck,30.717534485217605,43,30,69.76744186046511
nuscenes_mini_subset,scene-0103_030,-2,16,Pedestrian,40.800215024397815,0,0,nan
nuscenes_mini_subset,scene-0103_030,-2,17,Car,54.58367181912114,0,0,nan
nuscenes_mini_subset,scene-0103_030,-2,18,Car,37.19101475193659,0,0,nan
nuscenes_mini_subset,scene-0103_030,-2,19,Car,19.444217560233646,30,30,100.0
nuscenes_mini_subset,scene-0103_030,-1,0,Car,26.740908940673574,0,0,nan
nuscenes_mini_subset,scene-0103_030,-1,1,Pedestrian,40.68997415604687,0,0,nan
nuscenes_mini_subset,scene-0103_030,-1,2,Car,51.95932088023088,2,1,50.0
nuscenes_mini_subset,scene-0103_030,-1,3,Car,48.556883519281946,0,0,nan
nuscenes_mini_subset,scene-0103_030,-1,4,Car,25.64578566457621,6,5,83.33333333333333
nuscenes_mini_subset,scene-0103_030,-1,5,Car,25.646869909488085,0,0,nan
nuscenes_mini_subset,scene-0103_030,-1,6,Car,56.64755055565213,0,0,nan
nuscenes_mini_subset,scene-0103_030,-1,7,Car,14.522438024526448,66,63,95.45454545454545
nuscenes_mini_subset,scene-0103_030,-1,8,Car,31.45920887942319,3,3,100.0
nuscenes_mini_subset,scene-0103_030,-1,9,bicycle_rack,15.428549087300604,59,59,100.0
nuscenes_mini_subset,scene-0103_030,-1,10,Car,39.122549733984954,1,0,0.0
nuscenes_mini_subset,scene-0103_030,-1,11,Pedestrian,24.047551172919135,1,0,0.0
nuscenes_mini_subset,scene-0103_030,-1,12,Motorcycle,14.622240888170005,0,0,nan
nuscenes_mini_subset,scene-0103_030,-1,13,Bicycle,28.854225213961197,7,4,57.142857142857146
nuscenes_mini_subset,scene-0103_030,-1,14,Car,25.315665987356972,20,20,100.0
nuscenes_mini_subset,scene-0103_030,-1,15,Truck,30.717534485217605,43,40,93.02325581395348
nuscenes_mini_subset,scene-0103_030,-1,16,Pedestrian,40.800215024397815,0,0,nan
nuscenes_mini_subset,scene-0103_030,-1,17,Car,54.58367181912114,0,0,nan
nuscenes_mini_subset,scene-0103_030,-1,18,Car,37.19101475193659,0,0,nan
nuscenes_mini_subset,scene-0103_030,-1,19,Car,19.444217560233646,30,30,100.0
nuscenes_mini_subset,scene-0103_030,-0.5,0,Car,26.740908940673574,0,0,nan
nuscenes_mini_subset,scene-0103_030,-0.5,1,Pedestrian,40.68997415604687,0,0,nan
nuscenes_mini_subset,scene-0103_030,-0.5,2,Car,51.95932088023088,2,2,100.0
nuscenes_mini_subset,scene-0103_030,-0.5,3,Car,48.556883519281946,0,0,nan
nuscenes_mini_subset,scene-0103_030,-0.5,4,Car,25.64578566457621,6,6,100.0
nuscenes_mini_subset,scene-0103_030,-0.5,5,Car,25.646869909488085,0,0,nan
nuscenes_mini_subset,scene-0103_030,-0.5,6,Car,56.64755055565213,0,0,nan
nuscenes_mini_subset,scene-0103_030,-0.5,7,Car,14.522438024526448,66,66,100.0
nuscenes_mini_subset,scene-0103_030,-0.5,8,Car,31.45920887942319,3,3,100.0
nuscenes_mini_subset,scene-0103_030,-0.5,9,bicycle_rack,15.428549087300604,59,59,100.0
nuscenes_mini_subset,scene-0103_030,-0.5,10,Car,39.122549733984954,1,1,100.0
nuscenes_mini_subset,scene-0103_030,-0.5,11,Pedestrian,24.047551172919135,1,1,100.0
nuscenes_mini_subset,scene-0103_030,-0.5,12,Motorcycle,14.622240888170005,0,0,nan
nuscenes_mini_subset,scene-0103_030,-0.5,13,Bicycle,28.854225213961197,7,6,85.71428571428571
nuscenes_mini_subset,scene-0103_030,-0.5,14,Car,25.315665987356972,20,20,100.0
nuscenes_mini_subset,scene-0103_030,-0.5,15,Truck,30.717534485217605,43,42,97.67441860465117
nuscenes_mini_subset,scene-0103_030,-0.5,16,Pedestrian,40.800215024397815,0,0,nan
nuscenes_mini_subset,scene-0103_030,-0.5,17,Car,54.58367181912114,0,0,nan
nuscenes_mini_subset,scene-0103_030,-0.5,18,Car,37.19101475193659,0,0,nan
nuscenes_mini_subset,scene-0103_030,-0.5,19,Car,19.444217560233646,30,30,100.0
nuscenes_mini_subset,scene-0103_030,0,0,Car,26.740908940673574,0,0,nan
nuscenes_mini_subset,scene-0103_030,0,1,Pedestrian,40.68997415604687,0,0,nan
nuscenes_mini_subset,scene-0103_030,0,2,Car,51.95932088023088,2,2,100.0
nuscenes_mini_subset,scene-0103_030,0,3,Car,48.556883519281946,0,0,nan
nuscenes_mini_subset,scene-0103_030,0,4,Car,25.64578566457621,6,6,100.0
nuscenes_mini_subset,scene-0103_030,0,5,Car,25.646869909488085,0,0,nan
nuscenes_mini_subset,scene-0103_030,0,6,Car,56.64755055565213,0,0,nan
nuscenes_mini_subset,scene-0103_030,0,7,Car,14.522438024526448,66,66,100.0
nuscenes_mini_subset,scene-0103_030,0,8,Car,31.45920887942319,3,3,100.0
nuscenes_mini_subset,scene-0103_030,0,9,bicycle_rack,15.428549087300604,59,59,100.0
nuscenes_mini_subset,scene-0103_030,0,10,Car,39.122549733984954,1,1,100.0
nuscenes_mini_subset,scene-0103_030,0,11,Pedestrian,24.047551172919135,1,1,100.0
nuscenes_mini_subset,scene-0103_030,0,12,Motorcycle,14.622240888170005,0,0,nan
nuscenes_mini_subset,scene-0103_030,0,13,Bicycle,28.854225213961197,7,7,100.0
nuscenes_mini_subset,scene-0103_030,0,14,Car,25.315665987356972,20,20,100.0
nuscenes_mini_subset,scene-0103_030,0,15,Truck,30.717534485217605,43,43,100.0
nuscenes_mini_subset,scene-0103_030,0,16,Pedestrian,40.800215024397815,0,0,nan
nuscenes_mini_subset,scene-0103_030,0,17,Car,54.58367181912114,0,0,nan
nuscenes_mini_subset,scene-0103_030,0,18,Car,37.19101475193659,0,0,nan
nuscenes_mini_subset,scene-0103_030,0,19,Car,19.444217560233646,30,30,100.0
nuscenes_mini_subset,scene-0103_030,0.5,0,Car,26.740908940673574,0,0,nan
nuscenes_mini_subset,scene-0103_030,0.5,1,Pedestrian,40.68997415604687,0,0,nan
nuscenes_mini_subset,scene-0103_030,0.5,2,Car,51.95932088023088,2,2,100.0
nuscenes_mini_subset,scene-0103_030,0.5,3,Car,48.556883519281946,0,0,nan
nuscenes_mini_subset,scene-0103_030,0.5,4,Car,25.64578566457621,6,6,100.0
nuscenes_mini_subset,scene-0103_030,0.5,5,Car,25.646869909488085,0,0,nan
nuscenes_mini_subset,scene-0103_030,0.5,6,Car,56.64755055565213,0,0,nan
nuscenes_mini_subset,scene-0103_030,0.5,7,Car,14.522438024526448,66,66,100.0
nuscenes_mini_subset,scene-0103_030,0.5,8,Car,31.45920887942319,3,3,100.0
nuscenes_mini_subset,scene-0103_030,0.5,9,bicycle_rack,15.428549087300604,59,54,91.52542372881356
nuscenes_mini_subset,scene-0103_030,0.5,10,Car,39.122549733984954,1,1,100.0
nuscenes_mini_subset,scene-0103_030,0.5,11,Pedestrian,24.047551172919135,1,1,100.0
nuscenes_mini_subset,scene-0103_030,0.5,12,Motorcycle,14.622240888170005,0,0,nan
nuscenes_mini_subset,scene-0103_030,0.5,13,Bicycle,28.854225213961197,7,7,100.0
nuscenes_mini_subset,scene-0103_030,0.5,14,Car,25.315665987356972,20,19,95.0
nuscenes_mini_subset,scene-0103_030,0.5,15,Truck,30.717534485217605,43,43,100.0
nuscenes_mini_subset,scene-0103_030,0.5,16,Pedestrian,40.800215024397815,0,0,nan
nuscenes_mini_subset,scene-0103_030,0.5,17,Car,54.58367181912114,0,0,nan
nuscenes_mini_subset,scene-0103_030,0.5,18,Car,37.19101475193659,0,0,nan
nuscenes_mini_subset,scene-0103_030,0.5,19,Car,19.444217560233646,30,30,100.0
nuscenes_mini_subset,scene-0103_030,1,0,Car,26.740908940673574,0,0,nan
nuscenes_mini_subset,scene-0103_030,1,1,Pedestrian,40.68997415604687,0,0,nan
nuscenes_mini_subset,scene-0103_030,1,2,Car,51.95932088023088,2,1,50.0
nuscenes_mini_subset,scene-0103_030,1,3,Car,48.556883519281946,0,0,nan
nuscenes_mini_subset,scene-0103_030,1,4,Car,25.64578566457621,6,6,100.0
nuscenes_mini_subset,scene-0103_030,1,5,Car,25.646869909488085,0,0,nan
nuscenes_mini_subset,scene-0103_030,1,6,Car,56.64755055565213,0,0,nan
nuscenes_mini_subset,scene-0103_030,1,7,Car,14.522438024526448,66,64,96.96969696969697
nuscenes_mini_subset,scene-0103_030,1,8,Car,31.45920887942319,3,3,100.0
nuscenes_mini_subset,scene-0103_030,1,9,bicycle_rack,15.428549087300604,59,52,88.13559322033899
nuscenes_mini_subset,scene-0103_030,1,10,Car,39.122549733984954,1,1,100.0
nuscenes_mini_subset,scene-0103_030,1,11,Pedestrian,24.047551172919135,1,1,100.0
nuscenes_mini_subset,scene-0103_030,1,12,Motorcycle,14.622240888170005,0,0,nan
nuscenes_mini_subset,scene-0103_030,1,13,Bicycle,28.854225213961197,7,3,42.857142857142854
nuscenes_mini_subset,scene-0103_030,1,14,Car,25.315665987356972,20,17,85.0
nuscenes_mini_subset,scene-0103_030,1,15,Truck,30.717534485217605,43,43,100.0
nuscenes_mini_subset,scene-0103_030,1,16,Pedestrian,40.800215024397815,0,0,nan
nuscenes_mini_subset,scene-0103_030,1,17,Car,54.58367181912114,0,0,nan
nuscenes_mini_subset,scene-0103_030,1,18,Car,37.19101475193659,0,0,nan
nuscenes_mini_subset,scene-0103_030,1,19,Car,19.444217560233646,30,28,93.33333333333333
nuscenes_mini_subset,scene-0103_030,2,0,Car,26.740908940673574,0,0,nan
nuscenes_mini_subset,scene-0103_030,2,1,Pedestrian,40.68997415604687,0,0,nan
nuscenes_mini_subset,scene-0103_030,2,2,Car,51.95932088023088,2,0,0.0
nuscenes_mini_subset,scene-0103_030,2,3,Car,48.556883519281946,0,0,nan
nuscenes_mini_subset,scene-0103_030,2,4,Car,25.64578566457621,6,6,100.0
nuscenes_mini_subset,scene-0103_030,2,5,Car,25.646869909488085,0,0,nan
nuscenes_mini_subset,scene-0103_030,2,6,Car,56.64755055565213,0,0,nan
nuscenes_mini_subset,scene-0103_030,2,7,Car,14.522438024526448,66,58,87.87878787878788
nuscenes_mini_subset,scene-0103_030,2,8,Car,31.45920887942319,3,1,33.333333333333336
nuscenes_mini_subset,scene-0103_030,2,9,bicycle_rack,15.428549087300604,59,47,79.66101694915254
nuscenes_mini_subset,scene-0103_030,2,10,Car,39.122549733984954,1,1,100.0
nuscenes_mini_subset,scene-0103_030,2,11,Pedestrian,24.047551172919135,1,0,0.0
nuscenes_mini_subset,scene-0103_030,2,12,Motorcycle,14.622240888170005,0,0,nan
nuscenes_mini_subset,scene-0103_030,2,13,Bicycle,28.854225213961197,7,0,0.0
nuscenes_mini_subset,scene-0103_030,2,14,Car,25.315665987356972,20,11,55.0
nuscenes_mini_subset,scene-0103_030,2,15,Truck,30.717534485217605,43,40,93.02325581395348
nuscenes_mini_subset,scene-0103_030,2,16,Pedestrian,40.800215024397815,0,0,nan
nuscenes_mini_subset,scene-0103_030,2,17,Car,54.58367181912114,0,0,nan
nuscenes_mini_subset,scene-0103_030,2,18,Car,37.19101475193659,0,0,nan
nuscenes_mini_subset,scene-0103_030,2,19,Car,19.444217560233646,30,28,93.33333333333333
nuscenes_mini_subset,scene-0103_030,3,0,Car,26.740908940673574,0,0,nan
nuscenes_mini_subset,scene-0103_030,3,1,Pedestrian,40.68997415604687,0,0,nan
nuscenes_mini_subset,scene-0103_030,3,2,Car,51.95932088023088,2,0,0.0
nuscenes_mini_subset,scene-0103_030,3,3,Car,48.556883519281946,0,0,nan
nuscenes_mini_subset,scene-0103_030,3,4,Car,25.64578566457621,6,6,100.0
nuscenes_mini_subset,scene-0103_030,3,5,Car,25.646869909488085,0,0,nan
nuscenes_mini_subset,scene-0103_030,3,6,Car,56.64755055565213,0,0,nan
nuscenes_mini_subset,scene-0103_030,3,7,Car,14.522438024526448,66,51,77.27272727272727
nuscenes_mini_subset,scene-0103_030,3,8,Car,31.45920887942319,3,0,0.0
nuscenes_mini_subset,scene-0103_030,3,9,bicycle_rack,15.428549087300604,59,42,71.1864406779661
nuscenes_mini_subset,scene-0103_030,3,10,Car,39.122549733984954,1,1,100.0
nuscenes_mini_subset,scene-0103_030,3,11,Pedestrian,24.047551172919135,1,0,0.0
nuscenes_mini_subset,scene-0103_030,3,12,Motorcycle,14.622240888170005,0,0,nan
nuscenes_mini_subset,scene-0103_030,3,13,Bicycle,28.854225213961197,7,0,0.0
nuscenes_mini_subset,scene-0103_030,3,14,Car,25.315665987356972,20,4,20.0
nuscenes_mini_subset,scene-0103_030,3,15,Truck,30.717534485217605,43,37,86.04651162790698
nuscenes_mini_subset,scene-0103_030,3,16,Pedestrian,40.800215024397815,0,0,nan
nuscenes_mini_subset,scene-0103_030,3,17,Car,54.58367181912114,0,0,nan
nuscenes_mini_subset,scene-0103_030,3,18,Car,37.19101475193659,0,0,nan
nuscenes_mini_subset,scene-0103_030,3,19,Car,19.444217560233646,30,26,86.66666666666667
nuscenes_mini_subset,scene-0103_031,-3,0,Pedestrian,38.00230893842957,0,0,nan
nuscenes_mini_subset,scene-0103_031,-3,1,Car,48.54640375609293,2,0,0.0
nuscenes_mini_subset,scene-0103_031,-3,2,Car,45.17136551974525,2,0,0.0
nuscenes_mini_subset,scene-0103_031,-3,3,Car,22.273435120660864,8,1,12.5
nuscenes_mini_subset,scene-0103_031,-3,4,Car,22.28502979053629,0,0,nan
nuscenes_mini_subset,scene-0103_031,-3,5,Car,53.23345357516998,0,0,nan
nuscenes_mini_subset,scene-0103_031,-3,6,Car,11.135644273661152,133,92,69.17293233082707
nuscenes_mini_subset,scene-0103_031,-3,7,Car,28.089334991350885,12,5,41.666666666666664
nuscenes_mini_subset,scene-0103_031,-3,8,bicycle_rack,12.035384275973641,31,20,64.51612903225806
nuscenes_mini_subset,scene-0103_031,-3,9,Car,35.707843218172535,9,0,0.0
nuscenes_mini_subset,scene-0103_031,-3,10,Pedestrian,21.25779936710615,1,0,0.0
nuscenes_mini_subset,scene-0103_031,-3,11,Bicycle,22.582329582943675,8,0,0.0
nuscenes_mini_subset,scene-0103_031,-3,12,Car,21.92823825910461,19,18,94.73684210526316
nuscenes_mini_subset,scene-0103_031,-3,13,Truck,27.27529708834792,49,34,69.38775510204081
nuscenes_mini_subset,scene-0103_031,-3,14,Pedestrian,38.11841847638339,0,0,nan
nuscenes_mini_subset,scene-0103_031,-3,15,Car,51.197366590347954,0,0,nan
nuscenes_mini_subset,scene-0103_031,-3,16,Car,33.80419906556944,1,0,0.0
nuscenes_mini_subset,scene-0103_031,-3,17,Car,16.07775743970012,47,47,100.0
nuscenes_mini_subset,scene-0103_031,-2,0,Pedestrian,38.00230893842957,0,0,nan
nuscenes_mini_subset,scene-0103_031,-2,1,Car,48.54640375609293,2,0,0.0
nuscenes_mini_subset,scene-0103_031,-2,2,Car,45.17136551974525,2,1,50.0
nuscenes_mini_subset,scene-0103_031,-2,3,Car,22.273435120660864,8,1,12.5
nuscenes_mini_subset,scene-0103_031,-2,4,Car,22.28502979053629,0,0,nan
nuscenes_mini_subset,scene-0103_031,-2,5,Car,53.23345357516998,0,0,nan
nuscenes_mini_subset,scene-0103_031,-2,6,Car,11.135644273661152,133,106,79.69924812030075
nuscenes_mini_subset,scene-0103_031,-2,7,Car,28.089334991350885,12,9,75.0
nuscenes_mini_subset,scene-0103_031,-2,8,bicycle_rack,12.035384275973641,31,27,87.09677419354838
nuscenes_mini_subset,scene-0103_031,-2,9,Car,35.707843218172535,9,3,33.333333333333336
nuscenes_mini_subset,scene-0103_031,-2,10,Pedestrian,21.25779936710615,1,0,0.0
nuscenes_mini_subset,scene-0103_031,-2,11,Bicycle,22.582329582943675,8,0,0.0
nuscenes_mini_subset,scene-0103_031,-2,12,Car,21.92823825910461,19,19,100.0
nuscenes_mini_subset,scene-0103_031,-2,13,Truck,27.27529708834792,49,43,87.75510204081633
nuscenes_mini_subset,scene-0103_031,-2,14,Pedestrian,38.11841847638339,0,0,nan
nuscenes_mini_subset,scene-0103_031,-2,15,Car,51.197366590347954,0,0,nan
nuscenes_mini_subset,scene-0103_031,-2,16,Car,33.80419906556944,1,1,100.0
nuscenes_mini_subset,scene-0103_031,-2,17,Car,16.07775743970012,47,47,100.0
nuscenes_mini_subset,scene-0103_031,-1,0,Pedestrian,38.00230893842957,0,0,nan
nuscenes_mini_subset,scene-0103_031,-1,1,Car,48.54640375609293,2,2,100.0
nuscenes_mini_subset,scene-0103_031,-1,2,Car,45.17136551974525,2,2,100.0
nuscenes_mini_subset,scene-0103_031,-1,3,Car,22.273435120660864,8,3,37.5
nuscenes_mini_subset,scene-0103_031,-1,4,Car,22.28502979053629,0,0,nan
nuscenes_mini_subset,scene-0103_031,-1,5,Car,53.23345357516998,0,0,nan
nuscenes_mini_subset,scene-0103_031,-1,6,Car,11.135644273661152,133,121,90.97744360902256
nuscenes_mini_subset,scene-0103_031,-1,7,Car,28.089334991350885,12,12,100.0
nuscenes_mini_subset,scene-0103_031,-1,8,bicycle_rack,12.035384275973641,31,31,100.0
nuscenes_mini_subset,scene-0103_031,-1,9,Car,35.707843218172535,9,7,77.77777777777777
nuscenes_mini_subset,scene-0103_031,-1,10,Pedestrian,21.25779936710615,1,0,0.0
nuscenes_mini_subset,scene-0103_031,-1,11,Bicycle,22.582329582943675,8,5,62.5
nuscenes_mini_subset,scene-0103_031,-1,12,Car,21.92823825910461,19,19,100.0
nuscenes_mini_subset,scene-0103_031,-1,13,Truck,27.27529708834792,49,47,95.91836734693878
nuscenes_mini_subset,scene-0103_031,-1,14,Pedestrian,38.11841847638339,0,0,nan
nuscenes_mini_subset,scene-0103_031,-1,15,Car,51.197366590347954,0,0,nan
nuscenes_mini_subset,scene-0103_031,-1,16,Car,33.80419906556944,1,1,100.0
nuscenes_mini_subset,scene-0103_031,-1,17,Car,16.07775743970012,47,47,100.0
nuscenes_mini_subset,scene-0103_031,-0.5,0,Pedestrian,38.00230893842957,0,0,nan
nuscenes_mini_subset,scene-0103_031,-0.5,1,Car,48.54640375609293,2,2,100.0
nuscenes_mini_subset,scene-0103_031,-0.5,2,Car,45.17136551974525,2,2,100.0
nuscenes_mini_subset,scene-0103_031,-0.5,3,Car,22.273435120660864,8,5,62.5
nuscenes_mini_subset,scene-0103_031,-0.5,4,Car,22.28502979053629,0,0,nan
nuscenes_mini_subset,scene-0103_031,-0.5,5,Car,53.23345357516998,0,0,nan
nuscenes_mini_subset,scene-0103_031,-0.5,6,Car,11.135644273661152,133,125,93.98496240601504
nuscenes_mini_subset,scene-0103_031,-0.5,7,Car,28.089334991350885,12,12,100.0
nuscenes_mini_subset,scene-0103_031,-0.5,8,bicycle_rack,12.035384275973641,31,31,100.0
nuscenes_mini_subset,scene-0103_031,-0.5,9,Car,35.707843218172535,9,8,88.88888888888889
nuscenes_mini_subset,scene-0103_031,-0.5,10,Pedestrian,21.25779936710615,1,1,100.0
nuscenes_mini_subset,scene-0103_031,-0.5,11,Bicycle,22.582329582943675,8,7,87.5
nuscenes_mini_subset,scene-0103_031,-0.5,12,Car,21.92823825910461,19,19,100.0
nuscenes_mini_subset,scene-0103_031,-0.5,13,Truck,27.27529708834792,49,49,100.0
nuscenes_mini_subset,scene-0103_031,-0.5,14,Pedestrian,38.11841847638339,0,0,nan
nuscenes_mini_subset,scene-0103_031,-0.5,15,Car,51.197366590347954,0,0,nan
nuscenes_mini_subset,scene-0103_031,-0.5,16,Car,33.80419906556944,1,1,100.0
nuscenes_mini_subset,scene-0103_031,-0.5,17,Car,16.07775743970012,47,47,100.0
nuscenes_mini_subset,scene-0103_031,0,0,Pedestrian,38.00230893842957,0,0,nan
nuscenes_mini_subset,scene-0103_031,0,1,Car,48.54640375609293,2,2,100.0
nuscenes_mini_subset,scene-0103_031,0,2,Car,45.17136551974525,2,2,100.0
nuscenes_mini_subset,scene-0103_031,0,3,Car,22.273435120660864,8,8,100.0
nuscenes_mini_subset,scene-0103_031,0,4,Car,22.28502979053629,0,0,nan
nuscenes_mini_subset,scene-0103_031,0,5,Car,53.23345357516998,0,0,nan
nuscenes_mini_subset,scene-0103_031,0,6,Car,11.135644273661152,133,133,100.0
nuscenes_mini_subset,scene-0103_031,0,7,Car,28.089334991350885,12,12,100.0
nuscenes_mini_subset,scene-0103_031,0,8,bicycle_rack,12.035384275973641,31,31,100.0
nuscenes_mini_subset,scene-0103_031,0,9,Car,35.707843218172535,9,9,100.0
nuscenes_mini_subset,scene-0103_031,0,10,Pedestrian,21.25779936710615,1,1,100.0
nuscenes_mini_subset,scene-0103_031,0,11,Bicycle,22.582329582943675,8,8,100.0
nuscenes_mini_subset,scene-0103_031,0,12,Car,21.92823825910461,19,19,100.0
nuscenes_mini_subset,scene-0103_031,0,13,Truck,27.27529708834792,49,49,100.0
nuscenes_mini_subset,scene-0103_031,0,14,Pedestrian,38.11841847638339,0,0,nan
nuscenes_mini_subset,scene-0103_031,0,15,Car,51.197366590347954,0,0,nan
nuscenes_mini_subset,scene-0103_031,0,16,Car,33.80419906556944,1,1,100.0
nuscenes_mini_subset,scene-0103_031,0,17,Car,16.07775743970012,47,47,100.0
nuscenes_mini_subset,scene-0103_031,0.5,0,Pedestrian,38.00230893842957,0,0,nan
nuscenes_mini_subset,scene-0103_031,0.5,1,Car,48.54640375609293,2,2,100.0
nuscenes_mini_subset,scene-0103_031,0.5,2,Car,45.17136551974525,2,2,100.0
nuscenes_mini_subset,scene-0103_031,0.5,3,Car,22.273435120660864,8,8,100.0
nuscenes_mini_subset,scene-0103_031,0.5,4,Car,22.28502979053629,0,0,nan
nuscenes_mini_subset,scene-0103_031,0.5,5,Car,53.23345357516998,0,0,nan
nuscenes_mini_subset,scene-0103_031,0.5,6,Car,11.135644273661152,133,133,100.0
nuscenes_mini_subset,scene-0103_031,0.5,7,Car,28.089334991350885,12,12,100.0
nuscenes_mini_subset,scene-0103_031,0.5,8,bicycle_rack,12.035384275973641,31,29,93.54838709677419
nuscenes_mini_subset,scene-0103_031,0.5,9,Car,35.707843218172535,9,9,100.0
nuscenes_mini_subset,scene-0103_031,0.5,10,Pedestrian,21.25779936710615,1,1,100.0
nuscenes_mini_subset,scene-0103_031,0.5,11,Bicycle,22.582329582943675,8,8,100.0
nuscenes_mini_subset,scene-0103_031,0.5,12,Car,21.92823825910461,19,19,100.0
nuscenes_mini_subset,scene-0103_031,0.5,13,Truck,27.27529708834792,49,49,100.0
nuscenes_mini_subset,scene-0103_031,0.5,14,Pedestrian,38.11841847638339,0,0,nan
nuscenes_mini_subset,scene-0103_031,0.5,15,Car,51.197366590347954,0,0,nan
nuscenes_mini_subset,scene-0103_031,0.5,16,Car,33.80419906556944,1,1,100.0
nuscenes_mini_subset,scene-0103_031,0.5,17,Car,16.07775743970012,47,47,100.0
nuscenes_mini_subset,scene-0103_031,1,0,Pedestrian,38.00230893842957,0,0,nan
nuscenes_mini_subset,scene-0103_031,1,1,Car,48.54640375609293,2,1,50.0
nuscenes_mini_subset,scene-0103_031,1,2,Car,45.17136551974525,2,1,50.0
nuscenes_mini_subset,scene-0103_031,1,3,Car,22.273435120660864,8,8,100.0
nuscenes_mini_subset,scene-0103_031,1,4,Car,22.28502979053629,0,0,nan
nuscenes_mini_subset,scene-0103_031,1,5,Car,53.23345357516998,0,0,nan
nuscenes_mini_subset,scene-0103_031,1,6,Car,11.135644273661152,133,131,98.49624060150376
nuscenes_mini_subset,scene-0103_031,1,7,Car,28.089334991350885,12,12,100.0
nuscenes_mini_subset,scene-0103_031,1,8,bicycle_rack,12.035384275973641,31,28,90.3225806451613
nuscenes_mini_subset,scene-0103_031,1,9,Car,35.707843218172535,9,9,100.0
nuscenes_mini_subset,scene-0103_031,1,10,Pedestrian,21.25779936710615,1,1,100.0
nuscenes_mini_subset,scene-0103_031,1,11,Bicycle,22.582329582943675,8,7,87.5
nuscenes_mini_subset,scene-0103_031,1,12,Car,21.92823825910461,19,17,89.47368421052632
nuscenes_mini_subset,scene-0103_031,1,13,Truck,27.27529708834792,49,49,100.0
nuscenes_mini_subset,scene-0103_031,1,14,Pedestrian,38.11841847638339,0,0,nan
nuscenes_mini_subset,scene-0103_031,1,15,Car,51.197366590347954,0,0,nan
nuscenes_mini_subset,scene-0103_031,1,16,Car,33.80419906556944,1,1,100.0
nuscenes_mini_subset,scene-0103_031,1,17,Car,16.07775743970012,47,46,97.87234042553192
nuscenes_mini_subset,scene-0103_031,2,0,Pedestrian,38.00230893842957,0,0,nan
nuscenes_mini_subset,scene-0103_031,2,1,Car,48.54640375609293,2,0,0.0
nuscenes_mini_subset,scene-0103_031,2,2,Car,45.17136551974525,2,0,0.0
nuscenes_mini_subset,scene-0103_031,2,3,Car,22.273435120660864,8,7,87.5
nuscenes_mini_subset,scene-0103_031,2,4,Car,22.28502979053629,0,0,nan
nuscenes_mini_subset,scene-0103_031,2,5,Car,53.23345357516998,0,0,nan
nuscenes_mini_subset,scene-0103_031,2,6,Car,11.135644273661152,133,124,93.23308270676692
nuscenes_mini_subset,scene-0103_031,2,7,Car,28.089334991350885,12,10,83.33333333333333
nuscenes_mini_subset,scene-0103_031,2,8,bicycle_rack,12.035384275973641,31,25,80.64516129032258
nuscenes_mini_subset,scene-0103_031,2,9,Car,35.707843218172535,9,9,100.0
nuscenes_mini_subset,scene-0103_031,2,10,Pedestrian,21.25779936710615,1,0,0.0
nuscenes_mini_subset,scene-0103_031,2,11,Bicycle,22.582329582943675,8,2,25.0
nuscenes_mini_subset,scene-0103_031,2,12,Car,21.92823825910461,19,11,57.89473684210526
nuscenes_mini_subset,scene-0103_031,2,13,Truck,27.27529708834792,49,47,95.91836734693878
nuscenes_mini_subset,scene-0103_031,2,14,Pedestrian,38.11841847638339,0,0,nan
nuscenes_mini_subset,scene-0103_031,2,15,Car,51.197366590347954,0,0,nan
nuscenes_mini_subset,scene-0103_031,2,16,Car,33.80419906556944,1,0,0.0
nuscenes_mini_subset,scene-0103_031,2,17,Car,16.07775743970012,47,41,87.23404255319149
nuscenes_mini_subset,scene-0103_031,3,0,Pedestrian,38.00230893842957,0,0,nan
nuscenes_mini_subset,scene-0103_031,3,1,Car,48.54640375609293,2,0,0.0
nuscenes_mini_subset,scene-0103_031,3,2,Car,45.17136551974525,2,0,0.0
nuscenes_mini_subset,scene-0103_031,3,3,Car,22.273435120660864,8,7,87.5
nuscenes_mini_subset,scene-0103_031,3,4,Car,22.28502979053629,0,0,nan
nuscenes_mini_subset,scene-0103_031,3,5,Car,53.23345357516998,0,0,nan
nuscenes_mini_subset,scene-0103_031,3,6,Car,11.135644273661152,133,113,84.9624060150376
nuscenes_mini_subset,scene-0103_031,3,7,Car,28.089334991350885,12,4,33.333333333333336
nuscenes_mini_subset,scene-0103_031,3,8,bicycle_rack,12.035384275973641,31,21,67.74193548387096
nuscenes_mini_subset,scene-0103_031,3,9,Car,35.707843218172535,9,6,66.66666666666667
nuscenes_mini_subset,scene-0103_031,3,10,Pedestrian,21.25779936710615,1,0,0.0
nuscenes_mini_subset,scene-0103_031,3,11,Bicycle,22.582329582943675,8,0,0.0
nuscenes_mini_subset,scene-0103_031,3,12,Car,21.92823825910461,19,4,21.05263157894737
nuscenes_mini_subset,scene-0103_031,3,13,Truck,27.27529708834792,49,43,87.75510204081633
nuscenes_mini_subset,scene-0103_031,3,14,Pedestrian,38.11841847638339,0,0,nan
nuscenes_mini_subset,scene-0103_031,3,15,Car,51.197366590347954,0,0,nan
nuscenes_mini_subset,scene-0103_031,3,16,Car,33.80419906556944,1,0,0.0
nuscenes_mini_subset,scene-0103_031,3,17,Car,16.07775743970012,47,35,74.46808510638297
nuscenes_mini_subset,scene-0103_032,-3,0,Pedestrian,35.1908815934284,0,0,nan
nuscenes_mini_subset,scene-0103_032,-3,1,Car,45.003659314229544,5,0,0.0
nuscenes_mini_subset,scene-0103_032,-3,2,Car,41.65580164961015,4,0,0.0
nuscenes_mini_subset,scene-0103_032,-3,3,Car,18.748183596805998,0,0,nan
nuscenes_mini_subset,scene-0103_032,-3,4,Car,49.69040028412728,1,0,0.0
nuscenes_mini_subset,scene-0103_032,-3,5,Car,7.644722535223769,30,7,23.333333333333332
nuscenes_mini_subset,scene-0103_032,-3,6,Car,24.57400877833062,22,17,77.27272727272727
nuscenes_mini_subset,scene-0103_032,-3,7,bicycle_rack,8.51341065214642,23,17,73.91304347826087
nuscenes_mini_subset,scene-0103_032,-3,8,Car,32.16730897325709,10,1,10.0
nuscenes_mini_subset,scene-0103_032,-3,9,Pedestrian,18.42102091063518,0,0,nan
nuscenes_mini_subset,scene-0103_032,-3,10,Bicycle,16.180550085637968,16,1,6.25
nuscenes_mini_subset,scene-0103_032,-3,11,Car,18.38636398470295,25,24,96.0
nuscenes_mini_subset,scene-0103_032,-3,12,Truck,23.701185265812608,70,47,67.14285714285714
nuscenes_mini_subset,scene-0103_032,-3,13,Pedestrian,35.31225128035343,0,0,nan
nuscenes_mini_subset,scene-0103_032,-3,14,Car,47.66517629752805,0,0,nan
nuscenes_mini_subset,scene-0103_032,-3,15,Car,30.273397840111805,3,1,33.333333333333336
nuscenes_mini_subset,scene-0103_032,-3,16,Car,12.567504093570015,123,113,91.869918699187
nuscenes_mini_subset,scene-0103_032,-2,0,Pedestrian,35.1908815934284,0,0,nan
nuscenes_mini_subset,scene-0103_032,-2,1,Car,45.003659314229544,5,2,40.0
nuscenes_mini_subset,scene-0103_032,-2,2,Car,41.65580164961015,4,2,50.0
nuscenes_mini_subset,scene-0103_032,-2,3,Car,18.748183596805998,0,0,nan
nuscenes_mini_subset,scene-0103_032,-2,4,Car,49.69040028412728,1,0,0.0
nuscenes_mini_subset,scene-0103_032,-2,5,Car,7.644722535223769,30,14,46.666666666666664
nuscenes_mini_subset,scene-0103_032,-2,6,Car,24.57400877833062,22,20,90.9090909090909
nuscenes_mini_subset,scene-0103_032,-2,7,bicycle_rack,8.51341065214642,23,21,91.30434782608695
nuscenes_mini_subset,scene-0103_032,-2,8,Car,32.16730897325709,10,5,50.0
nuscenes_mini_subset,scene-0103_032,-2,9,Pedestrian,18.42102091063518,0,0,nan
nuscenes_mini_subset,scene-0103_032,-2,10,Bicycle,16.180550085637968,16,8,50.0
nuscenes_mini_subset,scene-0103_032,-2,11,Car,18.38636398470295,25,25,100.0
nuscenes_mini_subset,scene-0103_032,-2,12,Truck,23.701185265812608,70,58,82.85714285714286
nuscenes_mini_subset,scene-0103_032,-2,13,Pedestrian,35.31225128035343,0,0,nan
nuscenes_mini_subset,scene-0103_032,-2,14,Car,47.66517629752805,0,0,nan
nuscenes_mini_subset,scene-0103_032,-2,15,Car,30.273397840111805,3,3,100.0
nuscenes_mini_subset,scene-0103_032,-2,16,Car,12.567504093570015,123,116,94.3089430894309
nuscenes_mini_subset,scene-0103_032,-1,0,Pedestrian,35.1908815934284,0,0,nan
nuscenes_mini_subset,scene-0103_032,-1,1,Car,45.003659314229544,5,5,100.0
nuscenes_mini_subset,scene-0103_032,-1,2,Car,41.65580164961015,4,4,100.0
nuscenes_mini_subset,scene-0103_032,-1,3,Car,18.748183596805998,0,0,nan
nuscenes_mini_subset,scene-0103_032,-1,4,Car,49.69040028412728,1,1,100.0
nuscenes_mini_subset,scene-0103_032,-1,5,Car,7.644722535223769,30,22,73.33333333333333
nuscenes_mini_subset,scene-0103_032,-1,6,Car,24.57400877833062,22,22,100.0
nuscenes_mini_subset,scene-0103_032,-1,7,bicycle_rack,8.51341065214642,23,23,100.0
nuscenes_mini_subset,scene-0103_032,-1,8,Car,32.16730897325709,10,8,80.0
nuscenes_mini_subset,scene-0103_032,-1,9,Pedestrian,18.42102091063518,0,0,nan
nuscenes_mini_subset,scene-0103_032,-1,10,Bicycle,16.180550085637968,16,16,100.0
nuscenes_mini_subset,scene-0103_032,-1,11,Car,18.38636398470295,25,25,100.0
nuscenes_mini_subset,scene-0103_032,-1,12,Truck,23.701185265812608,70,67,95.71428571428571
nuscenes_mini_subset,scene-0103_032,-1,13,Pedestrian,35.31225128035343,0,0,nan
nuscenes_mini_subset,scene-0103_032,-1,14,Car,47.66517629752805,0,0,nan
nuscenes_mini_subset,scene-0103_032,-1,15,Car,30.273397840111805,3,3,100.0
nuscenes_mini_subset,scene-0103_032,-1,16,Car,12.567504093570015,123,122,99.1869918699187
nuscenes_mini_subset,scene-0103_032,-0.5,0,Pedestrian,35.1908815934284,0,0,nan
nuscenes_mini_subset,scene-0103_032,-0.5,1,Car,45.003659314229544,5,5,100.0
nuscenes_mini_subset,scene-0103_032,-0.5,2,Car,41.65580164961015,4,4,100.0
nuscenes_mini_subset,scene-0103_032,-0.5,3,Car,18.748183596805998,0,0,nan
nuscenes_mini_subset,scene-0103_032,-0.5,4,Car,49.69040028412728,1,1,100.0
nuscenes_mini_subset,scene-0103_032,-0.5,5,Car,7.644722535223769,30,27,90.0
nuscenes_mini_subset,scene-0103_032,-0.5,6,Car,24.57400877833062,22,22,100.0
nuscenes_mini_subset,scene-0103_032,-0.5,7,bicycle_rack,8.51341065214642,23,23,100.0
nuscenes_mini_subset,scene-0103_032,-0.5,8,Car,32.16730897325709,10,10,100.0
nuscenes_mini_subset,scene-0103_032,-0.5,9,Pedestrian,18.42102091063518,0,0,nan
nuscenes_mini_subset,scene-0103_032,-0.5,10,Bicycle,16.180550085637968,16,16,100.0
nuscenes_mini_subset,scene-0103_032,-0.5,11,Car,18.38636398470295,25,25,100.0
nuscenes_mini_subset,scene-0103_032,-0.5,12,Truck,23.701185265812608,70,70,100.0
nuscenes_mini_subset,scene-0103_032,-0.5,13,Pedestrian,35.31225128035343,0,0,nan
nuscenes_mini_subset,scene-0103_032,-0.5,14,Car,47.66517629752805,0,0,nan
nuscenes_mini_subset,scene-0103_032,-0.5,15,Car,30.273397840111805,3,3,100.0
nuscenes_mini_subset,scene-0103_032,-0.5,16,Car,12.567504093570015,123,123,100.0
nuscenes_mini_subset,scene-0103_032,0,0,Pedestrian,35.1908815934284,0,0,nan
nuscenes_mini_subset,scene-0103_032,0,1,Car,45.003659314229544,5,5,100.0
nuscenes_mini_subset,scene-0103_032,0,2,Car,41.65580164961015,4,4,100.0
nuscenes_mini_subset,scene-0103_032,0,3,Car,18.748183596805998,0,0,nan
nuscenes_mini_subset,scene-0103_032,0,4,Car,49.69040028412728,1,1,100.0
nuscenes_mini_subset,scene-0103_032,0,5,Car,7.644722535223769,30,30,100.0
nuscenes_mini_subset,scene-0103_032,0,6,Car,24.57400877833062,22,22,100.0
nuscenes_mini_subset,scene-0103_032,0,7,bicycle_rack,8.51341065214642,23,23,100.0
nuscenes_mini_subset,scene-0103_032,0,8,Car,32.16730897325709,10,10,100.0
nuscenes_mini_subset,scene-0103_032,0,9,Pedestrian,18.42102091063518,0,0,nan
nuscenes_mini_subset,scene-0103_032,0,10,Bicycle,16.180550085637968,16,16,100.0
nuscenes_mini_subset,scene-0103_032,0,11,Car,18.38636398470295,25,25,100.0
nuscenes_mini_subset,scene-0103_032,0,12,Truck,23.701185265812608,70,70,100.0
nuscenes_mini_subset,scene-0103_032,0,13,Pedestrian,35.31225128035343,0,0,nan
nuscenes_mini_subset,scene-0103_032,0,14,Car,47.66517629752805,0,0,nan
nuscenes_mini_subset,scene-0103_032,0,15,Car,30.273397840111805,3,3,100.0
nuscenes_mini_subset,scene-0103_032,0,16,Car,12.567504093570015,123,123,100.0
nuscenes_mini_subset,scene-0103_032,0.5,0,Pedestrian,35.1908815934284,0,0,nan
nuscenes_mini_subset,scene-0103_032,0.5,1,Car,45.003659314229544,5,5,100.0
nuscenes_mini_subset,scene-0103_032,0.5,2,Car,41.65580164961015,4,4,100.0
nuscenes_mini_subset,scene-0103_032,0.5,3,Car,18.748183596805998,0,0,nan
nuscenes_mini_subset,scene-0103_032,0.5,4,Car,49.69040028412728,1,1,100.0
nuscenes_mini_subset,scene-0103_032,0.5,5,Car,7.644722535223769,30,30,100.0
nuscenes_mini_subset,scene-0103_032,0.5,6,Car,24.57400877833062,22,22,100.0
nuscenes_mini_subset,scene-0103_032,0.5,7,bicycle_rack,8.51341065214642,23,21,91.30434782608695
nuscenes_mini_subset,scene-0103_032,0.5,8,Car,32.16730897325709,10,10,100.0
nuscenes_mini_subset,scene-0103_032,0.5,9,Pedestrian,18.42102091063518,0,0,nan
nuscenes_mini_subset,scene-0103_032,0.5,10,Bicycle,16.180550085637968,16,16,100.0
nuscenes_mini_subset,scene-0103_032,0.5,11,Car,18.38636398470295,25,24,96.0
nuscenes_mini_subset,scene-0103_032,0.5,12,Truck,23.701185265812608,70,70,100.0
nuscenes_mini_subset,scene-0103_032,0.5,13,Pedestrian,35.31225128035343,0,0,nan
nuscenes_mini_subset,scene-0103_032,0.5,14,Car,47.66517629752805,0,0,nan
nuscenes_mini_subset,scene-0103_032,0.5,15,Car,30.273397840111805,3,3,100.0
nuscenes_mini_subset,scene-0103_032,0.5,16,Car,12.567504093570015,123,123,100.0
nuscenes_mini_subset,scene-0103_032,1,0,Pedestrian,35.1908815934284,0,0,nan
nuscenes_mini_subset,scene-0103_032,1,1,Car,45.003659314229544,5,5,100.0
nuscenes_mini_subset,scene-0103_032,1,2,Car,41.65580164961015,4,3,75.0
nuscenes_mini_subset,scene-0103_032,1,3,Car,18.748183596805998,0,0,nan
nuscenes_mini_subset,scene-0103_032,1,4,Car,49.69040028412728,1,1,100.0
nuscenes_mini_subset,scene-0103_032,1,5,Car,7.644722535223769,30,29,96.66666666666667
nuscenes_mini_subset,scene-0103_032,1,6,Car,24.57400877833062,22,19,86.36363636363636
nuscenes_mini_subset,scene-0103_032,1,7,bicycle_rack,8.51341065214642,23,18,78.26086956521739
nuscenes_mini_subset,scene-0103_032,1,8,Car,32.16730897325709,10,10,100.0
nuscenes_mini_subset,scene-0103_032,1,9,Pedestrian,18.42102091063518,0,0,nan
nuscenes_mini_subset,scene-0103_032,1,10,Bicycle,16.180550085637968,16,16,100.0
nuscenes_mini_subset,scene-0103_032,1,11,Car,18.38636398470295,25,23,92.0
nuscenes_mini_subset,scene-0103_032,1,12,Truck,23.701185265812608,70,70,100.0
nuscenes_mini_subset,scene-0103_032,1,13,Pedestrian,35.31225128035343,0,0,nan
nuscenes_mini_subset,scene-0103_032,1,14,Car,47.66517629752805,0,0,nan
nuscenes_mini_subset,scene-0103_032,1,15,Car,30.273397840111805,3,3,100.0
nuscenes_mini_subset,scene-0103_032,1,16,Car,12.567504093570015,123,121,98.3739837398374
nuscenes_mini_subset,scene-0103_032,2,0,Pedestrian,35.1908815934284,0,0,nan
nuscenes_mini_subset,scene-0103_032,2,1,Car,45.003659314229544,5,1,20.0
nuscenes_mini_subset,scene-0103_032,2,2,Car,41.65580164961015,4,0,0.0
nuscenes_mini_subset,scene-0103_032,2,3,Car,18.748183596805998,0,0,nan
nuscenes_mini_subset,scene-0103_032,2,4,Car,49.69040028412728,1,0,0.0
nuscenes_mini_subset,scene-0103_032,2,5,Car,7.644722535223769,30,21,70.0
nuscenes_mini_subset,scene-0103_032,2,6,Car,24.57400877833062,22,16,72.72727272727273
nuscenes_mini_subset,scene-0103_032,2,7,bicycle_rack,8.51341065214642,23,15,65.21739130434783
nuscenes_mini_subset,scene-0103_032,2,8,Car,32.16730897325709,10,10,100.0
nuscenes_mini_subset,scene-0103_032,2,9,Pedestrian,18.42102091063518,0,0,nan
nuscenes_mini_subset,scene-0103_032,2,10,Bicycle,16.180550085637968,16,13,81.25
nuscenes_mini_subset,scene-0103_032,2,11,Car,18.38636398470295,25,16,64.0
nuscenes_mini_subset,scene-0103_032,2,12,Truck,23.701185265812608,70,67,95.71428571428571
nuscenes_mini_subset,scene-0103_032,2,13,Pedestrian,35.31225128035343,0,0,nan
nuscenes_mini_subset,scene-0103_032,2,14,Car,47.66517629752805,0,0,nan
nuscenes_mini_subset,scene-0103_032,2,15,Car,30.273397840111805,3,0,0.0
nuscenes_mini_subset,scene-0103_032,2,16,Car,12.567504093570015,123,114,92.6829268292683
nuscenes_mini_subset,scene-0103_032,3,0,Pedestrian,35.1908815934284,0,0,nan
nuscenes_mini_subset,scene-0103_032,3,1,Car,45.003659314229544,5,0,0.0
nuscenes_mini_subset,scene-0103_032,3,2,Car,41.65580164961015,4,0,0.0
nuscenes_mini_subset,scene-0103_032,3,3,Car,18.748183596805998,0,0,nan
nuscenes_mini_subset,scene-0103_032,3,4,Car,49.69040028412728,1,0,0.0
nuscenes_mini_subset,scene-0103_032,3,5,Car,7.644722535223769,30,16,53.333333333333336
nuscenes_mini_subset,scene-0103_032,3,6,Car,24.57400877833062,22,9,40.90909090909091
nuscenes_mini_subset,scene-0103_032,3,7,bicycle_rack,8.51341065214642,23,12,52.17391304347826
nuscenes_mini_subset,scene-0103_032,3,8,Car,32.16730897325709,10,8,80.0
nuscenes_mini_subset,scene-0103_032,3,9,Pedestrian,18.42102091063518,0,0,nan
nuscenes_mini_subset,scene-0103_032,3,10,Bicycle,16.180550085637968,16,4,25.0
nuscenes_mini_subset,scene-0103_032,3,11,Car,18.38636398470295,25,12,48.0
nuscenes_mini_subset,scene-0103_032,3,12,Truck,23.701185265812608,70,61,87.14285714285714
nuscenes_mini_subset,scene-0103_032,3,13,Pedestrian,35.31225128035343,0,0,nan
nuscenes_mini_subset,scene-0103_032,3,14,Car,47.66517629752805,0,0,nan
nuscenes_mini_subset,scene-0103_032,3,15,Car,30.273397840111805,3,0,0.0
nuscenes_mini_subset,scene-0103_032,3,16,Car,12.567504093570015,123,105,85.36585365853658
nuscenes_mini_subset,scene-0103_033,-3,0,Pedestrian,32.15450638852241,0,0,nan
nuscenes_mini_subset,scene-0103_033,-3,1,Car,41.24290175646843,6,1,16.666666666666668
nuscenes_mini_subset,scene-0103_033,-3,2,Car,63.31214020480122,1,0,0.0
nuscenes_mini_subset,scene-0103_033,-3,3,Car,37.94449733087145,4,0,0.0
nuscenes_mini_subset,scene-0103_033,-3,4,Car,45.93129850420448,0,0,nan
nuscenes_mini_subset,scene-0103_033,-3,5,Car,20.861373987874888,30,25,83.33333333333333
nuscenes_mini_subset,scene-0103_033,-3,6,Car,81.55799181426735,1,0,0.0
nuscenes_mini_subset,scene-0103_033,-3,7,Car,28.40669473327486,20,7,35.0
nuscenes_mini_subset,scene-0103_033,-3,8,Bicycle,9.667693678869757,31,18,58.064516129032256
nuscenes_mini_subset,scene-0103_033,-3,9,Car,14.646001317826494,64,64,100.0
nuscenes_mini_subset,scene-0103_033,-3,10,TrafficCone,16.974037546933353,1,0,0.0
nuscenes_mini_subset,scene-0103_033,-3,11,Truck,19.90905176528856,122,96,78.68852459016394
nuscenes_mini_subset,scene-0103_033,-3,12,Pedestrian,32.28334326106357,0,0,nan
nuscenes_mini_subset,scene-0103_033,-3,13,Car,43.93692853731146,0,0,nan
nuscenes_mini_subset,scene-0103_033,-3,14,Car,26.544027210286053,6,4,66.66666666666667
nuscenes_mini_subset,scene-0103_033,-3,15,Car,8.857646316753756,95,57,60.0
nuscenes_mini_subset,scene-0103_033,-2,0,Pedestrian,32.15450638852241,0,0,nan
nuscenes_mini_subset,scene-0103_033,-2,1,Car,41.24290175646843,6,4,66.66666666666667
nuscenes_mini_subset,scene-0103_033,-2,2,Car,63.31214020480122,1,0,0.0
nuscenes_mini_subset,scene-0103_033,-2,3,Car,37.94449733087145,4,2,50.0
nuscenes_mini_subset,scene-0103_033,-2,4,Car,45.93129850420448,0,0,nan
nuscenes_mini_subset,scene-0103_033,-2,5,Car,20.861373987874888,30,28,93.33333333333333
nuscenes_mini_subset,scene-0103_033,-2,6,Car,81.55799181426735,1,0,0.0
nuscenes_mini_subset,scene-0103_033,-2,7,Car,28.40669473327486,20,12,60.0
nuscenes_mini_subset,scene-0103_033,-2,8,Bicycle,9.667693678869757,31,30,96.7741935483871
nuscenes_mini_subset,scene-0103_033,-2,9,Car,14.646001317826494,64,64,100.0
nuscenes_mini_subset,scene-0103_033,-2,10,TrafficCone,16.974037546933353,1,0,0.0
nuscenes_mini_subset,scene-0103_033,-2,11,Truck,19.90905176528856,122,109,89.34426229508196
nuscenes_mini_subset,scene-0103_033,-2,12,Pedestrian,32.28334326106357,0,0,nan
nuscenes_mini_subset,scene-0103_033,-2,13,Car,43.93692853731146,0,0,nan
nuscenes_mini_subset,scene-0103_033,-2,14,Car,26.544027210286053,6,6,100.0
nuscenes_mini_subset,scene-0103_033,-2,15,Car,8.857646316753756,95,68,71.57894736842105
nuscenes_mini_subset,scene-0103_033,-1,0,Pedestrian,32.15450638852241,0,0,nan
nuscenes_mini_subset,scene-0103_033,-1,1,Car,41.24290175646843,6,5,83.33333333333333
nuscenes_mini_subset,scene-0103_033,-1,2,Car,63.31214020480122,1,1,100.0
nuscenes_mini_subset,scene-0103_033,-1,3,Car,37.94449733087145,4,4,100.0
nuscenes_mini_subset,scene-0103_033,-1,4,Car,45.93129850420448,0,0,nan
nuscenes_mini_subset,scene-0103_033,-1,5,Car,20.861373987874888,30,30,100.0
nuscenes_mini_subset,scene-0103_033,-1,6,Car,81.55799181426735,1,0,0.0
nuscenes_mini_subset,scene-0103_033,-1,7,Car,28.40669473327486,20,18,90.0
nuscenes_mini_subset,scene-0103_033,-1,8,Bicycle,9.667693678869757,31,31,100.0
nuscenes_mini_subset,scene-0103_033,-1,9,Car,14.646001317826494,64,64,100.0
nuscenes_mini_subset,scene-0103_033,-1,10,TrafficCone,16.974037546933353,1,0,0.0
nuscenes_mini_subset,scene-0103_033,-1,11,Truck,19.90905176528856,122,120,98.36065573770492
nuscenes_mini_subset,scene-0103_033,-1,12,Pedestrian,32.28334326106357,0,0,nan
nuscenes_mini_subset,scene-0103_033,-1,13,Car,43.93692853731146,0,0,nan
nuscenes_mini_subset,scene-0103_033,-1,14,Car,26.544027210286053,6,6,100.0
nuscenes_mini_subset,scene-0103_033,-1,15,Car,8.857646316753756,95,82,86.3157894736842
nuscenes_mini_subset,scene-0103_033,-0.5,0,Pedestrian,32.15450638852241,0,0,nan
nuscenes_mini_subset,scene-0103_033,-0.5,1,Car,41.24290175646843,6,6,100.0
nuscenes_mini_subset,scene-0103_033,-0.5,2,Car,63.31214020480122,1,1,100.0
nuscenes_mini_subset,scene-0103_033,-0.5,3,Car,37.94449733087145,4,4,100.0
nuscenes_mini_subset,scene-0103_033,-0.5,4,Car,45.93129850420448,0,0,nan
nuscenes_mini_subset,scene-0103_033,-0.5,5,Car,20.861373987874888,30,30,100.0
nuscenes_mini_subset,scene-0103_033,-0.5,6,Car,81.55799181426735,1,1,100.0
nuscenes_mini_subset,scene-0103_033,-0.5,7,Car,28.40669473327486,20,20,100.0
nuscenes_mini_subset,scene-0103_033,-0.5,8,Bicycle,9.667693678869757,31,31,100.0
nuscenes_mini_subset,scene-0103_033,-0.5,9,Car,14.646001317826494,64,64,100.0
nuscenes_mini_subset,scene-0103_033,-0.5,10,TrafficCone,16.974037546933353,1,1,100.0
nuscenes_mini_subset,scene-0103_033,-0.5,11,Truck,19.90905176528856,122,122,100.0
nuscenes_mini_subset,scene-0103_033,-0.5,12,Pedestrian,32.28334326106357,0,0,nan
nuscenes_mini_subset,scene-0103_033,-0.5,13,Car,43.93692853731146,0,0,nan
nuscenes_mini_subset,scene-0103_033,-0.5,14,Car,26.544027210286053,6,6,100.0
nuscenes_mini_subset,scene-0103_033,-0.5,15,Car,8.857646316753756,95,90,94.73684210526316
nuscenes_mini_subset,scene-0103_033,0,0,Pedestrian,32.15450638852241,0,0,nan
nuscenes_mini_subset,scene-0103_033,0,1,Car,41.24290175646843,6,6,100.0
nuscenes_mini_subset,scene-0103_033,0,2,Car,63.31214020480122,1,1,100.0
nuscenes_mini_subset,scene-0103_033,0,3,Car,37.94449733087145,4,4,100.0
nuscenes_mini_subset,scene-0103_033,0,4,Car,45.93129850420448,0,0,nan
nuscenes_mini_subset,scene-0103_033,0,5,Car,20.861373987874888,30,30,100.0
nuscenes_mini_subset,scene-0103_033,0,6,Car,81.55799181426735,1,1,100.0
nuscenes_mini_subset,scene-0103_033,0,7,Car,28.40669473327486,20,20,100.0
nuscenes_mini_subset,scene-0103_033,0,8,Bicycle,9.667693678869757,31,31,100.0
nuscenes_mini_subset,scene-0103_033,0,9,Car,14.646001317826494,64,64,100.0
nuscenes_mini_subset,scene-0103_033,0,10,TrafficCone,16.974037546933353,1,1,100.0
nuscenes_mini_subset,scene-0103_033,0,11,Truck,19.90905176528856,122,122,100.0
nuscenes_mini_subset,scene-0103_033,0,12,Pedestrian,32.28334326106357,0,0,nan
nuscenes_mini_subset,scene-0103_033,0,13,Car,43.93692853731146,0,0,nan
nuscenes_mini_subset,scene-0103_033,0,14,Car,26.544027210286053,6,6,100.0
nuscenes_mini_subset,scene-0103_033,0,15,Car,8.857646316753756,95,95,100.0
nuscenes_mini_subset,scene-0103_033,0.5,0,Pedestrian,32.15450638852241,0,0,nan
nuscenes_mini_subset,scene-0103_033,0.5,1,Car,41.24290175646843,6,5,83.33333333333333
nuscenes_mini_subset,scene-0103_033,0.5,2,Car,63.31214020480122,1,0,0.0
nuscenes_mini_subset,scene-0103_033,0.5,3,Car,37.94449733087145,4,4,100.0
nuscenes_mini_subset,scene-0103_033,0.5,4,Car,45.93129850420448,0,0,nan
nuscenes_mini_subset,scene-0103_033,0.5,5,Car,20.861373987874888,30,30,100.0
nuscenes_mini_subset,scene-0103_033,0.5,6,Car,81.55799181426735,1,1,100.0
nuscenes_mini_subset,scene-0103_033,0.5,7,Car,28.40669473327486,20,20,100.0
nuscenes_mini_subset,scene-0103_033,0.5,8,Bicycle,9.667693678869757,31,26,83.87096774193549
nuscenes_mini_subset,scene-0103_033,0.5,9,Car,14.646001317826494,64,64,100.0
nuscenes_mini_subset,scene-0103_033,0.5,10,TrafficCone,16.974037546933353,1,1,100.0
nuscenes_mini_subset,scene-0103_033,0.5,11,Truck,19.90905176528856,122,122,100.0
nuscenes_mini_subset,scene-0103_033,0.5,12,Pedestrian,32.28334326106357,0,0,nan
nuscenes_mini_subset,scene-0103_033,0.5,13,Car,43.93692853731146,0,0,nan
nuscenes_mini_subset,scene-0103_033,0.5,14,Car,26.544027210286053,6,6,100.0
nuscenes_mini_subset,scene-0103_033,0.5,15,Car,8.857646316753756,95,95,100.0
nuscenes_mini_subset,scene-0103_033,1,0,Pedestrian,32.15450638852241,0,0,nan
nuscenes_mini_subset,scene-0103_033,1,1,Car,41.24290175646843,6,3,50.0
nuscenes_mini_subset,scene-0103_033,1,2,Car,63.31214020480122,1,0,0.0
nuscenes_mini_subset,scene-0103_033,1,3,Car,37.94449733087145,4,4,100.0
nuscenes_mini_subset,scene-0103_033,1,4,Car,45.93129850420448,0,0,nan
nuscenes_mini_subset,scene-0103_033,1,5,Car,20.861373987874888,30,29,96.66666666666667
nuscenes_mini_subset,scene-0103_033,1,6,Car,81.55799181426735,1,0,0.0
nuscenes_mini_subset,scene-0103_033,1,7,Car,28.40669473327486,20,20,100.0
nuscenes_mini_subset,scene-0103_033,1,8,Bicycle,9.667693678869757,31,21,67.74193548387096
nuscenes_mini_subset,scene-0103_033,1,9,Car,14.646001317826494,64,62,96.875
nuscenes_mini_subset,scene-0103_033,1,10,TrafficCone,16.974037546933353,1,0,0.0
nuscenes_mini_subset,scene-0103_033,1,11,Truck,19.90905176528856,122,122,100.0
nuscenes_mini_subset,scene-0103_033,1,12,Pedestrian,32.28334326106357,0,0,nan
nuscenes_mini_subset,scene-0103_033,1,13,Car,43.93692853731146,0,0,nan
nuscenes_mini_subset,scene-0103_033,1,14,Car,26.544027210286053,6,6,100.0
nuscenes_mini_subset,scene-0103_033,1,15,Car,8.857646316753756,95,94,98.94736842105263
nuscenes_mini_subset,scene-0103_033,2,0,Pedestrian,32.15450638852241,0,0,nan
nuscenes_mini_subset,scene-0103_033,2,1,Car,41.24290175646843,6,1,16.666666666666668
nuscenes_mini_subset,scene-0103_033,2,2,Car,63.31214020480122,1,0,0.0
nuscenes_mini_subset,scene-0103_033,2,3,Car,37.94449733087145,4,1,25.0
nuscenes_mini_subset,scene-0103_033,2,4,Car,45.93129850420448,0,0,nan
nuscenes_mini_subset,scene-0103_033,2,5,Car,20.861373987874888,30,25,83.33333333333333
nuscenes_mini_subset,scene-0103_033,2,6,Car,81.55799181426735,1,0,0.0
nuscenes_mini_subset,scene-0103_033,2,7,Car,28.40669473327486,20,20,100.0
nuscenes_mini_subset,scene-0103_033,2,8,Bicycle,9.667693678869757,31,8,25.806451612903224
nuscenes_mini_subset,scene-0103_033,2,9,Car,14.646001317826494,64,57,89.0625
nuscenes_mini_subset,scene-0103_033,2,10,TrafficCone,16.974037546933353,1,0,0.0
nuscenes_mini_subset,scene-0103_033,2,11,Truck,19.90905176528856,122,122,100.0
nuscenes_mini_subset,scene-0103_033,2,12,Pedestrian,32.28334326106357,0,0,nan
nuscenes_mini_subset,scene-0103_033,2,13,Car,43.93692853731146,0,0,nan
nuscenes_mini_subset,scene-0103_033,2,14,Car,26.544027210286053,6,2,33.333333333333336
nuscenes_mini_subset,scene-0103_033,2,15,Car,8.857646316753756,95,89,93.6842105263158
nuscenes_mini_subset,scene-0103_033,3,0,Pedestrian,32.15450638852241,0,0,nan
nuscenes_mini_subset,scene-0103_033,3,1,Car,41.24290175646843,6,0,0.0
nuscenes_mini_subset,scene-0103_033,3,2,Car,63.31214020480122,1,0,0.0
nuscenes_mini_subset,scene-0103_033,3,3,Car,37.94449733087145,4,0,0.0
nuscenes_mini_subset,scene-0103_033,3,4,Car,45.93129850420448,0,0,nan
nuscenes_mini_subset,scene-0103_033,3,5,Car,20.861373987874888,30,15,50.0
nuscenes_mini_subset,scene-0103_033,3,6,Car,81.55799181426735,1,0,0.0
nuscenes_mini_subset,scene-0103_033,3,7,Car,28.40669473327486,20,17,85.0
nuscenes_mini_subset,scene-0103_033,3,8,Bicycle,9.667693678869757,31,0,0.0
nuscenes_mini_subset,scene-0103_033,3,9,Car,14.646001317826494,64,51,79.6875
nuscenes_mini_subset,scene-0103_033,3,10,TrafficCone,16.974037546933353,1,0,0.0
nuscenes_mini_subset,scene-0103_033,3,11,Truck,19.90905176528856,122,116,95.08196721311475
nuscenes_mini_subset,scene-0103_033,3,12,Pedestrian,32.28334326106357,0,0,nan
nuscenes_mini_subset,scene-0103_033,3,13,Car,43.93692853731146,0,0,nan
nuscenes_mini_subset,scene-0103_033,3,14,Car,26.544027210286053,6,0,0.0
nuscenes_mini_subset,scene-0103_033,3,15,Car,8.857646316753756,95,82,86.3157894736842
nuscenes_mini_subset,scene-0103_034,-3,0,Pedestrian,29.00443270623675,0,0,nan
nuscenes_mini_subset,scene-0103_034,-3,1,Car,37.362650302435476,9,1,11.11111111111111
nuscenes_mini_subset,scene-0103_034,-3,2,Car,59.43028214321384,1,0,0.0
nuscenes_mini_subset,scene-0103_034,-3,3,Car,34.095431358295336,6,1,16.666666666666668
nuscenes_mini_subset,scene-0103_034,-3,4,Car,34.414609750583935,3,0,0.0
nuscenes_mini_subset,scene-0103_034,-3,5,Car,42.04985065086351,0,0,nan
nuscenes_mini_subset,scene-0103_034,-3,6,Car,16.996648129444864,61,58,95.08196721311475
nuscenes_mini_subset,scene-0103_034,-3,7,Car,77.81671089132571,1,0,0.0
nuscenes_mini_subset,scene-0103_034,-3,8,Car,24.525562624821582,22,9,40.90909090909091
nuscenes_mini_subset,scene-0103_034,-3,9,Car,10.754365369755801,145,102,70.34482758620689
nuscenes_mini_subset,scene-0103_034,-3,10,TrafficCone,13.09158687697364,1,0,0.0
nuscenes_mini_subset,scene-0103_034,-3,11,Truck,16.05762681159446,168,138,82.14285714285714
nuscenes_mini_subset,scene-0103_034,-3,12,Pedestrian,29.1384704269744,0,0,nan
nuscenes_mini_subset,scene-0103_034,-3,13,Car,40.05560001595447,1,0,0.0
nuscenes_mini_subset,scene-0103_034,-3,14,Car,22.66423725949009,17,15,88.23529411764706
nuscenes_mini_subset,scene-0103_034,-3,15,Car,4.997381229349587,0,0,nan
nuscenes_mini_subset,scene-0103_034,-2,0,Pedestrian,29.00443270623675,0,0,nan
nuscenes_mini_subset,scene-0103_034,-2,1,Car,37.362650302435476,9,6,66.66666666666667
nuscenes_mini_subset,scene-0103_034,-2,2,Car,59.43028214321384,1,0,0.0
nuscenes_mini_subset,scene-0103_034,-2,3,Car,34.095431358295336,6,4,66.66666666666667
nuscenes_mini_subset,scene-0103_034,-2,4,Car,34.414609750583935,3,2,66.66666666666667
nuscenes_mini_subset,scene-0103_034,-2,5,Car,42.04985065086351,0,0,nan
nuscenes_mini_subset,scene-0103_034,-2,6,Car,16.996648129444864,61,61,100.0
nuscenes_mini_subset,scene-0103_034,-2,7,Car,77.81671089132571,1,0,0.0
nuscenes_mini_subset,scene-0103_034,-2,8,Car,24.525562624821582,22,13,59.09090909090909
nuscenes_mini_subset,scene-0103_034,-2,9,Car,10.754365369755801,145,117,80.6896551724138
nuscenes_mini_subset,scene-0103_034,-2,10,TrafficCone,13.09158687697364,1,0,0.0
nuscenes_mini_subset,scene-0103_034,-2,11,Truck,16.05762681159446,168,153,91.07142857142857
nuscenes_mini_subset,scene-0103_034,-2,12,Pedestrian,29.1384704269744,0,0,nan
nuscenes_mini_subset,scene-0103_034,-2,13,Car,40.05560001595447,1,0,0.0
nuscenes_mini_subset,scene-0103_034,-2,14,Car,22.66423725949009,17,17,100.0
nuscenes_mini_subset,scene-0103_034,-2,15,Car,4.997381229349587,0,0,nan
nuscenes_mini_subset,scene-0103_034,-1,0,Pedestrian,29.00443270623675,0,0,nan
nuscenes_mini_subset,scene-0103_034,-1,1,Car,37.362650302435476,9,8,88.88888888888889
nuscenes_mini_subset,scene-0103_034,-1,2,Car,59.43028214321384,1,1,100.0
nuscenes_mini_subset,scene-0103_034,-1,3,Car,34.095431358295336,6,6,100.0
nuscenes_mini_subset,scene-0103_034,-1,4,Car,34.414609750583935,3,3,100.0
nuscenes_mini_subset,scene-0103_034,-1,5,Car,42.04985065086351,0,0,nan
nuscenes_mini_subset,scene-0103_034,-1,6,Car,16.996648129444864,61,61,100.0
nuscenes_mini_subset,scene-0103_034,-1,7,Car,77.81671089132571,1,1,100.0
nuscenes_mini_subset,scene-0103_034,-1,8,Car,24.525562624821582,22,19,86.36363636363636
nuscenes_mini_subset,scene-0103_034,-1,9,Car,10.754365369755801,145,135,93.10344827586206
nuscenes_mini_subset,scene-0103_034,-1,10,TrafficCone,13.09158687697364,1,0,0.0
nuscenes_mini_subset,scene-0103_034,-1,11,Truck,16.05762681159446,168,164,97.61904761904762
nuscenes_mini_subset,scene-0103_034,-1,12,Pedestrian,29.1384704269744,0,0,nan
nuscenes_mini_subset,scene-0103_034,-1,13,Car,40.05560001595447,1,1,100.0
nuscenes_mini_subset,scene-0103_034,-1,14,Car,22.66423725949009,17,17,100.0
nuscenes_mini_subset,scene-0103_034,-1,15,Car,4.997381229349587,0,0,nan
nuscenes_mini_subset,scene-0103_034,-0.5,0,Pedestrian,29.00443270623675,0,0,nan
nuscenes_mini_subset,scene-0103_034,-0.5,1,Car,37.362650302435476,9,9,100.0
nuscenes_mini_subset,scene-0103_034,-0.5,2,Car,59.43028214321384,1,1,100.0
nuscenes_mini_subset,scene-0103_034,-0.5,3,Car,34.095431358295336,6,6,100.0
nuscenes_mini_subset,scene-0103_034,-0.5,4,Car,34.414609750583935,3,3,100.0
nuscenes_mini_subset,scene-0103_034,-0.5,5,Car,42.04985065086351,0,0,nan
nuscenes_mini_subset,scene-0103_034,-0.5,6,Car,16.996648129444864,61,61,100.0
nuscenes_mini_subset,scene-0103_034,-0.5,7,Car,77.81671089132571,1,1,100.0
nuscenes_mini_subset,scene-0103_034,-0.5,8,Car,24.525562624821582,22,22,100.0
nuscenes_mini_subset,scene-0103_034,-0.5,9,Car,10.754365369755801,145,142,97.93103448275862
nuscenes_mini_subset,scene-0103_034,-0.5,10,TrafficCone,13.09158687697364,1,1,100.0
nuscenes_mini_subset,scene-0103_034,-0.5,11,Truck,16.05762681159446,168,167,99.4047619047619
nuscenes_mini_subset,scene-0103_034,-0.5,12,Pedestrian,29.1384704269744,0,0,nan
nuscenes_mini_subset,scene-0103_034,-0.5,13,Car,40.05560001595447,1,1,100.0
nuscenes_mini_subset,scene-0103_034,-0.5,14,Car,22.66423725949009,17,17,100.0
nuscenes_mini_subset,scene-0103_034,-0.5,15,Car,4.997381229349587,0,0,nan
nuscenes_mini_subset,scene-0103_034,0,0,Pedestrian,29.00443270623675,0,0,nan
nuscenes_mini_subset,scene-0103_034,0,1,Car,37.362650302435476,9,9,100.0
nuscenes_mini_subset,scene-0103_034,0,2,Car,59.43028214321384,1,1,100.0
nuscenes_mini_subset,scene-0103_034,0,3,Car,34.095431358295336,6,6,100.0
nuscenes_mini_subset,scene-0103_034,0,4,Car,34.414609750583935,3,3,100.0
nuscenes_mini_subset,scene-0103_034,0,5,Car,42.04985065086351,0,0,nan
nuscenes_mini_subset,scene-0103_034,0,6,Car,16.996648129444864,61,61,100.0
nuscenes_mini_subset,scene-0103_034,0,7,Car,77.81671089132571,1,1,100.0
nuscenes_mini_subset,scene-0103_034,0,8,Car,24.525562624821582,22,22,100.0
nuscenes_mini_subset,scene-0103_034,0,9,Car,10.754365369755801,145,144,99.3103448275862
nuscenes_mini_subset,scene-0103_034,0,10,TrafficCone,13.09158687697364,1,1,100.0
nuscenes_mini_subset,scene-0103_034,0,11,Truck,16.05762681159446,168,168,100.0
nuscenes_mini_subset,scene-0103_034,0,12,Pedestrian,29.1384704269744,0,0,nan
nuscenes_mini_subset,scene-0103_034,0,13,Car,40.05560001595447,1,1,100.0
nuscenes_mini_subset,scene-0103_034,0,14,Car,22.66423725949009,17,17,100.0
nuscenes_mini_subset,scene-0103_034,0,15,Car,4.997381229349587,0,0,nan
nuscenes_mini_subset,scene-0103_034,0.5,0,Pedestrian,29.00443270623675,0,0,nan
nuscenes_mini_subset,scene-0103_034,0.5,1,Car,37.362650302435476,9,9,100.0
nuscenes_mini_subset,scene-0103_034,0.5,2,Car,59.43028214321384,1,1,100.0
nuscenes_mini_subset,scene-0103_034,0.5,3,Car,34.095431358295336,6,6,100.0
nuscenes_mini_subset,scene-0103_034,0.5,4,Car,34.414609750583935,3,3,100.0
nuscenes_mini_subset,scene-0103_034,0.5,5,Car,42.04985065086351,0,0,nan
nuscenes_mini_subset,scene-0103_034,0.5,6,Car,16.996648129444864,61,61,100.0
nuscenes_mini_subset,scene-0103_034,0.5,7,Car,77.81671089132571,1,0,0.0
nuscenes_mini_subset,scene-0103_034,0.5,8,Car,24.525562624821582,22,22,100.0
nuscenes_mini_subset,scene-0103_034,0.5,9,Car,10.754365369755801,145,144,99.3103448275862
nuscenes_mini_subset,scene-0103_034,0.5,10,TrafficCone,13.09158687697364,1,1,100.0
nuscenes_mini_subset,scene-0103_034,0.5,11,Truck,16.05762681159446,168,160,95.23809523809524
nuscenes_mini_subset,scene-0103_034,0.5,12,Pedestrian,29.1384704269744,0,0,nan
nuscenes_mini_subset,scene-0103_034,0.5,13,Car,40.05560001595447,1,1,100.0
nuscenes_mini_subset,scene-0103_034,0.5,14,Car,22.66423725949009,17,16,94.11764705882354
nuscenes_mini_subset,scene-0103_034,0.5,15,Car,4.997381229349587,0,0,nan
nuscenes_mini_subset,scene-0103_034,1,0,Pedestrian,29.00443270623675,0,0,nan
nuscenes_mini_subset,scene-0103_034,1,1,Car,37.362650302435476,9,8,88.88888888888889
nuscenes_mini_subset,scene-0103_034,1,2,Car,59.43028214321384,1,0,0.0
nuscenes_mini_subset,scene-0103_034,1,3,Car,34.095431358295336,6,6,100.0
nuscenes_mini_subset,scene-0103_034,1,4,Car,34.414609750583935,3,2,66.66666666666667
nuscenes_mini_subset,scene-0103_034,1,5,Car,42.04985065086351,0,0,nan
nuscenes_mini_subset,scene-0103_034,1,6,Car,16.996648129444864,61,59,96.72131147540983
nuscenes_mini_subset,scene-0103_034,1,7,Car,77.81671089132571,1,0,0.0
nuscenes_mini_subset,scene-0103_034,1,8,Car,24.525562624821582,22,22,100.0
nuscenes_mini_subset,scene-0103_034,1,9,Car,10.754365369755801,145,142,97.93103448275862
nuscenes_mini_subset,scene-0103_034,1,10,TrafficCone,13.09158687697364,1,1,100.0
nuscenes_mini_subset,scene-0103_034,1,11,Truck,16.05762681159446,168,156,92.85714285714286
nuscenes_mini_subset,scene-0103_034,1,12,Pedestrian,29.1384704269744,0,0,nan
nuscenes_mini_subset,scene-0103_034,1,13,Car,40.05560001595447,1,1,100.0
nuscenes_mini_subset,scene-0103_034,1,14,Car,22.66423725949009,17,15,88.23529411764706
nuscenes_mini_subset,scene-0103_034,1,15,Car,4.997381229349587,0,0,nan
nuscenes_mini_subset,scene-0103_034,2,0,Pedestrian,29.00443270623675,0,0,nan
nuscenes_mini_subset,scene-0103_034,2,1,Car,37.362650302435476,9,3,33.333333333333336
nuscenes_mini_subset,scene-0103_034,2,2,Car,59.43028214321384,1,0,0.0
nuscenes_mini_subset,scene-0103_034,2,3,Car,34.095431358295336,6,3,50.0
nuscenes_mini_subset,scene-0103_034,2,4,Car,34.414609750583935,3,1,33.333333333333336
nuscenes_mini_subset,scene-0103_034,2,5,Car,42.04985065086351,0,0,nan
nuscenes_mini_subset,scene-0103_034,2,6,Car,16.996648129444864,61,52,85.24590163934427
nuscenes_mini_subset,scene-0103_034,2,7,Car,77.81671089132571,1,0,0.0
nuscenes_mini_subset,scene-0103_034,2,8,Car,24.525562624821582,22,22,100.0
nuscenes_mini_subset,scene-0103_034,2,9,Car,10.754365369755801,145,135,93.10344827586206
nuscenes_mini_subset,scene-0103_034,2,10,TrafficCone,13.09158687697364,1,0,0.0
nuscenes_mini_subset,scene-0103_034,2,11,Truck,16.05762681159446,168,142,84.52380952380952
nuscenes_mini_subset,scene-0103_034,2,12,Pedestrian,29.1384704269744,0,0,nan
nuscenes_mini_subset,scene-0103_034,2,13,Car,40.05560001595447,1,0,0.0
nuscenes_mini_subset,scene-0103_034,2,14,Car,22.66423725949009,17,13,76.47058823529412
nuscenes_mini_subset,scene-0103_034,2,15,Car,4.997381229349587,0,0,nan
nuscenes_mini_subset,scene-0103_034,3,0,Pedestrian,29.00443270623675,0,0,nan
nuscenes_mini_subset,scene-0103_034,3,1,Car,37.362650302435476,9,1,11.11111111111111
nuscenes_mini_subset,scene-0103_034,3,2,Car,59.43028214321384,1,0,0.0
nuscenes_mini_subset,scene-0103_034,3,3,Car,34.095431358295336,6,0,0.0
nuscenes_mini_subset,scene-0103_034,3,4,Car,34.414609750583935,3,0,0.0
nuscenes_mini_subset,scene-0103_034,3,5,Car,42.04985065086351,0,0,nan
nuscenes_mini_subset,scene-0103_034,3,6,Car,16.996648129444864,61,44,72.1311475409836
nuscenes_mini_subset,scene-0103_034,3,7,Car,77.81671089132571,1,0,0.0
nuscenes_mini_subset,scene-0103_034,3,8,Car,24.525562624821582,22,19,86.36363636363636
nuscenes_mini_subset,scene-0103_034,3,9,Car,10.754365369755801,145,125,86.20689655172414
nuscenes_mini_subset,scene-0103_034,3,10,TrafficCone,13.09158687697364,1,0,0.0
nuscenes_mini_subset,scene-0103_034,3,11,Truck,16.05762681159446,168,131,77.97619047619048
nuscenes_mini_subset,scene-0103_034,3,12,Pedestrian,29.1384704269744,0,0,nan
nuscenes_mini_subset,scene-0103_034,3,13,Car,40.05560001595447,1,0,0.0
nuscenes_mini_subset,scene-0103_034,3,14,Car,22.66423725949009,17,4,23.529411764705884
nuscenes_mini_subset,scene-0103_034,3,15,Car,4.997381229349587,0,0,nan
nuscenes_mini_subset,scene-0103_035,-3,0,Pedestrian,25.044943893944108,0,0,nan
nuscenes_mini_subset,scene-0103_035,-3,1,Car,32.658105958655796,17,7,41.1764705882353
nuscenes_mini_subset,scene-0103_035,-3,2,Car,54.66982844094009,1,0,0.0
nuscenes_mini_subset,scene-0103_035,-3,3,Car,29.336125236953837,13,4,30.76923076923077
nuscenes_mini_subset,scene-0103_035,-3,4,Car,26.126671721051036,0,0,nan
nuscenes_mini_subset,scene-0103_035,-3,5,Car,37.34536615981154,0,0,nan
nuscenes_mini_subset,scene-0103_035,-3,6,Car,67.32339057902352,2,0,0.0
nuscenes_mini_subset,scene-0103_035,-3,7,Car,12.239999291227182,149,132,88.59060402684564
nuscenes_mini_subset,scene-0103_035,-3,8,Car,73.00299215453897,2,0,0.0
nuscenes_mini_subset,scene-0103_035,-3,9,Car,19.819954337284504,49,36,73.46938775510205
nuscenes_mini_subset,scene-0103_035,-3,10,Car,5.998426076928076,25,0,0.0
nuscenes_mini_subset,scene-0103_035,-3,11,TrafficCone,14.597180672615595,1,0,0.0
nuscenes_mini_subset,scene-0103_035,-3,12,Truck,11.384047667880752,103,75,72.81553398058253
nuscenes_mini_subset,scene-0103_035,-3,13,Pedestrian,25.18141210027572,0,0,nan
nuscenes_mini_subset,scene-0103_035,-3,14,Car,35.29832519644236,2,0,0.0
nuscenes_mini_subset,scene-0103_035,-3,15,Car,17.9062238539822,26,26,100.0
nuscenes_mini_subset,scene-0103_035,-2,0,Pedestrian,25.044943893944108,0,0,nan
nuscenes_mini_subset,scene-0103_035,-2,1,Car,32.658105958655796,17,12,70.58823529411765
nuscenes_mini_subset,scene-0103_035,-2,2,Car,54.66982844094009,1,0,0.0
nuscenes_mini_subset,scene-0103_035,-2,3,Car,29.336125236953837,13,8,61.53846153846154
nuscenes_mini_subset,scene-0103_035,-2,4,Car,26.126671721051036,0,0,nan
nuscenes_mini_subset,scene-0103_035,-2,5,Car,37.34536615981154,0,0,nan
nuscenes_mini_subset,scene-0103_035,-2,6,Car,67.32339057902352,2,0,0.0
nuscenes_mini_subset,scene-0103_035,-2,7,Car,12.239999291227182,149,142,95.30201342281879
nuscenes_mini_subset,scene-0103_035,-2,8,Car,73.00299215453897,2,0,0.0
nuscenes_mini_subset,scene-0103_035,-2,9,Car,19.819954337284504,49,41,83.6734693877551
nuscenes_mini_subset,scene-0103_035,-2,10,Car,5.998426076928076,25,0,0.0
nuscenes_mini_subset,scene-0103_035,-2,11,TrafficCone,14.597180672615595,1,0,0.0
nuscenes_mini_subset,scene-0103_035,-2,12,Truck,11.384047667880752,103,92,89.32038834951456
nuscenes_mini_subset,scene-0103_035,-2,13,Pedestrian,25.18141210027572,0,0,nan
nuscenes_mini_subset,scene-0103_035,-2,14,Car,35.29832519644236,2,1,50.0
nuscenes_mini_subset,scene-0103_035,-2,15,Car,17.9062238539822,26,26,100.0
nuscenes_mini_subset,scene-0103_035,-1,0,Pedestrian,25.044943893944108,0,0,nan
nuscenes_mini_subset,scene-0103_035,-1,1,Car,32.658105958655796,17,16,94.11764705882354
nuscenes_mini_subset,scene-0103_035,-1,2,Car,54.66982844094009,1,1,100.0
nuscenes_mini_subset,scene-0103_035,-1,3,Car,29.336125236953837,13,11,84.61538461538461
nuscenes_mini_subset,scene-0103_035,-1,4,Car,26.126671721051036,0,0,nan
nuscenes_mini_subset,scene-0103_035,-1,5,Car,37.34536615981154,0,0,nan
nuscenes_mini_subset,scene-0103_035,-1,6,Car,67.32339057902352,2,1,50.0
nuscenes_mini_subset,scene-0103_035,-1,7,Car,12.239999291227182,149,147,98.65771812080537
nuscenes_mini_subset,scene-0103_035,-1,8,Car,73.00299215453897,2,1,50.0
nuscenes_mini_subset,scene-0103_035,-1,9,Car,19.819954337284504,49,48,97.95918367346938
nuscenes_mini_subset,scene-0103_035,-1,10,Car,5.998426076928076,25,11,44.0
nuscenes_mini_subset,scene-0103_035,-1,11,TrafficCone,14.597180672615595,1,0,0.0
nuscenes_mini_subset,scene-0103_035,-1,12,Truck,11.384047667880752,103,103,100.0
nuscenes_mini_subset,scene-0103_035,-1,13,Pedestrian,25.18141210027572,0,0,nan
nuscenes_mini_subset,scene-0103_035,-1,14,Car,35.29832519644236,2,2,100.0
nuscenes_mini_subset,scene-0103_035,-1,15,Car,17.9062238539822,26,26,100.0
nuscenes_mini_subset,scene-0103_035,-0.5,0,Pedestrian,25.044943893944108,0,0,nan
nuscenes_mini_subset,scene-0103_035,-0.5,1,Car,32.658105958655796,17,17,100.0
nuscenes_mini_subset,scene-0103_035,-0.5,2,Car,54.66982844094009,1,1,100.0
nuscenes_mini_subset,scene-0103_035,-0.5,3,Car,29.336125236953837,13,13,100.0
nuscenes_mini_subset,scene-0103_035,-0.5,4,Car,26.126671721051036,0,0,nan
nuscenes_mini_subset,scene-0103_035,-0.5,5,Car,37.34536615981154,0,0,nan
nuscenes_mini_subset,scene-0103_035,-0.5,6,Car,67.32339057902352,2,2,100.0
nuscenes_mini_subset,scene-0103_035,-0.5,7,Car,12.239999291227182,149,148,99.32885906040268
nuscenes_mini_subset,scene-0103_035,-0.5,8,Car,73.00299215453897,2,2,100.0
nuscenes_mini_subset,scene-0103_035,-0.5,9,Car,19.819954337284504,49,49,100.0
nuscenes_mini_subset,scene-0103_035,-0.5,10,Car,5.998426076928076,25,16,64.0
nuscenes_mini_subset,scene-0103_035,-0.5,11,TrafficCone,14.597180672615595,1,1,100.0
nuscenes_mini_subset,scene-0103_035,-0.5,12,Truck,11.384047667880752,103,103,100.0
nuscenes_mini_subset,scene-0103_035,-0.5,13,Pedestrian,25.18141210027572,0,0,nan
nuscenes_mini_subset,scene-0103_035,-0.5,14,Car,35.29832519644236,2,2,100.0
nuscenes_mini_subset,scene-0103_035,-0.5,15,Car,17.9062238539822,26,26,100.0
nuscenes_mini_subset,scene-0103_035,0,0,Pedestrian,25.044943893944108,0,0,nan
nuscenes_mini_subset,scene-0103_035,0,1,Car,32.658105958655796,17,17,100.0
nuscenes_mini_subset,scene-0103_035,0,2,Car,54.66982844094009,1,1,100.0
nuscenes_mini_subset,scene-0103_035,0,3,Car,29.336125236953837,13,13,100.0
nuscenes_mini_subset,scene-0103_035,0,4,Car,26.126671721051036,0,0,nan
nuscenes_mini_subset,scene-0103_035,0,5,Car,37.34536615981154,0,0,nan
nuscenes_mini_subset,scene-0103_035,0,6,Car,67.32339057902352,2,2,100.0
nuscenes_mini_subset,scene-0103_035,0,7,Car,12.239999291227182,149,149,100.0
nuscenes_mini_subset,scene-0103_035,0,8,Car,73.00299215453897,2,2,100.0
nuscenes_mini_subset,scene-0103_035,0,9,Car,19.819954337284504,49,49,100.0
nuscenes_mini_subset,scene-0103_035,0,10,Car,5.998426076928076,25,24,96.0
nuscenes_mini_subset,scene-0103_035,0,11,TrafficCone,14.597180672615595,1,1,100.0
nuscenes_mini_subset,scene-0103_035,0,12,Truck,11.384047667880752,103,103,100.0
nuscenes_mini_subset,scene-0103_035,0,13,Pedestrian,25.18141210027572,0,0,nan
nuscenes_mini_subset,scene-0103_035,0,14,Car,35.29832519644236,2,2,100.0
nuscenes_mini_subset,scene-0103_035,0,15,Car,17.9062238539822,26,26,100.0
nuscenes_mini_subset,scene-0103_035,0.5,0,Pedestrian,25.044943893944108,0,0,nan
nuscenes_mini_subset,scene-0103_035,0.5,1,Car,32.658105958655796,17,16,94.11764705882354
nuscenes_mini_subset,scene-0103_035,0.5,2,Car,54.66982844094009,1,1,100.0
nuscenes_mini_subset,scene-0103_035,0.5,3,Car,29.336125236953837,13,13,100.0
nuscenes_mini_subset,scene-0103_035,0.5,4,Car,26.126671721051036,0,0,nan
nuscenes_mini_subset,scene-0103_035,0.5,5,Car,37.34536615981154,0,0,nan
nuscenes_mini_subset,scene-0103_035,0.5,6,Car,67.32339057902352,2,2,100.0
nuscenes_mini_subset,scene-0103_035,0.5,7,Car,12.239999291227182,149,149,100.0
nuscenes_mini_subset,scene-0103_035,0.5,8,Car,73.00299215453897,2,1,50.0
nuscenes_mini_subset,scene-0103_035,0.5,9,Car,19.819954337284504,49,49,100.0
nuscenes_mini_subset,scene-0103_035,0.5,10,Car,5.998426076928076,25,25,100.0
nuscenes_mini_subset,scene-0103_035,0.5,11,TrafficCone,14.597180672615595,1,1,100.0
nuscenes_mini_subset,scene-0103_035,0.5,12,Truck,11.384047667880752,103,92,89.32038834951456
nuscenes_mini_subset,scene-0103_035,0.5,13,Pedestrian,25.18141210027572,0,0,nan
nuscenes_mini_subset,scene-0103_035,0.5,14,Car,35.29832519644236,2,2,100.0
nuscenes_mini_subset,scene-0103_035,0.5,15,Car,17.9062238539822,26,25,96.15384615384616
nuscenes_mini_subset,scene-0103_035,1,0,Pedestrian,25.044943893944108,0,0,nan
nuscenes_mini_subset,scene-0103_035,1,1,Car,32.658105958655796,17,14,82.3529411764706
nuscenes_mini_subset,scene-0103_035,1,2,Car,54.66982844094009,1,0,0.0
nuscenes_mini_subset,scene-0103_035,1,3,Car,29.336125236953837,13,13,100.0
nuscenes_mini_subset,scene-0103_035,1,4,Car,26.126671721051036,0,0,nan
nuscenes_mini_subset,scene-0103_035,1,5,Car,37.34536615981154,0,0,nan
nuscenes_mini_subset,scene-0103_035,1,6,Car,67.32339057902352,2,1,50.0
nuscenes_mini_subset,scene-0103_035,1,7,Car,12.239999291227182,149,149,100.0
nuscenes_mini_subset,scene-0103_035,1,8,Car,73.00299215453897,2,0,0.0
nuscenes_mini_subset,scene-0103_035,1,9,Car,19.819954337284504,49,49,100.0
nuscenes_mini_subset,scene-0103_035,1,10,Car,5.998426076928076,25,25,100.0
nuscenes_mini_subset,scene-0103_035,1,11,TrafficCone,14.597180672615595,1,0,0.0
nuscenes_mini_subset,scene-0103_035,1,12,Truck,11.384047667880752,103,80,77.66990291262135
nuscenes_mini_subset,scene-0103_035,1,13,Pedestrian,25.18141210027572,0,0,nan
nuscenes_mini_subset,scene-0103_035,1,14,Car,35.29832519644236,2,2,100.0
nuscenes_mini_subset,scene-0103_035,1,15,Car,17.9062238539822,26,23,88.46153846153847
nuscenes_mini_subset,scene-0103_035,2,0,Pedestrian,25.044943893944108,0,0,nan
nuscenes_mini_subset,scene-0103_035,2,1,Car,32.658105958655796,17,8,47.05882352941177
nuscenes_mini_subset,scene-0103_035,2,2,Car,54.66982844094009,1,0,0.0
nuscenes_mini_subset,scene-0103_035,2,3,Car,29.336125236953837,13,9,69.23076923076923
nuscenes_mini_subset,scene-0103_035,2,4,Car,26.126671721051036,0,0,nan
nuscenes_mini_subset,scene-0103_035,2,5,Car,37.34536615981154,0,0,nan
nuscenes_mini_subset,scene-0103_035,2,6,Car,67.32339057902352,2,0,0.0
nuscenes_mini_subset,scene-0103_035,2,7,Car,12.239999291227182,149,141,94.63087248322148
nuscenes_mini_subset,scene-0103_035,2,8,Car,73.00299215453897,2,0,0.0
nuscenes_mini_subset,scene-0103_035,2,9,Car,19.819954337284504,49,49,100.0
nuscenes_mini_subset,scene-0103_035,2,10,Car,5.998426076928076,25,18,72.0
nuscenes_mini_subset,scene-0103_035,2,11,TrafficCone,14.597180672615595,1,0,0.0
nuscenes_mini_subset,scene-0103_035,2,12,Truck,11.384047667880752,103,59,57.28155339805825
nuscenes_mini_subset,scene-0103_035,2,13,Pedestrian,25.18141210027572,0,0,nan
nuscenes_mini_subset,scene-0103_035,2,14,Car,35.29832519644236,2,1,50.0
nuscenes_mini_subset,scene-0103_035,2,15,Car,17.9062238539822,26,22,84.61538461538461
nuscenes_mini_subset,scene-0103_035,3,0,Pedestrian,25.044943893944108,0,0,nan
nuscenes_mini_subset,scene-0103_035,3,1,Car,32.658105958655796,17,4,23.529411764705884
nuscenes_mini_subset,scene-0103_035,3,2,Car,54.66982844094009,1,0,0.0
nuscenes_mini_subset,scene-0103_035,3,3,Car,29.336125236953837,13,5,38.46153846153846
nuscenes_mini_subset,scene-0103_035,3,4,Car,26.126671721051036,0,0,nan
nuscenes_mini_subset,scene-0103_035,3,5,Car,37.34536615981154,0,0,nan
nuscenes_mini_subset,scene-0103_035,3,6,Car,67.32339057902352,2,0,0.0
nuscenes_mini_subset,scene-0103_035,3,7,Car,12.239999291227182,149,128,85.90604026845638
nuscenes_mini_subset,scene-0103_035,3,8,Car,73.00299215453897,2,0,0.0
nuscenes_mini_subset,scene-0103_035,3,9,Car,19.819954337284504,49,42,85.71428571428571
nuscenes_mini_subset,scene-0103_035,3,10,Car,5.998426076928076,25,5,20.0
nuscenes_mini_subset,scene-0103_035,3,11,TrafficCone,14.597180672615595,1,0,0.0
nuscenes_mini_subset,scene-0103_035,3,12,Truck,11.384047667880752,103,41,39.80582524271845
nuscenes_mini_subset,scene-0103_035,3,13,Pedestrian,25.18141210027572,0,0,nan
nuscenes_mini_subset,scene-0103_035,3,14,Car,35.29832519644236,2,0,0.0
nuscenes_mini_subset,scene-0103_035,3,15,Car,17.9062238539822,26,18,69.23076923076923
nuscenes_mini_subset,scene-0103_036,-3,0,Pedestrian,22.540694139549675,0,0,nan
nuscenes_mini_subset,scene-0103_036,-3,1,Car,29.42048690703001,25,10,40.0
nuscenes_mini_subset,scene-0103_036,-3,2,Car,51.42268008492281,1,0,0.0
nuscenes_mini_subset,scene-0103_036,-3,3,Car,26.090928098640475,16,8,50.0
nuscenes_mini_subset,scene-0103_036,-3,4,Car,19.323826896391736,17,10,58.8235294117647
nuscenes_mini_subset,scene-0103_036,-3,5,Car,34.106977424354014,3,0,0.0
nuscenes_mini_subset,scene-0103_036,-3,6,Car,64.07741505715063,1,0,0.0
nuscenes_mini_subset,scene-0103_036,-3,7,Car,8.994992048643374,107,56,52.33644859813084
nuscenes_mini_subset,scene-0103_036,-3,8,Car,69.47863118532685,2,0,0.0
nuscenes_mini_subset,scene-0103_036,-3,9,Car,16.582039374654308,74,57,77.02702702702703
nuscenes_mini_subset,scene-0103_036,-3,10,TrafficCone,11.355831065452133,0,0,nan
nuscenes_mini_subset,scene-0103_036,-3,11,Truck,8.176647943486731,0,0,nan
nuscenes_mini_subset,scene-0103_036,-3,12,Pedestrian,22.68232146754615,0,0,nan
nuscenes_mini_subset,scene-0103_036,-3,13,Car,32.079197870418575,1,0,0.0
nuscenes_mini_subset,scene-0103_036,-3,14,Car,14.660321185087108,38,37,97.36842105263158
nuscenes_mini_subset,scene-0103_036,-2,0,Pedestrian,22.540694139549675,0,0,nan
nuscenes_mini_subset,scene-0103_036,-2,1,Car,29.42048690703001,25,17,68.0
nuscenes_mini_subset,scene-0103_036,-2,2,Car,51.42268008492281,1,0,0.0
nuscenes_mini_subset,scene-0103_036,-2,3,Car,26.090928098640475,16,11,68.75
nuscenes_mini_subset,scene-0103_036,-2,4,Car,19.323826896391736,17,13,76.47058823529412
nuscenes_mini_subset,scene-0103_036,-2,5,Car,34.106977424354014,3,1,33.333333333333336
nuscenes_mini_subset,scene-0103_036,-2,6,Car,64.07741505715063,1,0,0.0
nuscenes_mini_subset,scene-0103_036,-2,7,Car,8.994992048643374,107,72,67.28971962616822
nuscenes_mini_subset,scene-0103_036,-2,8,Car,69.47863118532685,2,0,0.0
nuscenes_mini_subset,scene-0103_036,-2,9,Car,16.582039374654308,74,65,87.83783783783784
nuscenes_mini_subset,scene-0103_036,-2,10,TrafficCone,11.355831065452133,0,0,nan
nuscenes_mini_subset,scene-0103_036,-2,11,Truck,8.176647943486731,0,0,nan
nuscenes_mini_subset,scene-0103_036,-2,12,Pedestrian,22.68232146754615,0,0,nan
nuscenes_mini_subset,scene-0103_036,-2,13,Car,32.079197870418575,1,0,0.0
nuscenes_mini_subset,scene-0103_036,-2,14,Car,14.660321185087108,38,37,97.36842105263158
nuscenes_mini_subset,scene-0103_036,-1,0,Pedestrian,22.540694139549675,0,0,nan
nuscenes_mini_subset,scene-0103_036,-1,1,Car,29.42048690703001,25,22,88.0
nuscenes_mini_subset,scene-0103_036,-1,2,Car,51.42268008492281,1,1,100.0
nuscenes_mini_subset,scene-0103_036,-1,3,Car,26.090928098640475,16,14,87.5
nuscenes_mini_subset,scene-0103_036,-1,4,Car,19.323826896391736,17,16,94.11764705882354
nuscenes_mini_subset,scene-0103_036,-1,5,Car,34.106977424354014,3,2,66.66666666666667
nuscenes_mini_subset,scene-0103_036,-1,6,Car,64.07741505715063,1,0,0.0
nuscenes_mini_subset,scene-0103_036,-1,7,Car,8.994992048643374,107,91,85.04672897196262
nuscenes_mini_subset,scene-0103_036,-1,8,Car,69.47863118532685,2,2,100.0
nuscenes_mini_subset,scene-0103_036,-1,9,Car,16.582039374654308,74,73,98.64864864864865
nuscenes_mini_subset,scene-0103_036,-1,10,TrafficCone,11.355831065452133,0,0,nan
nuscenes_mini_subset,scene-0103_036,-1,11,Truck,8.176647943486731,0,0,nan
nuscenes_mini_subset,scene-0103_036,-1,12,Pedestrian,22.68232146754615,0,0,nan
nuscenes_mini_subset,scene-0103_036,-1,13,Car,32.079197870418575,1,1,100.0
nuscenes_mini_subset,scene-0103_036,-1,14,Car,14.660321185087108,38,38,100.0
nuscenes_mini_subset,scene-0103_036,-0.5,0,Pedestrian,22.540694139549675,0,0,nan
nuscenes_mini_subset,scene-0103_036,-0.5,1,Car,29.42048690703001,25,24,96.0
nuscenes_mini_subset,scene-0103_036,-0.5,2,Car,51.42268008492281,1,1,100.0
nuscenes_mini_subset,scene-0103_036,-0.5,3,Car,26.090928098640475,16,16,100.0
nuscenes_mini_subset,scene-0103_036,-0.5,4,Car,19.323826896391736,17,17,100.0
nuscenes_mini_subset,scene-0103_036,-0.5,5,Car,34.106977424354014,3,3,100.0
nuscenes_mini_subset,scene-0103_036,-0.5,6,Car,64.07741505715063,1,1,100.0
nuscenes_mini_subset,scene-0103_036,-0.5,7,Car,8.994992048643374,107,100,93.45794392523365
nuscenes_mini_subset,scene-0103_036,-0.5,8,Car,69.47863118532685,2,2,100.0
nuscenes_mini_subset,scene-0103_036,-0.5,9,Car,16.582039374654308,74,74,100.0
nuscenes_mini_subset,scene-0103_036,-0.5,10,TrafficCone,11.355831065452133,0,0,nan
nuscenes_mini_subset,scene-0103_036,-0.5,11,Truck,8.176647943486731,0,0,nan
nuscenes_mini_subset,scene-0103_036,-0.5,12,Pedestrian,22.68232146754615,0,0,nan
nuscenes_mini_subset,scene-0103_036,-0.5,13,Car,32.079197870418575,1,1,100.0
nuscenes_mini_subset,scene-0103_036,-0.5,14,Car,14.660321185087108,38,38,100.0
nuscenes_mini_subset,scene-0103_036,0,0,Pedestrian,22.540694139549675,0,0,nan
nuscenes_mini_subset,scene-0103_036,0,1,Car,29.42048690703001,25,25,100.0
nuscenes_mini_subset,scene-0103_036,0,2,Car,51.42268008492281,1,1,100.0
nuscenes_mini_subset,scene-0103_036,0,3,Car,26.090928098640475,16,16,100.0
nuscenes_mini_subset,scene-0103_036,0,4,Car,19.323826896391736,17,17,100.0
nuscenes_mini_subset,scene-0103_036,0,5,Car,34.106977424354014,3,3,100.0
nuscenes_mini_subset,scene-0103_036,0,6,Car,64.07741505715063,1,1,100.0
nuscenes_mini_subset,scene-0103_036,0,7,Car,8.994992048643374,107,107,100.0
nuscenes_mini_subset,scene-0103_036,0,8,Car,69.47863118532685,2,2,100.0
nuscenes_mini_subset,scene-0103_036,0,9,Car,16.582039374654308,74,74,100.0
nuscenes_mini_subset,scene-0103_036,0,10,TrafficCone,11.355831065452133,0,0,nan
nuscenes_mini_subset,scene-0103_036,0,11,Truck,8.176647943486731,0,0,nan
nuscenes_mini_subset,scene-0103_036,0,12,Pedestrian,22.68232146754615,0,0,nan
nuscenes_mini_subset,scene-0103_036,0,13,Car,32.079197870418575,1,1,100.0
nuscenes_mini_subset,scene-0103_036,0,14,Car,14.660321185087108,38,38,100.0
nuscenes_mini_subset,scene-0103_036,0.5,0,Pedestrian,22.540694139549675,0,0,nan
nuscenes_mini_subset,scene-0103_036,0.5,1,Car,29.42048690703001,25,25,100.0
nuscenes_mini_subset,scene-0103_036,0.5,2,Car,51.42268008492281,1,1,100.0
nuscenes_mini_subset,scene-0103_036,0.5,3,Car,26.090928098640475,16,15,93.75
nuscenes_mini_subset,scene-0103_036,0.5,4,Car,19.323826896391736,17,17,100.0
nuscenes_mini_subset,scene-0103_036,0.5,5,Car,34.106977424354014,3,3,100.0
nuscenes_mini_subset,scene-0103_036,0.5,6,Car,64.07741505715063,1,1,100.0
nuscenes_mini_subset,scene-0103_036,0.5,7,Car,8.994992048643374,107,107,100.0
nuscenes_mini_subset,scene-0103_036,0.5,8,Car,69.47863118532685,2,1,50.0
nuscenes_mini_subset,scene-0103_036,0.5,9,Car,16.582039374654308,74,71,95.94594594594595
nuscenes_mini_subset,scene-0103_036,0.5,10,TrafficCone,11.355831065452133,0,0,nan
nuscenes_mini_subset,scene-0103_036,0.5,11,Truck,8.176647943486731,0,0,nan
nuscenes_mini_subset,scene-0103_036,0.5,12,Pedestrian,22.68232146754615,0,0,nan
nuscenes_mini_subset,scene-0103_036,0.5,13,Car,32.079197870418575,1,1,100.0
nuscenes_mini_subset,scene-0103_036,0.5,14,Car,14.660321185087108,38,38,100.0
nuscenes_mini_subset,scene-0103_036,1,0,Pedestrian,22.540694139549675,0,0,nan
nuscenes_mini_subset,scene-0103_036,1,1,Car,29.42048690703001,25,23,92.0
nuscenes_mini_subset,scene-0103_036,1,2,Car,51.42268008492281,1,0,0.0
nuscenes_mini_subset,scene-0103_036,1,3,Car,26.090928098640475,16,15,93.75
nuscenes_mini_subset,scene-0103_036,1,4,Car,19.323826896391736,17,13,76.47058823529412
nuscenes_mini_subset,scene-0103_036,1,5,Car,34.106977424354014,3,3,100.0
nuscenes_mini_subset,scene-0103_036,1,6,Car,64.07741505715063,1,1,100.0
nuscenes_mini_subset,scene-0103_036,1,7,Car,8.994992048643374,107,107,100.0
nuscenes_mini_subset,scene-0103_036,1,8,Car,69.47863118532685,2,0,0.0
nuscenes_mini_subset,scene-0103_036,1,9,Car,16.582039374654308,74,69,93.24324324324324
nuscenes_mini_subset,scene-0103_036,1,10,TrafficCone,11.355831065452133,0,0,nan
nuscenes_mini_subset,scene-0103_036,1,11,Truck,8.176647943486731,0,0,nan
nuscenes_mini_subset,scene-0103_036,1,12,Pedestrian,22.68232146754615,0,0,nan
nuscenes_mini_subset,scene-0103_036,1,13,Car,32.079197870418575,1,1,100.0
nuscenes_mini_subset,scene-0103_036,1,14,Car,14.660321185087108,38,36,94.73684210526316
nuscenes_mini_subset,scene-0103_036,2,0,Pedestrian,22.540694139549675,0,0,nan
nuscenes_mini_subset,scene-0103_036,2,1,Car,29.42048690703001,25,16,64.0
nuscenes_mini_subset,scene-0103_036,2,2,Car,51.42268008492281,1,0,0.0
nuscenes_mini_subset,scene-0103_036,2,3,Car,26.090928098640475,16,11,68.75
nuscenes_mini_subset,scene-0103_036,2,4,Car,19.323826896391736,17,11,64.70588235294117
nuscenes_mini_subset,scene-0103_036,2,5,Car,34.106977424354014,3,3,100.0
nuscenes_mini_subset,scene-0103_036,2,6,Car,64.07741505715063,1,0,0.0
nuscenes_mini_subset,scene-0103_036,2,7,Car,8.994992048643374,107,101,94.39252336448598
nuscenes_mini_subset,scene-0103_036,2,8,Car,69.47863118532685,2,0,0.0
nuscenes_mini_subset,scene-0103_036,2,9,Car,16.582039374654308,74,68,91.89189189189189
nuscenes_mini_subset,scene-0103_036,2,10,TrafficCone,11.355831065452133,0,0,nan
nuscenes_mini_subset,scene-0103_036,2,11,Truck,8.176647943486731,0,0,nan
nuscenes_mini_subset,scene-0103_036,2,12,Pedestrian,22.68232146754615,0,0,nan
nuscenes_mini_subset,scene-0103_036,2,13,Car,32.079197870418575,1,1,100.0
nuscenes_mini_subset,scene-0103_036,2,14,Car,14.660321185087108,38,32,84.21052631578948
nuscenes_mini_subset,scene-0103_036,3,0,Pedestrian,22.540694139549675,0,0,nan
nuscenes_mini_subset,scene-0103_036,3,1,Car,29.42048690703001,25,8,32.0
nuscenes_mini_subset,scene-0103_036,3,2,Car,51.42268008492281,1,0,0.0
nuscenes_mini_subset,scene-0103_036,3,3,Car,26.090928098640475,16,8,50.0
nuscenes_mini_subset,scene-0103_036,3,4,Car,19.323826896391736,17,9,52.94117647058823
nuscenes_mini_subset,scene-0103_036,3,5,Car,34.106977424354014,3,1,33.333333333333336
nuscenes_mini_subset,scene-0103_036,3,6,Car,64.07741505715063,1,0,0.0
nuscenes_mini_subset,scene-0103_036,3,7,Car,8.994992048643374,107,96,89.7196261682243
nuscenes_mini_subset,scene-0103_036,3,8,Car,69.47863118532685,2,0,0.0
nuscenes_mini_subset,scene-0103_036,3,9,Car,16.582039374654308,74,60,81.08108108108108
nuscenes_mini_subset,scene-0103_036,3,10,TrafficCone,11.355831065452133,0,0,nan
nuscenes_mini_subset,scene-0103_036,3,11,Truck,8.176647943486731,0,0,nan
nuscenes_mini_subset,scene-0103_036,3,12,Pedestrian,22.68232146754615,0,0,nan
nuscenes_mini_subset,scene-0103_036,3,13,Car,32.079197870418575,1,0,0.0
nuscenes_mini_subset,scene-0103_036,3,14,Car,14.660321185087108,38,27,71.05263157894737
nuscenes_mini_subset,scene-0103_037,-3,0,Car,34.20859972146893,1,0,0.0
nuscenes_mini_subset,scene-0103_037,-3,1,Pedestrian,19.21129092213704,0,0,nan
nuscenes_mini_subset,scene-0103_037,-3,2,Bicycle,18.4502068191916,1,0,0.0
nuscenes_mini_subset,scene-0103_037,-3,3,Car,25.360002178050443,29,19,65.51724137931035
nuscenes_mini_subset,scene-0103_037,-3,4,Car,47.323057799537125,0,0,nan
nuscenes_mini_subset,scene-0103_037,-3,5,Car,21.993758445880356,21,13,61.904761904761905
nuscenes_mini_subset,scene-0103_037,-3,6,Car,11.983310609471113,105,88,83.80952380952381
nuscenes_mini_subset,scene-0103_037,-3,7,Car,30.03821062442118,2,0,0.0
nuscenes_mini_subset,scene-0103_037,-3,8,Car,59.97551566680742,0,0,nan
nuscenes_mini_subset,scene-0103_037,-3,9,Car,4.977560790653488,0,0,nan
nuscenes_mini_subset,scene-0103_037,-3,10,Car,65.55055817038892,2,0,0.0
nuscenes_mini_subset,scene-0103_037,-3,11,Car,12.512515485600016,49,34,69.38775510204081
nuscenes_mini_subset,scene-0103_037,-3,12,Pedestrian,19.355238297820613,0,0,nan
nuscenes_mini_subset,scene-0103_037,-3,13,Car,28.00813546032459,6,2,33.333333333333336
nuscenes_mini_subset,scene-0103_037,-3,14,Car,10.565008280472147,127,79,62.20472440944882
nuscenes_mini_subset,scene-0103_037,-2,0,Car,34.20859972146893,1,1,100.0
nuscenes_mini_subset,scene-0103_037,-2,1,Pedestrian,19.21129092213704,0,0,nan
nuscenes_mini_subset,scene-0103_037,-2,2,Bicycle,18.4502068191916,1,1,100.0
nuscenes_mini_subset,scene-0103_037,-2,3,Car,25.360002178050443,29,23,79.3103448275862
nuscenes_mini_subset,scene-0103_037,-2,4,Car,47.323057799537125,0,0,nan
nuscenes_mini_subset,scene-0103_037,-2,5,Car,21.993758445880356,21,16,76.19047619047619
nuscenes_mini_subset,scene-0103_037,-2,6,Car,11.983310609471113,105,97,92.38095238095238
nuscenes_mini_subset,scene-0103_037,-2,7,Car,30.03821062442118,2,2,100.0
nuscenes_mini_subset,scene-0103_037,-2,8,Car,59.97551566680742,0,0,nan
nuscenes_mini_subset,scene-0103_037,-2,9,Car,4.977560790653488,0,0,nan
nuscenes_mini_subset,scene-0103_037,-2,10,Car,65.55055817038892,2,0,0.0
nuscenes_mini_subset,scene-0103_037,-2,11,Car,12.512515485600016,49,44,89.79591836734694
nuscenes_mini_subset,scene-0103_037,-2,12,Pedestrian,19.355238297820613,0,0,nan
nuscenes_mini_subset,scene-0103_037,-2,13,Car,28.00813546032459,6,5,83.33333333333333
nuscenes_mini_subset,scene-0103_037,-2,14,Car,10.565008280472147,127,93,73.22834645669292
nuscenes_mini_subset,scene-0103_037,-1,0,Car,34.20859972146893,1,1,100.0
nuscenes_mini_subset,scene-0103_037,-1,1,Pedestrian,19.21129092213704,0,0,nan
nuscenes_mini_subset,scene-0103_037,-1,2,Bicycle,18.4502068191916,1,1,100.0
nuscenes_mini_subset,scene-0103_037,-1,3,Car,25.360002178050443,29,28,96.55172413793103
nuscenes_mini_subset,scene-0103_037,-1,4,Car,47.323057799537125,0,0,nan
nuscenes_mini_subset,scene-0103_037,-1,5,Car,21.993758445880356,21,19,90.47619047619048
nuscenes_mini_subset,scene-0103_037,-1,6,Car,11.983310609471113,105,104,99.04761904761905
nuscenes_mini_subset,scene-0103_037,-1,7,Car,30.03821062442118,2,2,100.0
nuscenes_mini_subset,scene-0103_037,-1,8,Car,59.97551566680742,0,0,nan
nuscenes_mini_subset,scene-0103_037,-1,9,Car,4.977560790653488,0,0,nan
nuscenes_mini_subset,scene-0103_037,-1,10,Car,65.55055817038892,2,1,50.0
nuscenes_mini_subset,scene-0103_037,-1,11,Car,12.512515485600016,49,48,97.95918367346938
nuscenes_mini_subset,scene-0103_037,-1,12,Pedestrian,19.355238297820613,0,0,nan
nuscenes_mini_subset,scene-0103_037,-1,13,Car,28.00813546032459,6,6,100.0
nuscenes_mini_subset,scene-0103_037,-1,14,Car,10.565008280472147,127,109,85.8267716535433
nuscenes_mini_subset,scene-0103_037,-0.5,0,Car,34.20859972146893,1,1,100.0
nuscenes_mini_subset,scene-0103_037,-0.5,1,Pedestrian,19.21129092213704,0,0,nan
nuscenes_mini_subset,scene-0103_037,-0.5,2,Bicycle,18.4502068191916,1,1,100.0
nuscenes_mini_subset,scene-0103_037,-0.5,3,Car,25.360002178050443,29,29,100.0
nuscenes_mini_subset,scene-0103_037,-0.5,4,Car,47.323057799537125,0,0,nan
nuscenes_mini_subset,scene-0103_037,-0.5,5,Car,21.993758445880356,21,21,100.0
nuscenes_mini_subset,scene-0103_037,-0.5,6,Car,11.983310609471113,105,105,100.0
nuscenes_mini_subset,scene-0103_037,-0.5,7,Car,30.03821062442118,2,2,100.0
nuscenes_mini_subset,scene-0103_037,-0.5,8,Car,59.97551566680742,0,0,nan
nuscenes_mini_subset,scene-0103_037,-0.5,9,Car,4.977560790653488,0,0,nan
nuscenes_mini_subset,scene-0103_037,-0.5,10,Car,65.55055817038892,2,2,100.0
nuscenes_mini_subset,scene-0103_037,-0.5,11,Car,12.512515485600016,49,49,100.0
nuscenes_mini_subset,scene-0103_037,-0.5,12,Pedestrian,19.355238297820613,0,0,nan
nuscenes_mini_subset,scene-0103_037,-0.5,13,Car,28.00813546032459,6,6,100.0
nuscenes_mini_subset,scene-0103_037,-0.5,14,Car,10.565008280472147,127,117,92.1259842519685
nuscenes_mini_subset,scene-0103_037,0,0,Car,34.20859972146893,1,1,100.0
nuscenes_mini_subset,scene-0103_037,0,1,Pedestrian,19.21129092213704,0,0,nan
nuscenes_mini_subset,scene-0103_037,0,2,Bicycle,18.4502068191916,1,1,100.0
nuscenes_mini_subset,scene-0103_037,0,3,Car,25.360002178050443,29,29,100.0
nuscenes_mini_subset,scene-0103_037,0,4,Car,47.323057799537125,0,0,nan
nuscenes_mini_subset,scene-0103_037,0,5,Car,21.993758445880356,21,21,100.0
nuscenes_mini_subset,scene-0103_037,0,6,Car,11.983310609471113,105,105,100.0
nuscenes_mini_subset,scene-0103_037,0,7,Car,30.03821062442118,2,2,100.0
nuscenes_mini_subset,scene-0103_037,0,8,Car,59.97551566680742,0,0,nan
nuscenes_mini_subset,scene-0103_037,0,9,Car,4.977560790653488,0,0,nan
nuscenes_mini_subset,scene-0103_037,0,10,Car,65.55055817038892,2,2,100.0
nuscenes_mini_subset,scene-0103_037,0,11,Car,12.512515485600016,49,49,100.0
nuscenes_mini_subset,scene-0103_037,0,12,Pedestrian,19.355238297820613,0,0,nan
nuscenes_mini_subset,scene-0103_037,0,13,Car,28.00813546032459,6,6,100.0
nuscenes_mini_subset,scene-0103_037,0,14,Car,10.565008280472147,127,126,99.21259842519684
nuscenes_mini_subset,scene-0103_037,0.5,0,Car,34.20859972146893,1,1,100.0
nuscenes_mini_subset,scene-0103_037,0.5,1,Pedestrian,19.21129092213704,0,0,nan
nuscenes_mini_subset,scene-0103_037,0.5,2,Bicycle,18.4502068191916,1,1,100.0
nuscenes_mini_subset,scene-0103_037,0.5,3,Car,25.360002178050443,29,28,96.55172413793103
nuscenes_mini_subset,scene-0103_037,0.5,4,Car,47.323057799537125,0,0,nan
nuscenes_mini_subset,scene-0103_037,0.5,5,Car,21.993758445880356,21,20,95.23809523809524
nuscenes_mini_subset,scene-0103_037,0.5,6,Car,11.983310609471113,105,105,100.0
nuscenes_mini_subset,scene-0103_037,0.5,7,Car,30.03821062442118,2,2,100.0
nuscenes_mini_subset,scene-0103_037,0.5,8,Car,59.97551566680742,0,0,nan
nuscenes_mini_subset,scene-0103_037,0.5,9,Car,4.977560790653488,0,0,nan
nuscenes_mini_subset,scene-0103_037,0.5,10,Car,65.55055817038892,2,1,50.0
nuscenes_mini_subset,scene-0103_037,0.5,11,Car,12.512515485600016,49,44,89.79591836734694
nuscenes_mini_subset,scene-0103_037,0.5,12,Pedestrian,19.355238297820613,0,0,nan
nuscenes_mini_subset,scene-0103_037,0.5,13,Car,28.00813546032459,6,6,100.0
nuscenes_mini_subset,scene-0103_037,0.5,14,Car,10.565008280472147,127,127,100.0
nuscenes_mini_subset,scene-0103_037,1,0,Car,34.20859972146893,1,1,100.0
nuscenes_mini_subset,scene-0103_037,1,1,Pedestrian,19.21129092213704,0,0,nan
nuscenes_mini_subset,scene-0103_037,1,2,Bicycle,18.4502068191916,1,1,100.0
nuscenes_mini_subset,scene-0103_037,1,3,Car,25.360002178050443,29,26,89.65517241379311
nuscenes_mini_subset,scene-0103_037,1,4,Car,47.323057799537125,0,0,nan
nuscenes_mini_subset,scene-0103_037,1,5,Car,21.993758445880356,21,18,85.71428571428571
nuscenes_mini_subset,scene-0103_037,1,6,Car,11.983310609471113,105,105,100.0
nuscenes_mini_subset,scene-0103_037,1,7,Car,30.03821062442118,2,2,100.0
nuscenes_mini_subset,scene-0103_037,1,8,Car,59.97551566680742,0,0,nan
nuscenes_mini_subset,scene-0103_037,1,9,Car,4.977560790653488,0,0,nan
nuscenes_mini_subset,scene-0103_037,1,10,Car,65.55055817038892,2,0,0.0
nuscenes_mini_subset,scene-0103_037,1,11,Car,12.512515485600016,49,39,79.59183673469387
nuscenes_mini_subset,scene-0103_037,1,12,Pedestrian,19.355238297820613,0,0,nan
nuscenes_mini_subset,scene-0103_037,1,13,Car,28.00813546032459,6,5,83.33333333333333
nuscenes_mini_subset,scene-0103_037,1,14,Car,10.565008280472147,127,125,98.4251968503937
nuscenes_mini_subset,scene-0103_037,2,0,Car,34.20859972146893,1,0,0.0
nuscenes_mini_subset,scene-0103_037,2,1,Pedestrian,19.21129092213704,0,0,nan
nuscenes_mini_subset,scene-0103_037,2,2,Bicycle,18.4502068191916,1,0,0.0
nuscenes_mini_subset,scene-0103_037,2,3,Car,25.360002178050443,29,21,72.41379310344827
nuscenes_mini_subset,scene-0103_037,2,4,Car,47.323057799537125,0,0,nan
nuscenes_mini_subset,scene-0103_037,2,5,Car,21.993758445880356,21,16,76.19047619047619
nuscenes_mini_subset,scene-0103_037,2,6,Car,11.983310609471113,105,98,93.33333333333333
nuscenes_mini_subset,scene-0103_037,2,7,Car,30.03821062442118,2,2,100.0
nuscenes_mini_subset,scene-0103_037,2,8,Car,59.97551566680742,0,0,nan
nuscenes_mini_subset,scene-0103_037,2,9,Car,4.977560790653488,0,0,nan
nuscenes_mini_subset,scene-0103_037,2,10,Car,65.55055817038892,2,0,0.0
nuscenes_mini_subset,scene-0103_037,2,11,Car,12.512515485600016,49,33,67.34693877551021
nuscenes_mini_subset,scene-0103_037,2,12,Pedestrian,19.355238297820613,0,0,nan
nuscenes_mini_subset,scene-0103_037,2,13,Car,28.00813546032459,6,3,50.0
nuscenes_mini_subset,scene-0103_037,2,14,Car,10.565008280472147,127,118,92.91338582677166
nuscenes_mini_subset,scene-0103_037,3,0,Car,34.20859972146893,1,0,0.0
nuscenes_mini_subset,scene-0103_037,3,1,Pedestrian,19.21129092213704,0,0,nan
nuscenes_mini_subset,scene-0103_037,3,2,Bicycle,18.4502068191916,1,0,0.0
nuscenes_mini_subset,scene-0103_037,3,3,Car,25.360002178050443,29,12,41.37931034482759
nuscenes_mini_subset,scene-0103_037,3,4,Car,47.323057799537125,0,0,nan
nuscenes_mini_subset,scene-0103_037,3,5,Car,21.993758445880356,21,14,66.66666666666667
nuscenes_mini_subset,scene-0103_037,3,6,Car,11.983310609471113,105,90,85.71428571428571
nuscenes_mini_subset,scene-0103_037,3,7,Car,30.03821062442118,2,1,50.0
nuscenes_mini_subset,scene-0103_037,3,8,Car,59.97551566680742,0,0,nan
nuscenes_mini_subset,scene-0103_037,3,9,Car,4.977560790653488,0,0,nan
nuscenes_mini_subset,scene-0103_037,3,10,Car,65.55055817038892,2,0,0.0
nuscenes_mini_subset,scene-0103_037,3,11,Car,12.512515485600016,49,25,51.02040816326531
nuscenes_mini_subset,scene-0103_037,3,12,Pedestrian,19.355238297820613,0,0,nan
nuscenes_mini_subset,scene-0103_037,3,13,Car,28.00813546032459,6,0,0.0
nuscenes_mini_subset,scene-0103_037,3,14,Car,10.565008280472147,127,114,89.76377952755905
nuscenes_mini_subset,scene-0103_038,-3,0,Car,30.127395939217323,2,1,50.0
nuscenes_mini_subset,scene-0103_038,-3,1,Bicycle,14.35681800911974,11,4,36.36363636363637
nuscenes_mini_subset,scene-0103_038,-3,2,Car,48.04408374402729,1,0,0.0
nuscenes_mini_subset,scene-0103_038,-3,3,Car,21.22834662014628,46,24,52.17391304347826
nuscenes_mini_subset,scene-0103_038,-3,4,Car,43.22593945344591,2,0,0.0
nuscenes_mini_subset,scene-0103_038,-3,5,Car,17.896020475405017,56,36,64.28571428571429
nuscenes_mini_subset,scene-0103_038,-3,6,Car,35.187856185226345,1,0,0.0
nuscenes_mini_subset,scene-0103_038,-3,7,Car,4.598296091963907,225,216,96.0
nuscenes_mini_subset,scene-0103_038,-3,8,Car,25.898512591955495,11,5,45.45454545454545
nuscenes_mini_subset,scene-0103_038,-3,9,Car,56.05872433217763,2,0,0.0
nuscenes_mini_subset,scene-0103_038,-3,10,Car,61.62462016723078,1,0,0.0
nuscenes_mini_subset,scene-0103_038,-3,11,Car,23.92308968489741,14,7,50.0
nuscenes_mini_subset,scene-0103_038,-3,12,Car,6.4662198261620905,26,0,0.0
nuscenes_mini_subset,scene-0103_038,-2,0,Car,30.127395939217323,2,2,100.0
nuscenes_mini_subset,scene-0103_038,-2,1,Bicycle,14.35681800911974,11,7,63.63636363636363
nuscenes_mini_subset,scene-0103_038,-2,2,Car,48.04408374402729,1,0,0.0
nuscenes_mini_subset,scene-0103_038,-2,3,Car,21.22834662014628,46,33,71.73913043478261
nuscenes_mini_subset,scene-0103_038,-2,4,Car,43.22593945344591,2,1,50.0
nuscenes_mini_subset,scene-0103_038,-2,5,Car,17.896020475405017,56,46,82.14285714285714
nuscenes_mini_subset,scene-0103_038,-2,6,Car,35.187856185226345,1,1,100.0
nuscenes_mini_subset,scene-0103_038,-2,7,Car,4.598296091963907,225,224,99.55555555555556
nuscenes_mini_subset,scene-0103_038,-2,8,Car,25.898512591955495,11,10,90.9090909090909
nuscenes_mini_subset,scene-0103_038,-2,9,Car,56.05872433217763,2,0,0.0
nuscenes_mini_subset,scene-0103_038,-2,10,Car,61.62462016723078,1,0,0.0
nuscenes_mini_subset,scene-0103_038,-2,11,Car,23.92308968489741,14,12,85.71428571428571
nuscenes_mini_subset,scene-0103_038,-2,12,Car,6.4662198261620905,26,4,15.384615384615385
nuscenes_mini_subset,scene-0103_038,-1,0,Car,30.127395939217323,2,2,100.0
nuscenes_mini_subset,scene-0103_038,-1,1,Bicycle,14.35681800911974,11,11,100.0
nuscenes_mini_subset,scene-0103_038,-1,2,Car,48.04408374402729,1,1,100.0
nuscenes_mini_subset,scene-0103_038,-1,3,Car,21.22834662014628,46,41,89.1304347826087
nuscenes_mini_subset,scene-0103_038,-1,4,Car,43.22593945344591,2,2,100.0
nuscenes_mini_subset,scene-0103_038,-1,5,Car,17.896020475405017,56,54,96.42857142857143
nuscenes_mini_subset,scene-0103_038,-1,6,Car,35.187856185226345,1,1,100.0
nuscenes_mini_subset,scene-0103_038,-1,7,Car,4.598296091963907,225,225,100.0
nuscenes_mini_subset,scene-0103_038,-1,8,Car,25.898512591955495,11,10,90.9090909090909
nuscenes_mini_subset,scene-0103_038,-1,9,Car,56.05872433217763,2,2,100.0
nuscenes_mini_subset,scene-0103_038,-1,10,Car,61.62462016723078,1,1,100.0
nuscenes_mini_subset,scene-0103_038,-1,11,Car,23.92308968489741,14,14,100.0
nuscenes_mini_subset,scene-0103_038,-1,12,Car,6.4662198261620905,26,13,50.0
nuscenes_mini_subset,scene-0103_038,-0.5,0,Car,30.127395939217323,2,2,100.0
nuscenes_mini_subset,scene-0103_038,-0.5,1,Bicycle,14.35681800911974,11,11,100.0
nuscenes_mini_subset,scene-0103_038,-0.5,2,Car,48.04408374402729,1,1,100.0
nuscenes_mini_subset,scene-0103_038,-0.5,3,Car,21.22834662014628,46,45,97.82608695652173
nuscenes_mini_subset,scene-0103_038,-0.5,4,Car,43.22593945344591,2,2,100.0
nuscenes_mini_subset,scene-0103_038,-0.5,5,Car,17.896020475405017,56,56,100.0
nuscenes_mini_subset,scene-0103_038,-0.5,6,Car,35.187856185226345,1,1,100.0
nuscenes_mini_subset,scene-0103_038,-0.5,7,Car,4.598296091963907,225,225,100.0
nuscenes_mini_subset,scene-0103_038,-0.5,8,Car,25.898512591955495,11,11,100.0
nuscenes_mini_subset,scene-0103_038,-0.5,9,Car,56.05872433217763,2,2,100.0
nuscenes_mini_subset,scene-0103_038,-0.5,10,Car,61.62462016723078,1,1,100.0
nuscenes_mini_subset,scene-0103_038,-0.5,11,Car,23.92308968489741,14,14,100.0
nuscenes_mini_subset,scene-0103_038,-0.5,12,Car,6.4662198261620905,26,20,76.92307692307692
nuscenes_mini_subset,scene-0103_038,0,0,Car,30.127395939217323,2,2,100.0
nuscenes_mini_subset,scene-0103_038,0,1,Bicycle,14.35681800911974,11,11,100.0
nuscenes_mini_subset,scene-0103_038,0,2,Car,48.04408374402729,1,1,100.0
nuscenes_mini_subset,scene-0103_038,0,3,Car,21.22834662014628,46,46,100.0
nuscenes_mini_subset,scene-0103_038,0,4,Car,43.22593945344591,2,2,100.0
nuscenes_mini_subset,scene-0103_038,0,5,Car,17.896020475405017,56,56,100.0
nuscenes_mini_subset,scene-0103_038,0,6,Car,35.187856185226345,1,1,100.0
nuscenes_mini_subset,scene-0103_038,0,7,Car,4.598296091963907,225,224,99.55555555555556
nuscenes_mini_subset,scene-0103_038,0,8,Car,25.898512591955495,11,11,100.0
nuscenes_mini_subset,scene-0103_038,0,9,Car,56.05872433217763,2,2,100.0
nuscenes_mini_subset,scene-0103_038,0,10,Car,61.62462016723078,1,1,100.0
nuscenes_mini_subset,scene-0103_038,0,11,Car,23.92308968489741,14,14,100.0
nuscenes_mini_subset,scene-0103_038,0,12,Car,6.4662198261620905,26,26,100.0
nuscenes_mini_subset,scene-0103_038,0.5,0,Car,30.127395939217323,2,2,100.0
nuscenes_mini_subset,scene-0103_038,0.5,1,Bicycle,14.35681800911974,11,11,100.0
nuscenes_mini_subset,scene-0103_038,0.5,2,Car,48.04408374402729,1,1,100.0
nuscenes_mini_subset,scene-0103_038,0.5,3,Car,21.22834662014628,46,46,100.0
nuscenes_mini_subset,scene-0103_038,0.5,4,Car,43.22593945344591,2,2,100.0
nuscenes_mini_subset,scene-0103_038,0.5,5,Car,17.896020475405017,56,56,100.0
nuscenes_mini_subset,scene-0103_038,0.5,6,Car,35.187856185226345,1,1,100.0
nuscenes_mini_subset,scene-0103_038,0.5,7,Car,4.598296091963907,225,215,95.55555555555556
nuscenes_mini_subset,scene-0103_038,0.5,8,Car,25.898512591955495,11,11,100.0
nuscenes_mini_subset,scene-0103_038,0.5,9,Car,56.05872433217763,2,2,100.0
nuscenes_mini_subset,scene-0103_038,0.5,10,Car,61.62462016723078,1,0,0.0
nuscenes_mini_subset,scene-0103_038,0.5,11,Car,23.92308968489741,14,14,100.0
nuscenes_mini_subset,scene-0103_038,0.5,12,Car,6.4662198261620905,26,26,100.0
nuscenes_mini_subset,scene-0103_038,1,0,Car,30.127395939217323,2,2,100.0
nuscenes_mini_subset,scene-0103_038,1,1,Bicycle,14.35681800911974,11,10,90.9090909090909
nuscenes_mini_subset,scene-0103_038,1,2,Car,48.04408374402729,1,1,100.0
nuscenes_mini_subset,scene-0103_038,1,3,Car,21.22834662014628,46,45,97.82608695652173
nuscenes_mini_subset,scene-0103_038,1,4,Car,43.22593945344591,2,1,50.0
nuscenes_mini_subset,scene-0103_038,1,5,Car,17.896020475405017,56,54,96.42857142857143
nuscenes_mini_subset,scene-0103_038,1,6,Car,35.187856185226345,1,1,100.0
nuscenes_mini_subset,scene-0103_038,1,7,Car,4.598296091963907,225,197,87.55555555555556
nuscenes_mini_subset,scene-0103_038,1,8,Car,25.898512591955495,11,11,100.0
nuscenes_mini_subset,scene-0103_038,1,9,Car,56.05872433217763,2,1,50.0
nuscenes_mini_subset,scene-0103_038,1,10,Car,61.62462016723078,1,0,0.0
nuscenes_mini_subset,scene-0103_038,1,11,Car,23.92308968489741,14,14,100.0
nuscenes_mini_subset,scene-0103_038,1,12,Car,6.4662198261620905,26,26,100.0
nuscenes_mini_subset,scene-0103_038,2,0,Car,30.127395939217323,2,0,0.0
nuscenes_mini_subset,scene-0103_038,2,1,Bicycle,14.35681800911974,11,5,45.45454545454545
nuscenes_mini_subset,scene-0103_038,2,2,Car,48.04408374402729,1,1,100.0
nuscenes_mini_subset,scene-0103_038,2,3,Car,21.22834662014628,46,42,91.30434782608695
nuscenes_mini_subset,scene-0103_038,2,4,Car,43.22593945344591,2,0,0.0
nuscenes_mini_subset,scene-0103_038,2,5,Car,17.896020475405017,56,52,92.85714285714286
nuscenes_mini_subset,scene-0103_038,2,6,Car,35.187856185226345,1,0,0.0
nuscenes_mini_subset,scene-0103_038,2,7,Car,4.598296091963907,225,174,77.33333333333333
nuscenes_mini_subset,scene-0103_038,2,8,Car,25.898512591955495,11,11,100.0
nuscenes_mini_subset,scene-0103_038,2,9,Car,56.05872433217763,2,0,0.0
nuscenes_mini_subset,scene-0103_038,2,10,Car,61.62462016723078,1,0,0.0
nuscenes_mini_subset,scene-0103_038,2,11,Car,23.92308968489741,14,9,64.28571428571429
nuscenes_mini_subset,scene-0103_038,2,12,Car,6.4662198261620905,26,18,69.23076923076923
nuscenes_mini_subset,scene-0103_038,3,0,Car,30.127395939217323,2,0,0.0
nuscenes_mini_subset,scene-0103_038,3,1,Bicycle,14.35681800911974,11,1,9.090909090909092
nuscenes_mini_subset,scene-0103_038,3,2,Car,48.04408374402729,1,1,100.0
nuscenes_mini_subset,scene-0103_038,3,3,Car,21.22834662014628,46,37,80.43478260869566
nuscenes_mini_subset,scene-0103_038,3,4,Car,43.22593945344591,2,0,0.0
nuscenes_mini_subset,scene-0103_038,3,5,Car,17.896020475405017,56,48,85.71428571428571
nuscenes_mini_subset,scene-0103_038,3,6,Car,35.187856185226345,1,0,0.0
nuscenes_mini_subset,scene-0103_038,3,7,Car,4.598296091963907,225,149,66.22222222222223
nuscenes_mini_subset,scene-0103_038,3,8,Car,25.898512591955495,11,9,81.81818181818181
nuscenes_mini_subset,scene-0103_038,3,9,Car,56.05872433217763,2,0,0.0
nuscenes_mini_subset,scene-0103_038,3,10,Car,61.62462016723078,1,0,0.0
nuscenes_mini_subset,scene-0103_038,3,11,Car,23.92308968489741,14,6,42.857142857142854
nuscenes_mini_subset,scene-0103_038,3,12,Car,6.4662198261620905,26,9,34.61538461538461
nuscenes_mini_subset,scene-0103_039,-3,0,Car,25.945237009937443,10,9,90.0
nuscenes_mini_subset,scene-0103_039,-3,1,Car,44.194855008926446,1,1,100.0
nuscenes_mini_subset,scene-0103_039,-3,2,Car,17.102775855399926,80,60,75.0
nuscenes_mini_subset,scene-0103_039,-3,3,Car,13.69987900181366,113,97,85.84070796460178
nuscenes_mini_subset,scene-0103_039,-3,4,Car,31.04805794108953,3,2,66.66666666666667
nuscenes_mini_subset,scene-0103_039,-3,5,Car,21.764938832580107,22,13,59.09090909090909
nuscenes_mini_subset,scene-0103_039,-3,6,Car,27.25334422968516,2,0,0.0
nuscenes_mini_subset,scene-0103_039,-3,7,Car,19.74215395571171,40,22,55.0
nuscenes_mini_subset,scene-0103_039,-2,0,Car,25.945237009937443,10,10,100.0
nuscenes_mini_subset,scene-0103_039,-2,1,Car,44.194855008926446,1,1,100.0
nuscenes_mini_subset,scene-0103_039,-2,2,Car,17.102775855399926,80,67,83.75
nuscenes_mini_subset,scene-0103_039,-2,3,Car,13.69987900181366,113,108,95.57522123893806
nuscenes_mini_subset,scene-0103_039,-2,4,Car,31.04805794108953,3,3,100.0
nuscenes_mini_subset,scene-0103_039,-2,5,Car,21.764938832580107,22,14,63.63636363636363
nuscenes_mini_subset,scene-0103_039,-2,6,Car,27.25334422968516,2,1,50.0
nuscenes_mini_subset,scene-0103_039,-2,7,Car,19.74215395571171,40,32,80.0
nuscenes_mini_subset,scene-0103_039,-1,0,Car,25.945237009937443,10,10,100.0
nuscenes_mini_subset,scene-0103_039,-1,1,Car,44.194855008926446,1,1,100.0
nuscenes_mini_subset,scene-0103_039,-1,2,Car,17.102775855399926,80,77,96.25
nuscenes_mini_subset,scene-0103_039,-1,3,Car,13.69987900181366,113,113,100.0
nuscenes_mini_subset,scene-0103_039,-1,4,Car,31.04805794108953,3,3,100.0
nuscenes_mini_subset,scene-0103_039,-1,5,Car,21.764938832580107,22,19,86.36363636363636
nuscenes_mini_subset,scene-0103_039,-1,6,Car,27.25334422968516,2,2,100.0
nuscenes_mini_subset,scene-0103_039,-1,7,Car,19.74215395571171,40,38,95.0
nuscenes_mini_subset,scene-0103_039,-0.5,0,Car,25.945237009937443,10,10,100.0
nuscenes_mini_subset,scene-0103_039,-0.5,1,Car,44.194855008926446,1,1,100.0
nuscenes_mini_subset,scene-0103_039,-0.5,2,Car,17.102775855399926,80,80,100.0
nuscenes_mini_subset,scene-0103_039,-0.5,3,Car,13.69987900181366,113,113,100.0
nuscenes_mini_subset,scene-0103_039,-0.5,4,Car,31.04805794108953,3,3,100.0
nuscenes_mini_subset,scene-0103_039,-0.5,5,Car,21.764938832580107,22,21,95.45454545454545
nuscenes_mini_subset,scene-0103_039,-0.5,6,Car,27.25334422968516,2,2,100.0
nuscenes_mini_subset,scene-0103_039,-0.5,7,Car,19.74215395571171,40,39,97.5
nuscenes_mini_subset,scene-0103_039,0,0,Car,25.945237009937443,10,10,100.0
nuscenes_mini_subset,scene-0103_039,0,1,Car,44.194855008926446,1,1,100.0
nuscenes_mini_subset,scene-0103_039,0,2,Car,17.102775855399926,80,80,100.0
nuscenes_mini_subset,scene-0103_039,0,3,Car,13.69987900181366,113,113,100.0
nuscenes_mini_subset,scene-0103_039,0,4,Car,31.04805794108953,3,3,100.0
nuscenes_mini_subset,scene-0103_039,0,5,Car,21.764938832580107,22,22,100.0
nuscenes_mini_subset,scene-0103_039,0,6,Car,27.25334422968516,2,2,100.0
nuscenes_mini_subset,scene-0103_039,0,7,Car,19.74215395571171,40,40,100.0
nuscenes_mini_subset,scene-0103_039,0.5,0,Car,25.945237009937443,10,9,90.0
nuscenes_mini_subset,scene-0103_039,0.5,1,Car,44.194855008926446,1,1,100.0
nuscenes_mini_subset,scene-0103_039,0.5,2,Car,17.102775855399926,80,80,100.0
nuscenes_mini_subset,scene-0103_039,0.5,3,Car,13.69987900181366,113,112,99.11504424778761
nuscenes_mini_subset,scene-0103_039,0.5,4,Car,31.04805794108953,3,3,100.0
nuscenes_mini_subset,scene-0103_039,0.5,5,Car,21.764938832580107,22,22,100.0
nuscenes_mini_subset,scene-0103_039,0.5,6,Car,27.25334422968516,2,2,100.0
nuscenes_mini_subset,scene-0103_039,0.5,7,Car,19.74215395571171,40,40,100.0
nuscenes_mini_subset,scene-0103_039,1,0,Car,25.945237009937443,10,9,90.0
nuscenes_mini_subset,scene-0103_039,1,1,Car,44.194855008926446,1,1,100.0
nuscenes_mini_subset,scene-0103_039,1,2,Car,17.102775855399926,80,78,97.5
nuscenes_mini_subset,scene-0103_039,1,3,Car,13.69987900181366,113,108,95.57522123893806
nuscenes_mini_subset,scene-0103_039,1,4,Car,31.04805794108953,3,3,100.0
nuscenes_mini_subset,scene-0103_039,1,5,Car,21.764938832580107,22,22,100.0
nuscenes_mini_subset,scene-0103_039,1,6,Car,27.25334422968516,2,2,100.0
nuscenes_mini_subset,scene-0103_039,1,7,Car,19.74215395571171,40,40,100.0
nuscenes_mini_subset,scene-0103_039,2,0,Car,25.945237009937443,10,3,30.0
nuscenes_mini_subset,scene-0103_039,2,1,Car,44.194855008926446,1,1,100.0
nuscenes_mini_subset,scene-0103_039,2,2,Car,17.102775855399926,80,75,93.75
nuscenes_mini_subset,scene-0103_039,2,3,Car,13.69987900181366,113,102,90.26548672566372
nuscenes_mini_subset,scene-0103_039,2,4,Car,31.04805794108953,3,0,0.0
nuscenes_mini_subset,scene-0103_039,2,5,Car,21.764938832580107,22,22,100.0
nuscenes_mini_subset,scene-0103_039,2,6,Car,27.25334422968516,2,2,100.0
nuscenes_mini_subset,scene-0103_039,2,7,Car,19.74215395571171,40,35,87.5
nuscenes_mini_subset,scene-0103_039,3,0,Car,25.945237009937443,10,0,0.0
nuscenes_mini_subset,scene-0103_039,3,1,Car,44.194855008926446,1,1,100.0
nuscenes_mini_subset,scene-0103_039,3,2,Car,17.102775855399926,80,66,82.5
nuscenes_mini_subset,scene-0103_039,3,3,Car,13.69987900181366,113,94,83.1858407079646
nuscenes_mini_subset,scene-0103_039,3,4,Car,31.04805794108953,3,0,0.0
nuscenes_mini_subset,scene-0103_039,3,5,Car,21.764938832580107,22,21,95.45454545454545
nuscenes_mini_subset,scene-0103_039,3,6,Car,27.25334422968516,2,2,100.0
nuscenes_mini_subset,scene-0103_039,3,7,Car,19.74215395571171,40,27,67.5
nuscenes_mini_subset,scene-1094_000,-3,0,personal_mobility,8.931564388264421,5,0,0.0
nuscenes_mini_subset,scene-1094_000,-3,1,Car,22.595512112645892,33,22,66.66666666666667
nuscenes_mini_subset,scene-1094_000,-3,2,Pedestrian,37.59944105098565,4,0,0.0
nuscenes_mini_subset,scene-1094_000,-3,3,Car,7.369825949578339,463,426,92.0086393088553
nuscenes_mini_subset,scene-1094_000,-3,4,Pedestrian,31.877538045387027,3,0,0.0
nuscenes_mini_subset,scene-1094_000,-3,5,Pedestrian,21.811770065068984,2,0,0.0
nuscenes_mini_subset,scene-1094_000,-3,6,Car,28.01185484072814,4,1,25.0
nuscenes_mini_subset,scene-1094_000,-3,7,Car,34.20568736985128,4,4,100.0
nuscenes_mini_subset,scene-1094_000,-3,8,Pedestrian,24.62299054775797,4,0,0.0
nuscenes_mini_subset,scene-1094_000,-3,9,Pedestrian,12.839578879636731,9,0,0.0
nuscenes_mini_subset,scene-1094_000,-3,10,Car,26.26438815743321,5,0,0.0
nuscenes_mini_subset,scene-1094_000,-3,11,Car,28.992172321032186,61,54,88.52459016393442
nuscenes_mini_subset,scene-1094_000,-3,12,Pedestrian,13.551618498736971,16,2,12.5
nuscenes_mini_subset,scene-1094_000,-3,13,Pedestrian,32.76878479523375,1,0,0.0
nuscenes_mini_subset,scene-1094_000,-3,14,Bicycle,30.062024638178965,0,0,nan
nuscenes_mini_subset,scene-1094_000,-2,0,personal_mobility,8.931564388264421,5,2,40.0
nuscenes_mini_subset,scene-1094_000,-2,1,Car,22.595512112645892,33,28,84.84848484848484
nuscenes_mini_subset,scene-1094_000,-2,2,Pedestrian,37.59944105098565,4,0,0.0
nuscenes_mini_subset,scene-1094_000,-2,3,Car,7.369825949578339,463,452,97.62419006479482
nuscenes_mini_subset,scene-1094_000,-2,4,Pedestrian,31.877538045387027,3,0,0.0
nuscenes_mini_subset,scene-1094_000,-2,5,Pedestrian,21.811770065068984,2,0,0.0
nuscenes_mini_subset,scene-1094_000,-2,6,Car,28.01185484072814,4,2,50.0
nuscenes_mini_subset,scene-1094_000,-2,7,Car,34.20568736985128,4,4,100.0
nuscenes_mini_subset,scene-1094_000,-2,8,Pedestrian,24.62299054775797,4,0,0.0
nuscenes_mini_subset,scene-1094_000,-2,9,Pedestrian,12.839578879636731,9,1,11.11111111111111
nuscenes_mini_subset,scene-1094_000,-2,10,Car,26.26438815743321,5,3,60.0
nuscenes_mini_subset,scene-1094_000,-2,11,Car,28.992172321032186,61,60,98.36065573770492
nuscenes_mini_subset,scene-1094_000,-2,12,Pedestrian,13.551618498736971,16,10,62.5
nuscenes_mini_subset,scene-1094_000,-2,13,Pedestrian,32.76878479523375,1,0,0.0
nuscenes_mini_subset,scene-1094_000,-2,14,Bicycle,30.062024638178965,0,0,nan
nuscenes_mini_subset,scene-1094_000,-1,0,personal_mobility,8.931564388264421,5,4,80.0
nuscenes_mini_subset,scene-1094_000,-1,1,Car,22.595512112645892,33,32,96.96969696969697
nuscenes_mini_subset,scene-1094_000,-1,2,Pedestrian,37.59944105098565,4,0,0.0
nuscenes_mini_subset,scene-1094_000,-1,3,Car,7.369825949578339,463,463,100.0
nuscenes_mini_subset,scene-1094_000,-1,4,Pedestrian,31.877538045387027,3,0,0.0
nuscenes_mini_subset,scene-1094_000,-1,5,Pedestrian,21.811770065068984,2,1,50.0
nuscenes_mini_subset,scene-1094_000,-1,6,Car,28.01185484072814,4,4,100.0
nuscenes_mini_subset,scene-1094_000,-1,7,Car,34.20568736985128,4,4,100.0
nuscenes_mini_subset,scene-1094_000,-1,8,Pedestrian,24.62299054775797,4,2,50.0
nuscenes_mini_subset,scene-1094_000,-1,9,Pedestrian,12.839578879636731,9,6,66.66666666666667
nuscenes_mini_subset,scene-1094_000,-1,10,Car,26.26438815743321,5,5,100.0
nuscenes_mini_subset,scene-1094_000,-1,11,Car,28.992172321032186,61,61,100.0
nuscenes_mini_subset,scene-1094_000,-1,12,Pedestrian,13.551618498736971,16,16,100.0
nuscenes_mini_subset,scene-1094_000,-1,13,Pedestrian,32.76878479523375,1,0,0.0
nuscenes_mini_subset,scene-1094_000,-1,14,Bicycle,30.062024638178965,0,0,nan
nuscenes_mini_subset,scene-1094_000,-0.5,0,personal_mobility,8.931564388264421,5,5,100.0
nuscenes_mini_subset,scene-1094_000,-0.5,1,Car,22.595512112645892,33,33,100.0
nuscenes_mini_subset,scene-1094_000,-0.5,2,Pedestrian,37.59944105098565,4,3,75.0
nuscenes_mini_subset,scene-1094_000,-0.5,3,Car,7.369825949578339,463,463,100.0
nuscenes_mini_subset,scene-1094_000,-0.5,4,Pedestrian,31.877538045387027,3,1,33.333333333333336
nuscenes_mini_subset,scene-1094_000,-0.5,5,Pedestrian,21.811770065068984,2,2,100.0
nuscenes_mini_subset,scene-1094_000,-0.5,6,Car,28.01185484072814,4,4,100.0
nuscenes_mini_subset,scene-1094_000,-0.5,7,Car,34.20568736985128,4,4,100.0
nuscenes_mini_subset,scene-1094_000,-0.5,8,Pedestrian,24.62299054775797,4,4,100.0
nuscenes_mini_subset,scene-1094_000,-0.5,9,Pedestrian,12.839578879636731,9,9,100.0
nuscenes_mini_subset,scene-1094_000,-0.5,10,Car,26.26438815743321,5,5,100.0
nuscenes_mini_subset,scene-1094_000,-0.5,11,Car,28.992172321032186,61,61,100.0
nuscenes_mini_subset,scene-1094_000,-0.5,12,Pedestrian,13.551618498736971,16,16,100.0
nuscenes_mini_subset,scene-1094_000,-0.5,13,Pedestrian,32.76878479523375,1,0,0.0
nuscenes_mini_subset,scene-1094_000,-0.5,14,Bicycle,30.062024638178965,0,0,nan
nuscenes_mini_subset,scene-1094_000,0,0,personal_mobility,8.931564388264421,5,5,100.0
nuscenes_mini_subset,scene-1094_000,0,1,Car,22.595512112645892,33,33,100.0
nuscenes_mini_subset,scene-1094_000,0,2,Pedestrian,37.59944105098565,4,4,100.0
nuscenes_mini_subset,scene-1094_000,0,3,Car,7.369825949578339,463,463,100.0
nuscenes_mini_subset,scene-1094_000,0,4,Pedestrian,31.877538045387027,3,3,100.0
nuscenes_mini_subset,scene-1094_000,0,5,Pedestrian,21.811770065068984,2,2,100.0
nuscenes_mini_subset,scene-1094_000,0,6,Car,28.01185484072814,4,4,100.0
nuscenes_mini_subset,scene-1094_000,0,7,Car,34.20568736985128,4,4,100.0
nuscenes_mini_subset,scene-1094_000,0,8,Pedestrian,24.62299054775797,4,4,100.0
nuscenes_mini_subset,scene-1094_000,0,9,Pedestrian,12.839578879636731,9,9,100.0
nuscenes_mini_subset,scene-1094_000,0,10,Car,26.26438815743321,5,5,100.0
nuscenes_mini_subset,scene-1094_000,0,11,Car,28.992172321032186,61,61,100.0
nuscenes_mini_subset,scene-1094_000,0,12,Pedestrian,13.551618498736971,16,16,100.0
nuscenes_mini_subset,scene-1094_000,0,13,Pedestrian,32.76878479523375,1,1,100.0
nuscenes_mini_subset,scene-1094_000,0,14,Bicycle,30.062024638178965,0,0,nan
nuscenes_mini_subset,scene-1094_000,0.5,0,personal_mobility,8.931564388264421,5,3,60.0
nuscenes_mini_subset,scene-1094_000,0.5,1,Car,22.595512112645892,33,32,96.96969696969697
nuscenes_mini_subset,scene-1094_000,0.5,2,Pedestrian,37.59944105098565,4,1,25.0
nuscenes_mini_subset,scene-1094_000,0.5,3,Car,7.369825949578339,463,461,99.56803455723542
nuscenes_mini_subset,scene-1094_000,0.5,4,Pedestrian,31.877538045387027,3,2,66.66666666666667
nuscenes_mini_subset,scene-1094_000,0.5,5,Pedestrian,21.811770065068984,2,2,100.0
nuscenes_mini_subset,scene-1094_000,0.5,6,Car,28.01185484072814,4,4,100.0
nuscenes_mini_subset,scene-1094_000,0.5,7,Car,34.20568736985128,4,4,100.0
nuscenes_mini_subset,scene-1094_000,0.5,8,Pedestrian,24.62299054775797,4,4,100.0
nuscenes_mini_subset,scene-1094_000,0.5,9,Pedestrian,12.839578879636731,9,9,100.0
nuscenes_mini_subset,scene-1094_000,0.5,10,Car,26.26438815743321,5,5,100.0
nuscenes_mini_subset,scene-1094_000,0.5,11,Car,28.992172321032186,61,61,100.0
nuscenes_mini_subset,scene-1094_000,0.5,12,Pedestrian,13.551618498736971,16,16,100.0
nuscenes_mini_subset,scene-1094_000,0.5,13,Pedestrian,32.76878479523375,1,1,100.0
nuscenes_mini_subset,scene-1094_000,0.5,14,Bicycle,30.062024638178965,0,0,nan
nuscenes_mini_subset,scene-1094_000,1,0,personal_mobility,8.931564388264421,5,3,60.0
nuscenes_mini_subset,scene-1094_000,1,1,Car,22.595512112645892,33,28,84.84848484848484
nuscenes_mini_subset,scene-1094_000,1,2,Pedestrian,37.59944105098565,4,0,0.0
nuscenes_mini_subset,scene-1094_000,1,3,Car,7.369825949578339,463,453,97.8401727861771
nuscenes_mini_subset,scene-1094_000,1,4,Pedestrian,31.877538045387027,3,0,0.0
nuscenes_mini_subset,scene-1094_000,1,5,Pedestrian,21.811770065068984,2,1,50.0
nuscenes_mini_subset,scene-1094_000,1,6,Car,28.01185484072814,4,4,100.0
nuscenes_mini_subset,scene-1094_000,1,7,Car,34.20568736985128,4,2,50.0
nuscenes_mini_subset,scene-1094_000,1,8,Pedestrian,24.62299054775797,4,0,0.0
nuscenes_mini_subset,scene-1094_000,1,9,Pedestrian,12.839578879636731,9,9,100.0
nuscenes_mini_subset,scene-1094_000,1,10,Car,26.26438815743321,5,5,100.0
nuscenes_mini_subset,scene-1094_000,1,11,Car,28.992172321032186,61,61,100.0
nuscenes_mini_subset,scene-1094_000,1,12,Pedestrian,13.551618498736971,16,16,100.0
nuscenes_mini_subset,scene-1094_000,1,13,Pedestrian,32.76878479523375,1,0,0.0
nuscenes_mini_subset,scene-1094_000,1,14,Bicycle,30.062024638178965,0,0,nan
nuscenes_mini_subset,scene-1094_000,2,0,personal_mobility,8.931564388264421,5,0,0.0
nuscenes_mini_subset,scene-1094_000,2,1,Car,22.595512112645892,33,20,60.60606060606061
nuscenes_mini_subset,scene-1094_000,2,2,Pedestrian,37.59944105098565,4,0,0.0
nuscenes_mini_subset,scene-1094_000,2,3,Car,7.369825949578339,463,424,91.57667386609072
nuscenes_mini_subset,scene-1094_000,2,4,Pedestrian,31.877538045387027,3,0,0.0
nuscenes_mini_subset,scene-1094_000,2,5,Pedestrian,21.811770065068984,2,0,0.0
nuscenes_mini_subset,scene-1094_000,2,6,Car,28.01185484072814,4,3,75.0
nuscenes_mini_subset,scene-1094_000,2,7,Car,34.20568736985128,4,0,0.0
nuscenes_mini_subset,scene-1094_000,2,8,Pedestrian,24.62299054775797,4,0,0.0
nuscenes_mini_subset,scene-1094_000,2,9,Pedestrian,12.839578879636731,9,4,44.44444444444444
nuscenes_mini_subset,scene-1094_000,2,10,Car,26.26438815743321,5,5,100.0
nuscenes_mini_subset,scene-1094_000,2,11,Car,28.992172321032186,61,59,96.72131147540983
nuscenes_mini_subset,scene-1094_000,2,12,Pedestrian,13.551618498736971,16,14,87.5
nuscenes_mini_subset,scene-1094_000,2,13,Pedestrian,32.76878479523375,1,0,0.0
nuscenes_mini_subset,scene-1094_000,2,14,Bicycle,30.062024638178965,0,0,nan
nuscenes_mini_subset,scene-1094_000,3,0,personal_mobility,8.931564388264421,5,0,0.0
nuscenes_mini_subset,scene-1094_000,3,1,Car,22.595512112645892,33,17,51.515151515151516
nuscenes_mini_subset,scene-1094_000,3,2,Pedestrian,37.59944105098565,4,0,0.0
nuscenes_mini_subset,scene-1094_000,3,3,Car,7.369825949578339,463,408,88.12095032397409
nuscenes_mini_subset,scene-1094_000,3,4,Pedestrian,31.877538045387027,3,0,0.0
nuscenes_mini_subset,scene-1094_000,3,5,Pedestrian,21.811770065068984,2,0,0.0
nuscenes_mini_subset,scene-1094_000,3,6,Car,28.01185484072814,4,2,50.0
nuscenes_mini_subset,scene-1094_000,3,7,Car,34.20568736985128,4,0,0.0
nuscenes_mini_subset,scene-1094_000,3,8,Pedestrian,24.62299054775797,4,0,0.0
nuscenes_mini_subset,scene-1094_000,3,9,Pedestrian,12.839578879636731,9,0,0.0
nuscenes_mini_subset,scene-1094_000,3,10,Car,26.26438815743321,5,5,100.0
nuscenes_mini_subset,scene-1094_000,3,11,Car,28.992172321032186,61,56,91.80327868852459
nuscenes_mini_subset,scene-1094_000,3,12,Pedestrian,13.551618498736971,16,3,18.75
nuscenes_mini_subset,scene-1094_000,3,13,Pedestrian,32.76878479523375,1,0,0.0
nuscenes_mini_subset,scene-1094_000,3,14,Bicycle,30.062024638178965,0,0,nan
nuscenes_mini_subset,scene-1094_001,-3,0,personal_mobility,8.72578568355034,39,23,58.97435897435897
nuscenes_mini_subset,scene-1094_001,-3,1,Car,22.515191911283505,26,15,57.69230769230769
nuscenes_mini_subset,scene-1094_001,-3,2,Pedestrian,37.01216715608469,4,0,0.0
nuscenes_mini_subset,scene-1094_001,-3,3,Car,7.715701074781871,420,374,89.04761904761905
nuscenes_mini_subset,scene-1094_001,-3,4,Pedestrian,31.687582024529558,4,0,0.0
nuscenes_mini_subset,scene-1094_001,-3,5,Pedestrian,22.205473927669956,1,0,0.0
nuscenes_mini_subset,scene-1094_001,-3,6,Pedestrian,36.12800094846704,3,0,0.0
nuscenes_mini_subset,scene-1094_001,-3,7,Car,27.950867546169714,7,7,100.0
nuscenes_mini_subset,scene-1094_001,-3,8,Car,34.12694413622867,3,3,100.0
nuscenes_mini_subset,scene-1094_001,-3,9,Pedestrian,24.861651897243128,3,0,0.0
nuscenes_mini_subset,scene-1094_001,-3,10,Pedestrian,12.117537131204925,1,0,0.0
nuscenes_mini_subset,scene-1094_001,-3,11,Car,26.182156784645418,5,1,20.0
nuscenes_mini_subset,scene-1094_001,-3,12,Car,28.91067327060475,63,52,82.53968253968254
nuscenes_mini_subset,scene-1094_001,-3,13,Pedestrian,13.876009737650193,12,3,25.0
nuscenes_mini_subset,scene-1094_001,-3,14,Pedestrian,32.668091047831396,1,0,0.0
nuscenes_mini_subset,scene-1094_001,-3,15,Bicycle,29.98591018656657,0,0,nan
nuscenes_mini_subset,scene-1094_001,-2,0,personal_mobility,8.72578568355034,39,34,87.17948717948718
nuscenes_mini_subset,scene-1094_001,-2,1,Car,22.515191911283505,26,20,76.92307692307692
nuscenes_mini_subset,scene-1094_001,-2,2,Pedestrian,37.01216715608469,4,0,0.0
nuscenes_mini_subset,scene-1094_001,-2,3,Car,7.715701074781871,420,399,95.0
nuscenes_mini_subset,scene-1094_001,-2,4,Pedestrian,31.687582024529558,4,0,0.0
nuscenes_mini_subset,scene-1094_001,-2,5,Pedestrian,22.205473927669956,1,0,0.0
nuscenes_mini_subset,scene-1094_001,-2,6,Pedestrian,36.12800094846704,3,0,0.0
nuscenes_mini_subset,scene-1094_001,-2,7,Car,27.950867546169714,7,7,100.0
nuscenes_mini_subset,scene-1094_001,-2,8,Car,34.12694413622867,3,3,100.0
nuscenes_mini_subset,scene-1094_001,-2,9,Pedestrian,24.861651897243128,3,0,0.0
nuscenes_mini_subset,scene-1094_001,-2,10,Pedestrian,12.117537131204925,1,0,0.0
nuscenes_mini_subset,scene-1094_001,-2,11,Car,26.182156784645418,5,4,80.0
nuscenes_mini_subset,scene-1094_001,-2,12,Car,28.91067327060475,63,57,90.47619047619048
nuscenes_mini_subset,scene-1094_001,-2,13,Pedestrian,13.876009737650193,12,10,83.33333333333333
nuscenes_mini_subset,scene-1094_001,-2,14,Pedestrian,32.668091047831396,1,0,0.0
nuscenes_mini_subset,scene-1094_001,-2,15,Bicycle,29.98591018656657,0,0,nan
nuscenes_mini_subset,scene-1094_001,-1,0,personal_mobility,8.72578568355034,39,38,97.43589743589743
nuscenes_mini_subset,scene-1094_001,-1,1,Car,22.515191911283505,26,25,96.15384615384616
nuscenes_mini_subset,scene-1094_001,-1,2,Pedestrian,37.01216715608469,4,0,0.0
nuscenes_mini_subset,scene-1094_001,-1,3,Car,7.715701074781871,420,419,99.76190476190476
nuscenes_mini_subset,scene-1094_001,-1,4,Pedestrian,31.687582024529558,4,0,0.0
nuscenes_mini_subset,scene-1094_001,-1,5,Pedestrian,22.205473927669956,1,0,0.0
nuscenes_mini_subset,scene-1094_001,-1,6,Pedestrian,36.12800094846704,3,0,0.0
nuscenes_mini_subset,scene-1094_001,-1,7,Car,27.950867546169714,7,7,100.0
nuscenes_mini_subset,scene-1094_001,-1,8,Car,34.12694413622867,3,3,100.0
nuscenes_mini_subset,scene-1094_001,-1,9,Pedestrian,24.861651897243128,3,1,33.333333333333336
nuscenes_mini_subset,scene-1094_001,-1,10,Pedestrian,12.117537131204925,1,1,100.0
nuscenes_mini_subset,scene-1094_001,-1,11,Car,26.182156784645418,5,5,100.0
nuscenes_mini_subset,scene-1094_001,-1,12,Car,28.91067327060475,63,62,98.41269841269842
nuscenes_mini_subset,scene-1094_001,-1,13,Pedestrian,13.876009737650193,12,12,100.0
nuscenes_mini_subset,scene-1094_001,-1,14,Pedestrian,32.668091047831396,1,0,0.0
nuscenes_mini_subset,scene-1094_001,-1,15,Bicycle,29.98591018656657,0,0,nan
nuscenes_mini_subset,scene-1094_001,-0.5,0,personal_mobility,8.72578568355034,39,39,100.0
nuscenes_mini_subset,scene-1094_001,-0.5,1,Car,22.515191911283505,26,26,100.0
nuscenes_mini_subset,scene-1094_001,-0.5,2,Pedestrian,37.01216715608469,4,3,75.0
nuscenes_mini_subset,scene-1094_001,-0.5,3,Car,7.715701074781871,420,420,100.0
nuscenes_mini_subset,scene-1094_001,-0.5,4,Pedestrian,31.687582024529558,4,2,50.0
nuscenes_mini_subset,scene-1094_001,-0.5,5,Pedestrian,22.205473927669956,1,1,100.0
nuscenes_mini_subset,scene-1094_001,-0.5,6,Pedestrian,36.12800094846704,3,2,66.66666666666667
nuscenes_mini_subset,scene-1094_001,-0.5,7,Car,27.950867546169714,7,7,100.0
nuscenes_mini_subset,scene-1094_001,-0.5,8,Car,34.12694413622867,3,3,100.0
nuscenes_mini_subset,scene-1094_001,-0.5,9,Pedestrian,24.861651897243128,3,3,100.0
nuscenes_mini_subset,scene-1094_001,-0.5,10,Pedestrian,12.117537131204925,1,1,100.0
nuscenes_mini_subset,scene-1094_001,-0.5,11,Car,26.182156784645418,5,5,100.0
nuscenes_mini_subset,scene-1094_001,-0.5,12,Car,28.91067327060475,63,63,100.0
nuscenes_mini_subset,scene-1094_001,-0.5,13,Pedestrian,13.876009737650193,12,12,100.0
nuscenes_mini_subset,scene-1094_001,-0.5,14,Pedestrian,32.668091047831396,1,1,100.0
nuscenes_mini_subset,scene-1094_001,-0.5,15,Bicycle,29.98591018656657,0,0,nan
nuscenes_mini_subset,scene-1094_001,0,0,personal_mobility,8.72578568355034,39,39,100.0
nuscenes_mini_subset,scene-1094_001,0,1,Car,22.515191911283505,26,26,100.0
nuscenes_mini_subset,scene-1094_001,0,2,Pedestrian,37.01216715608469,4,4,100.0
nuscenes_mini_subset,scene-1094_001,0,3,Car,7.715701074781871,420,420,100.0
nuscenes_mini_subset,scene-1094_001,0,4,Pedestrian,31.687582024529558,4,4,100.0
nuscenes_mini_subset,scene-1094_001,0,5,Pedestrian,22.205473927669956,1,1,100.0
nuscenes_mini_subset,scene-1094_001,0,6,Pedestrian,36.12800094846704,3,3,100.0
nuscenes_mini_subset,scene-1094_001,0,7,Car,27.950867546169714,7,7,100.0
nuscenes_mini_subset,scene-1094_001,0,8,Car,34.12694413622867,3,3,100.0
nuscenes_mini_subset,scene-1094_001,0,9,Pedestrian,24.861651897243128,3,3,100.0
nuscenes_mini_subset,scene-1094_001,0,10,Pedestrian,12.117537131204925,1,1,100.0
nuscenes_mini_subset,scene-1094_001,0,11,Car,26.182156784645418,5,5,100.0
nuscenes_mini_subset,scene-1094_001,0,12,Car,28.91067327060475,63,63,100.0
nuscenes_mini_subset,scene-1094_001,0,13,Pedestrian,13.876009737650193,12,12,100.0
nuscenes_mini_subset,scene-1094_001,0,14,Pedestrian,32.668091047831396,1,1,100.0
nuscenes_mini_subset,scene-1094_001,0,15,Bicycle,29.98591018656657,0,0,nan
nuscenes_mini_subset,scene-1094_001,0.5,0,personal_mobility,8.72578568355034,39,38,97.43589743589743
nuscenes_mini_subset,scene-1094_001,0.5,1,Car,22.515191911283505,26,26,100.0
nuscenes_mini_subset,scene-1094_001,0.5,2,Pedestrian,37.01216715608469,4,3,75.0
nuscenes_mini_subset,scene-1094_001,0.5,3,Car,7.715701074781871,420,419,99.76190476190476
nuscenes_mini_subset,scene-1094_001,0.5,4,Pedestrian,31.687582024529558,4,4,100.0
nuscenes_mini_subset,scene-1094_001,0.5,5,Pedestrian,22.205473927669956,1,1,100.0
nuscenes_mini_subset,scene-1094_001,0.5,6,Pedestrian,36.12800094846704,3,3,100.0
nuscenes_mini_subset,scene-1094_001,0.5,7,Car,27.950867546169714,7,4,57.142857142857146
nuscenes_mini_subset,scene-1094_001,0.5,8,Car,34.12694413622867,3,3,100.0
nuscenes_mini_subset,scene-1094_001,0.5,9,Pedestrian,24.861651897243128,3,3,100.0
nuscenes_mini_subset,scene-1094_001,0.5,10,Pedestrian,12.117537131204925,1,1,100.0
nuscenes_mini_subset,scene-1094_001,0.5,11,Car,26.182156784645418,5,5,100.0
nuscenes_mini_subset,scene-1094_001,0.5,12,Car,28.91067327060475,63,63,100.0
nuscenes_mini_subset,scene-1094_001,0.5,13,Pedestrian,13.876009737650193,12,12,100.0
nuscenes_mini_subset,scene-1094_001,0.5,14,Pedestrian,32.668091047831396,1,1,100.0
nuscenes_mini_subset,scene-1094_001,0.5,15,Bicycle,29.98591018656657,0,0,nan
nuscenes_mini_subset,scene-1094_001,1,0,personal_mobility,8.72578568355034,39,35,89.74358974358974
nuscenes_mini_subset,scene-1094_001,1,1,Car,22.515191911283505,26,26,100.0
nuscenes_mini_subset,scene-1094_001,1,2,Pedestrian,37.01216715608469,4,0,0.0
nuscenes_mini_subset,scene-1094_001,1,3,Car,7.715701074781871,420,417,99.28571428571429
nuscenes_mini_subset,scene-1094_001,1,4,Pedestrian,31.687582024529558,4,0,0.0
nuscenes_mini_subset,scene-1094_001,1,5,Pedestrian,22.205473927669956,1,1,100.0
nuscenes_mini_subset,scene-1094_001,1,6,Pedestrian,36.12800094846704,3,1,33.333333333333336
nuscenes_mini_subset,scene-1094_001,1,7,Car,27.950867546169714,7,1,14.285714285714286
nuscenes_mini_subset,scene-1094_001,1,8,Car,34.12694413622867,3,2,66.66666666666667
nuscenes_mini_subset,scene-1094_001,1,9,Pedestrian,24.861651897243128,3,2,66.66666666666667
nuscenes_mini_subset,scene-1094_001,1,10,Pedestrian,12.117537131204925,1,1,100.0
nuscenes_mini_subset,scene-1094_001,1,11,Car,26.182156784645418,5,5,100.0
nuscenes_mini_subset,scene-1094_001,1,12,Car,28.91067327060475,63,63,100.0
nuscenes_mini_subset,scene-1094_001,1,13,Pedestrian,13.876009737650193,12,12,100.0
nuscenes_mini_subset,scene-1094_001,1,14,Pedestrian,32.668091047831396,1,0,0.0
nuscenes_mini_subset,scene-1094_001,1,15,Bicycle,29.98591018656657,0,0,nan
nuscenes_mini_subset,scene-1094_001,2,0,personal_mobility,8.72578568355034,39,24,61.53846153846154
nuscenes_mini_subset,scene-1094_001,2,1,Car,22.515191911283505,26,26,100.0
nuscenes_mini_subset,scene-1094_001,2,2,Pedestrian,37.01216715608469,4,0,0.0
nuscenes_mini_subset,scene-1094_001,2,3,Car,7.715701074781871,420,397,94.52380952380952
nuscenes_mini_subset,scene-1094_001,2,4,Pedestrian,31.687582024529558,4,0,0.0
nuscenes_mini_subset,scene-1094_001,2,5,Pedestrian,22.205473927669956,1,0,0.0
nuscenes_mini_subset,scene-1094_001,2,6,Pedestrian,36.12800094846704,3,0,0.0
nuscenes_mini_subset,scene-1094_001,2,7,Car,27.950867546169714,7,0,0.0
nuscenes_mini_subset,scene-1094_001,2,8,Car,34.12694413622867,3,0,0.0
nuscenes_mini_subset,scene-1094_001,2,9,Pedestrian,24.861651897243128,3,0,0.0
nuscenes_mini_subset,scene-1094_001,2,10,Pedestrian,12.117537131204925,1,0,0.0
nuscenes_mini_subset,scene-1094_001,2,11,Car,26.182156784645418,5,5,100.0
nuscenes_mini_subset,scene-1094_001,2,12,Car,28.91067327060475,63,60,95.23809523809524
nuscenes_mini_subset,scene-1094_001,2,13,Pedestrian,13.876009737650193,12,9,75.0
nuscenes_mini_subset,scene-1094_001,2,14,Pedestrian,32.668091047831396,1,0,0.0
nuscenes_mini_subset,scene-1094_001,2,15,Bicycle,29.98591018656657,0,0,nan
nuscenes_mini_subset,scene-1094_001,3,0,personal_mobility,8.72578568355034,39,9,23.076923076923077
nuscenes_mini_subset,scene-1094_001,3,1,Car,22.515191911283505,26,21,80.76923076923077
nuscenes_mini_subset,scene-1094_001,3,2,Pedestrian,37.01216715608469,4,0,0.0
nuscenes_mini_subset,scene-1094_001,3,3,Car,7.715701074781871,420,370,88.0952380952381
nuscenes_mini_subset,scene-1094_001,3,4,Pedestrian,31.687582024529558,4,0,0.0
nuscenes_mini_subset,scene-1094_001,3,5,Pedestrian,22.205473927669956,1,0,0.0
nuscenes_mini_subset,scene-1094_001,3,6,Pedestrian,36.12800094846704,3,0,0.0
nuscenes_mini_subset,scene-1094_001,3,7,Car,27.950867546169714,7,0,0.0
nuscenes_mini_subset,scene-1094_001,3,8,Car,34.12694413622867,3,0,0.0
nuscenes_mini_subset,scene-1094_001,3,9,Pedestrian,24.861651897243128,3,0,0.0
nuscenes_mini_subset,scene-1094_001,3,10,Pedestrian,12.117537131204925,1,0,0.0
nuscenes_mini_subset,scene-1094_001,3,11,Car,26.182156784645418,5,5,100.0
nuscenes_mini_subset,scene-1094_001,3,12,Car,28.91067327060475,63,56,88.88888888888889
nuscenes_mini_subset,scene-1094_001,3,13,Pedestrian,13.876009737650193,12,2,16.666666666666668
nuscenes_mini_subset,scene-1094_001,3,14,Pedestrian,32.668091047831396,1,0,0.0
nuscenes_mini_subset,scene-1094_001,3,15,Bicycle,29.98591018656657,0,0,nan
nuscenes_mini_subset,scene-1094_002,-3,0,personal_mobility,8.566481006096206,42,32,76.19047619047619
nuscenes_mini_subset,scene-1094_002,-3,1,Car,22.42828837619199,20,7,35.0
nuscenes_mini_subset,scene-1094_002,-3,2,Pedestrian,31.927363913189467,0,0,nan
nuscenes_mini_subset,scene-1094_002,-3,3,Pedestrian,36.43175651645159,4,0,0.0
nuscenes_mini_subset,scene-1094_002,-3,4,Car,8.058218459222482,381,338,88.71391076115485
nuscenes_mini_subset,scene-1094_002,-3,5,Pedestrian,31.29812553238278,4,0,0.0
nuscenes_mini_subset,scene-1094_002,-3,6,Pedestrian,22.596505941704937,0,0,nan
nuscenes_mini_subset,scene-1094_002,-3,7,Pedestrian,36.20014921086482,1,0,0.0
nuscenes_mini_subset,scene-1094_002,-3,8,Car,27.87999418285346,5,5,100.0
nuscenes_mini_subset,scene-1094_002,-3,9,Car,34.04368839186964,2,2,100.0
nuscenes_mini_subset,scene-1094_002,-3,10,Pedestrian,24.982309024749267,3,0,0.0
nuscenes_mini_subset,scene-1094_002,-3,11,Pedestrian,11.393897338675757,13,0,0.0
nuscenes_mini_subset,scene-1094_002,-3,12,Pedestrian,23.45123136339532,6,0,0.0
nuscenes_mini_subset,scene-1094_002,-3,13,Car,26.092890074070382,5,1,20.0
nuscenes_mini_subset,scene-1094_002,-3,14,Car,28.82177678114651,64,53,82.8125
nuscenes_mini_subset,scene-1094_002,-3,15,Pedestrian,14.15369697072113,18,7,38.888888888888886
nuscenes_mini_subset,scene-1094_002,-3,16,Pedestrian,32.57249292139986,2,0,0.0
nuscenes_mini_subset,scene-1094_002,-3,17,Bicycle,29.90929523477569,6,0,0.0
nuscenes_mini_subset,scene-1094_002,-2,0,personal_mobility,8.566481006096206,42,36,85.71428571428571
nuscenes_mini_subset,scene-1094_002,-2,1,Car,22.42828837619199,20,13,65.0
nuscenes_mini_subset,scene-1094_002,-2,2,Pedestrian,31.927363913189467,0,0,nan
nuscenes_mini_subset,scene-1094_002,-2,3,Pedestrian,36.43175651645159,4,0,0.0
nuscenes_mini_subset,scene-1094_002,-2,4,Car,8.058218459222482,381,364,95.53805774278216
nuscenes_mini_subset,scene-1094_002,-2,5,Pedestrian,31.29812553238278,4,0,0.0
nuscenes_mini_subset,scene-1094_002,-2,6,Pedestrian,22.596505941704937,0,0,nan
nuscenes_mini_subset,scene-1094_002,-2,7,Pedestrian,36.20014921086482,1,0,0.0
nuscenes_mini_subset,scene-1094_002,-2,8,Car,27.87999418285346,5,5,100.0
nuscenes_mini_subset,scene-1094_002,-2,9,Car,34.04368839186964,2,2,100.0
nuscenes_mini_subset,scene-1094_002,-2,10,Pedestrian,24.982309024749267,3,0,0.0
nuscenes_mini_subset,scene-1094_002,-2,11,Pedestrian,11.393897338675757,13,3,23.076923076923077
nuscenes_mini_subset,scene-1094_002,-2,12,Pedestrian,23.45123136339532,6,0,0.0
nuscenes_mini_subset,scene-1094_002,-2,13,Car,26.092890074070382,5,4,80.0
nuscenes_mini_subset,scene-1094_002,-2,14,Car,28.82177678114651,64,59,92.1875
nuscenes_mini_subset,scene-1094_002,-2,15,Pedestrian,14.15369697072113,18,13,72.22222222222223
nuscenes_mini_subset,scene-1094_002,-2,16,Pedestrian,32.57249292139986,2,0,0.0
nuscenes_mini_subset,scene-1094_002,-2,17,Bicycle,29.90929523477569,6,0,0.0
nuscenes_mini_subset,scene-1094_002,-1,0,personal_mobility,8.566481006096206,42,39,92.85714285714286
nuscenes_mini_subset,scene-1094_002,-1,1,Car,22.42828837619199,20,20,100.0
nuscenes_mini_subset,scene-1094_002,-1,2,Pedestrian,31.927363913189467,0,0,nan
nuscenes_mini_subset,scene-1094_002,-1,3,Pedestrian,36.43175651645159,4,2,50.0
nuscenes_mini_subset,scene-1094_002,-1,4,Car,8.058218459222482,381,380,99.73753280839895
nuscenes_mini_subset,scene-1094_002,-1,5,Pedestrian,31.29812553238278,4,1,25.0
nuscenes_mini_subset,scene-1094_002,-1,6,Pedestrian,22.596505941704937,0,0,nan
nuscenes_mini_subset,scene-1094_002,-1,7,Pedestrian,36.20014921086482,1,0,0.0
nuscenes_mini_subset,scene-1094_002,-1,8,Car,27.87999418285346,5,5,100.0
nuscenes_mini_subset,scene-1094_002,-1,9,Car,34.04368839186964,2,2,100.0
nuscenes_mini_subset,scene-1094_002,-1,10,Pedestrian,24.982309024749267,3,1,33.333333333333336
nuscenes_mini_subset,scene-1094_002,-1,11,Pedestrian,11.393897338675757,13,11,84.61538461538461
nuscenes_mini_subset,scene-1094_002,-1,12,Pedestrian,23.45123136339532,6,5,83.33333333333333
nuscenes_mini_subset,scene-1094_002,-1,13,Car,26.092890074070382,5,5,100.0
nuscenes_mini_subset,scene-1094_002,-1,14,Car,28.82177678114651,64,63,98.4375
nuscenes_mini_subset,scene-1094_002,-1,15,Pedestrian,14.15369697072113,18,16,88.88888888888889
nuscenes_mini_subset,scene-1094_002,-1,16,Pedestrian,32.57249292139986,2,0,0.0
nuscenes_mini_subset,scene-1094_002,-1,17,Bicycle,29.90929523477569,6,3,50.0
nuscenes_mini_subset,scene-1094_002,-0.5,0,personal_mobility,8.566481006096206,42,41,97.61904761904762
nuscenes_mini_subset,scene-1094_002,-0.5,1,Car,22.42828837619199,20,20,100.0
nuscenes_mini_subset,scene-1094_002,-0.5,2,Pedestrian,31.927363913189467,0,0,nan
nuscenes_mini_subset,scene-1094_002,-0.5,3,Pedestrian,36.43175651645159,4,3,75.0
nuscenes_mini_subset,scene-1094_002,-0.5,4,Car,8.058218459222482,381,381,100.0
nuscenes_mini_subset,scene-1094_002,-0.5,5,Pedestrian,31.29812553238278,4,3,75.0
nuscenes_mini_subset,scene-1094_002,-0.5,6,Pedestrian,22.596505941704937,0,0,nan
nuscenes_mini_subset,scene-1094_002,-0.5,7,Pedestrian,36.20014921086482,1,1,100.0
nuscenes_mini_subset,scene-1094_002,-0.5,8,Car,27.87999418285346,5,5,100.0
nuscenes_mini_subset,scene-1094_002,-0.5,9,Car,34.04368839186964,2,2,100.0
nuscenes_mini_subset,scene-1094_002,-0.5,10,Pedestrian,24.982309024749267,3,3,100.0
nuscenes_mini_subset,scene-1094_002,-0.5,11,Pedestrian,11.393897338675757,13,12,92.3076923076923
nuscenes_mini_subset,scene-1094_002,-0.5,12,Pedestrian,23.45123136339532,6,6,100.0
nuscenes_mini_subset,scene-1094_002,-0.5,13,Car,26.092890074070382,5,5,100.0
nuscenes_mini_subset,scene-1094_002,-0.5,14,Car,28.82177678114651,64,64,100.0
nuscenes_mini_subset,scene-1094_002,-0.5,15,Pedestrian,14.15369697072113,18,17,94.44444444444444
nuscenes_mini_subset,scene-1094_002,-0.5,16,Pedestrian,32.57249292139986,2,2,100.0
nuscenes_mini_subset,scene-1094_002,-0.5,17,Bicycle,29.90929523477569,6,4,66.66666666666667
nuscenes_mini_subset,scene-1094_002,0,0,personal_mobility,8.566481006096206,42,42,100.0
nuscenes_mini_subset,scene-1094_002,0,1,Car,22.42828837619199,20,20,100.0
nuscenes_mini_subset,scene-1094_002,0,2,Pedestrian,31.927363913189467,0,0,nan
nuscenes_mini_subset,scene-1094_002,0,3,Pedestrian,36.43175651645159,4,4,100.0
nuscenes_mini_subset,scene-1094_002,0,4,Car,8.058218459222482,381,381,100.0
nuscenes_mini_subset,scene-1094_002,0,5,Pedestrian,31.29812553238278,4,4,100.0
nuscenes_mini_subset,scene-1094_002,0,6,Pedestrian,22.596505941704937,0,0,nan
nuscenes_mini_subset,scene-1094_002,0,7,Pedestrian,36.20014921086482,1,1,100.0
nuscenes_mini_subset,scene-1094_002,0,8,Car,27.87999418285346,5,5,100.0
nuscenes_mini_subset,scene-1094_002,0,9,Car,34.04368839186964,2,2,100.0
nuscenes_mini_subset,scene-1094_002,0,10,Pedestrian,24.982309024749267,3,3,100.0
nuscenes_mini_subset,scene-1094_002,0,11,Pedestrian,11.393897338675757,13,13,100.0
nuscenes_mini_subset,scene-1094_002,0,12,Pedestrian,23.45123136339532,6,6,100.0
nuscenes_mini_subset,scene-1094_002,0,13,Car,26.092890074070382,5,5,100.0
nuscenes_mini_subset,scene-1094_002,0,14,Car,28.82177678114651,64,64,100.0
nuscenes_mini_subset,scene-1094_002,0,15,Pedestrian,14.15369697072113,18,18,100.0
nuscenes_mini_subset,scene-1094_002,0,16,Pedestrian,32.57249292139986,2,2,100.0
nuscenes_mini_subset,scene-1094_002,0,17,Bicycle,29.90929523477569,6,6,100.0
nuscenes_mini_subset,scene-1094_002,0.5,0,personal_mobility,8.566481006096206,42,42,100.0
nuscenes_mini_subset,scene-1094_002,0.5,1,Car,22.42828837619199,20,20,100.0
nuscenes_mini_subset,scene-1094_002,0.5,2,Pedestrian,31.927363913189467,0,0,nan
nuscenes_mini_subset,scene-1094_002,0.5,3,Pedestrian,36.43175651645159,4,1,25.0
nuscenes_mini_subset,scene-1094_002,0.5,4,Car,8.058218459222482,381,380,99.73753280839895
nuscenes_mini_subset,scene-1094_002,0.5,5,Pedestrian,31.29812553238278,4,3,75.0
nuscenes_mini_subset,scene-1094_002,0.5,6,Pedestrian,22.596505941704937,0,0,nan
nuscenes_mini_subset,scene-1094_002,0.5,7,Pedestrian,36.20014921086482,1,1,100.0
nuscenes_mini_subset,scene-1094_002,0.5,8,Car,27.87999418285346,5,4,80.0
nuscenes_mini_subset,scene-1094_002,0.5,9,Car,34.04368839186964,2,2,100.0
nuscenes_mini_subset,scene-1094_002,0.5,10,Pedestrian,24.982309024749267,3,3,100.0
nuscenes_mini_subset,scene-1094_002,0.5,11,Pedestrian,11.393897338675757,13,13,100.0
nuscenes_mini_subset,scene-1094_002,0.5,12,Pedestrian,23.45123136339532,6,6,100.0
nuscenes_mini_subset,scene-1094_002,0.5,13,Car,26.092890074070382,5,5,100.0
nuscenes_mini_subset,scene-1094_002,0.5,14,Car,28.82177678114651,64,64,100.0
nuscenes_mini_subset,scene-1094_002,0.5,15,Pedestrian,14.15369697072113,18,18,100.0
nuscenes_mini_subset,scene-1094_002,0.5,16,Pedestrian,32.57249292139986,2,2,100.0
nuscenes_mini_subset,scene-1094_002,0.5,17,Bicycle,29.90929523477569,6,6,100.0
nuscenes_mini_subset,scene-1094_002,1,0,personal_mobility,8.566481006096206,42,42,100.0
nuscenes_mini_subset,scene-1094_002,1,1,Car,22.42828837619199,20,19,95.0
nuscenes_mini_subset,scene-1094_002,1,2,Pedestrian,31.927363913189467,0,0,nan
nuscenes_mini_subset,scene-1094_002,1,3,Pedestrian,36.43175651645159,4,0,0.0
nuscenes_mini_subset,scene-1094_002,1,4,Car,8.058218459222482,381,379,99.4750656167979
nuscenes_mini_subset,scene-1094_002,1,5,Pedestrian,31.29812553238278,4,0,0.0
nuscenes_mini_subset,scene-1094_002,1,6,Pedestrian,22.596505941704937,0,0,nan
nuscenes_mini_subset,scene-1094_002,1,7,Pedestrian,36.20014921086482,1,1,100.0
nuscenes_mini_subset,scene-1094_002,1,8,Car,27.87999418285346,5,2,40.0
nuscenes_mini_subset,scene-1094_002,1,9,Car,34.04368839186964,2,2,100.0
nuscenes_mini_subset,scene-1094_002,1,10,Pedestrian,24.982309024749267,3,0,0.0
nuscenes_mini_subset,scene-1094_002,1,11,Pedestrian,11.393897338675757,13,11,84.61538461538461
nuscenes_mini_subset,scene-1094_002,1,12,Pedestrian,23.45123136339532,6,3,50.0
nuscenes_mini_subset,scene-1094_002,1,13,Car,26.092890074070382,5,5,100.0
nuscenes_mini_subset,scene-1094_002,1,14,Car,28.82177678114651,64,63,98.4375
nuscenes_mini_subset,scene-1094_002,1,15,Pedestrian,14.15369697072113,18,16,88.88888888888889
nuscenes_mini_subset,scene-1094_002,1,16,Pedestrian,32.57249292139986,2,0,0.0
nuscenes_mini_subset,scene-1094_002,1,17,Bicycle,29.90929523477569,6,6,100.0
nuscenes_mini_subset,scene-1094_002,2,0,personal_mobility,8.566481006096206,42,39,92.85714285714286
nuscenes_mini_subset,scene-1094_002,2,1,Car,22.42828837619199,20,19,95.0
nuscenes_mini_subset,scene-1094_002,2,2,Pedestrian,31.927363913189467,0,0,nan
nuscenes_mini_subset,scene-1094_002,2,3,Pedestrian,36.43175651645159,4,0,0.0
nuscenes_mini_subset,scene-1094_002,2,4,Car,8.058218459222482,381,363,95.2755905511811
nuscenes_mini_subset,scene-1094_002,2,5,Pedestrian,31.29812553238278,4,0,0.0
nuscenes_mini_subset,scene-1094_002,2,6,Pedestrian,22.596505941704937,0,0,nan
nuscenes_mini_subset,scene-1094_002,2,7,Pedestrian,36.20014921086482,1,0,0.0
nuscenes_mini_subset,scene-1094_002,2,8,Car,27.87999418285346,5,0,0.0
nuscenes_mini_subset,scene-1094_002,2,9,Car,34.04368839186964,2,0,0.0
nuscenes_mini_subset,scene-1094_002,2,10,Pedestrian,24.982309024749267,3,0,0.0
nuscenes_mini_subset,scene-1094_002,2,11,Pedestrian,11.393897338675757,13,4,30.76923076923077
nuscenes_mini_subset,scene-1094_002,2,12,Pedestrian,23.45123136339532,6,0,0.0
nuscenes_mini_subset,scene-1094_002,2,13,Car,26.092890074070382,5,5,100.0
nuscenes_mini_subset,scene-1094_002,2,14,Car,28.82177678114651,64,60,93.75
nuscenes_mini_subset,scene-1094_002,2,15,Pedestrian,14.15369697072113,18,10,55.55555555555556
nuscenes_mini_subset,scene-1094_002,2,16,Pedestrian,32.57249292139986,2,0,0.0
nuscenes_mini_subset,scene-1094_002,2,17,Bicycle,29.90929523477569,6,4,66.66666666666667
nuscenes_mini_subset,scene-1094_002,3,0,personal_mobility,8.566481006096206,42,34,80.95238095238095
nuscenes_mini_subset,scene-1094_002,3,1,Car,22.42828837619199,20,19,95.0
nuscenes_mini_subset,scene-1094_002,3,2,Pedestrian,31.927363913189467,0,0,nan
nuscenes_mini_subset,scene-1094_002,3,3,Pedestrian,36.43175651645159,4,0,0.0
nuscenes_mini_subset,scene-1094_002,3,4,Car,8.058218459222482,381,336,88.18897637795276
nuscenes_mini_subset,scene-1094_002,3,5,Pedestrian,31.29812553238278,4,0,0.0
nuscenes_mini_subset,scene-1094_002,3,6,Pedestrian,22.596505941704937,0,0,nan
nuscenes_mini_subset,scene-1094_002,3,7,Pedestrian,36.20014921086482,1,0,0.0
nuscenes_mini_subset,scene-1094_002,3,8,Car,27.87999418285346,5,0,0.0
nuscenes_mini_subset,scene-1094_002,3,9,Car,34.04368839186964,2,0,0.0
nuscenes_mini_subset,scene-1094_002,3,10,Pedestrian,24.982309024749267,3,0,0.0
nuscenes_mini_subset,scene-1094_002,3,11,Pedestrian,11.393897338675757,13,0,0.0
nuscenes_mini_subset,scene-1094_002,3,12,Pedestrian,23.45123136339532,6,0,0.0
nuscenes_mini_subset,scene-1094_002,3,13,Car,26.092890074070382,5,5,100.0
nuscenes_mini_subset,scene-1094_002,3,14,Car,28.82177678114651,64,57,89.0625
nuscenes_mini_subset,scene-1094_002,3,15,Pedestrian,14.15369697072113,18,4,22.22222222222222
nuscenes_mini_subset,scene-1094_002,3,16,Pedestrian,32.57249292139986,2,0,0.0
nuscenes_mini_subset,scene-1094_002,3,17,Bicycle,29.90929523477569,6,1,16.666666666666668
nuscenes_mini_subset,scene-1094_003,-3,0,personal_mobility,8.303044953085728,34,19,55.88235294117647
nuscenes_mini_subset,scene-1094_003,-3,1,Car,22.213105989016057,28,17,60.714285714285715
nuscenes_mini_subset,scene-1094_003,-3,2,Pedestrian,31.78069976294647,2,0,0.0
nuscenes_mini_subset,scene-1094_003,-3,3,Pedestrian,26.089421461384504,4,0,0.0
nuscenes_mini_subset,scene-1094_003,-3,4,Pedestrian,35.864329155019036,2,0,0.0
nuscenes_mini_subset,scene-1094_003,-3,5,Car,8.274704168625576,373,340,91.15281501340482
nuscenes_mini_subset,scene-1094_003,-3,6,Pedestrian,30.839595113807576,3,0,0.0
nuscenes_mini_subset,scene-1094_003,-3,7,Pedestrian,22.867529989853313,0,0,nan
nuscenes_mini_subset,scene-1094_003,-3,8,Pedestrian,36.11922188964386,1,0,0.0
nuscenes_mini_subset,scene-1094_003,-3,9,Car,27.61241971180263,7,2,28.571428571428573
nuscenes_mini_subset,scene-1094_003,-3,10,Car,33.841521342614065,0,0,nan
nuscenes_mini_subset,scene-1094_003,-3,11,Pedestrian,24.99650481673184,4,0,0.0
nuscenes_mini_subset,scene-1094_003,-3,12,Car,5.221592517533824,10,0,0.0
nuscenes_mini_subset,scene-1094_003,-3,13,Pedestrian,10.51712172505554,0,0,nan
nuscenes_mini_subset,scene-1094_003,-3,14,Pedestrian,23.494201936154194,6,0,0.0
nuscenes_mini_subset,scene-1094_003,-3,15,Pedestrian,32.448120250558176,0,0,nan
nuscenes_mini_subset,scene-1094_003,-3,16,Car,25.875660552905284,6,3,50.0
nuscenes_mini_subset,scene-1094_003,-3,17,Car,28.60627048770625,67,55,82.08955223880596
nuscenes_mini_subset,scene-1094_003,-3,18,Pedestrian,14.308197649490365,12,3,25.0
nuscenes_mini_subset,scene-1094_003,-3,19,Pedestrian,32.377993957606826,2,0,0.0
nuscenes_mini_subset,scene-1094_003,-3,20,Bicycle,29.720081473576766,7,1,14.285714285714286
nuscenes_mini_subset,scene-1094_003,-2,0,personal_mobility,8.303044953085728,34,27,79.41176470588235
nuscenes_mini_subset,scene-1094_003,-2,1,Car,22.213105989016057,28,22,78.57142857142857
nuscenes_mini_subset,scene-1094_003,-2,2,Pedestrian,31.78069976294647,2,0,0.0
nuscenes_mini_subset,scene-1094_003,-2,3,Pedestrian,26.089421461384504,4,0,0.0
nuscenes_mini_subset,scene-1094_003,-2,4,Pedestrian,35.864329155019036,2,0,0.0
nuscenes_mini_subset,scene-1094_003,-2,5,Car,8.274704168625576,373,362,97.05093833780161
nuscenes_mini_subset,scene-1094_003,-2,6,Pedestrian,30.839595113807576,3,0,0.0
nuscenes_mini_subset,scene-1094_003,-2,7,Pedestrian,22.867529989853313,0,0,nan
nuscenes_mini_subset,scene-1094_003,-2,8,Pedestrian,36.11922188964386,1,0,0.0
nuscenes_mini_subset,scene-1094_003,-2,9,Car,27.61241971180263,7,5,71.42857142857143
nuscenes_mini_subset,scene-1094_003,-2,10,Car,33.841521342614065,0,0,nan
nuscenes_mini_subset,scene-1094_003,-2,11,Pedestrian,24.99650481673184,4,0,0.0
nuscenes_mini_subset,scene-1094_003,-2,12,Car,5.221592517533824,10,0,0.0
nuscenes_mini_subset,scene-1094_003,-2,13,Pedestrian,10.51712172505554,0,0,nan
nuscenes_mini_subset,scene-1094_003,-2,14,Pedestrian,23.494201936154194,6,0,0.0
nuscenes_mini_subset,scene-1094_003,-2,15,Pedestrian,32.448120250558176,0,0,nan
nuscenes_mini_subset,scene-1094_003,-2,16,Car,25.875660552905284,6,6,100.0
nuscenes_mini_subset,scene-1094_003,-2,17,Car,28.60627048770625,67,62,92.53731343283582
nuscenes_mini_subset,scene-1094_003,-2,18,Pedestrian,14.308197649490365,12,8,66.66666666666667
nuscenes_mini_subset,scene-1094_003,-2,19,Pedestrian,32.377993957606826,2,0,0.0
nuscenes_mini_subset,scene-1094_003,-2,20,Bicycle,29.720081473576766,7,1,14.285714285714286
nuscenes_mini_subset,scene-1094_003,-1,0,personal_mobility,8.303044953085728,34,33,97.05882352941177
nuscenes_mini_subset,scene-1094_003,-1,1,Car,22.213105989016057,28,28,100.0
nuscenes_mini_subset,scene-1094_003,-1,2,Pedestrian,31.78069976294647,2,0,0.0
nuscenes_mini_subset,scene-1094_003,-1,3,Pedestrian,26.089421461384504,4,2,50.0
nuscenes_mini_subset,scene-1094_003,-1,4,Pedestrian,35.864329155019036,2,0,0.0
nuscenes_mini_subset,scene-1094_003,-1,5,Car,8.274704168625576,373,373,100.0
nuscenes_mini_subset,scene-1094_003,-1,6,Pedestrian,30.839595113807576,3,0,0.0
nuscenes_mini_subset,scene-1094_003,-1,7,Pedestrian,22.867529989853313,0,0,nan
nuscenes_mini_subset,scene-1094_003,-1,8,Pedestrian,36.11922188964386,1,0,0.0
nuscenes_mini_subset,scene-1094_003,-1,9,Car,27.61241971180263,7,7,100.0
nuscenes_mini_subset,scene-1094_003,-1,10,Car,33.841521342614065,0,0,nan
nuscenes_mini_subset,scene-1094_003,-1,11,Pedestrian,24.99650481673184,4,2,50.0
nuscenes_mini_subset,scene-1094_003,-1,12,Car,5.221592517533824,10,1,10.0
nuscenes_mini_subset,scene-1094_003,-1,13,Pedestrian,10.51712172505554,0,0,nan
nuscenes_mini_subset,scene-1094_003,-1,14,Pedestrian,23.494201936154194,6,4,66.66666666666667
nuscenes_mini_subset,scene-1094_003,-1,15,Pedestrian,32.448120250558176,0,0,nan
nuscenes_mini_subset,scene-1094_003,-1,16,Car,25.875660552905284,6,6,100.0
nuscenes_mini_subset,scene-1094_003,-1,17,Car,28.60627048770625,67,66,98.50746268656717
nuscenes_mini_subset,scene-1094_003,-1,18,Pedestrian,14.308197649490365,12,11,91.66666666666667
nuscenes_mini_subset,scene-1094_003,-1,19,Pedestrian,32.377993957606826,2,0,0.0
nuscenes_mini_subset,scene-1094_003,-1,20,Bicycle,29.720081473576766,7,4,57.142857142857146
nuscenes_mini_subset,scene-1094_003,-0.5,0,personal_mobility,8.303044953085728,34,34,100.0
nuscenes_mini_subset,scene-1094_003,-0.5,1,Car,22.213105989016057,28,28,100.0
nuscenes_mini_subset,scene-1094_003,-0.5,2,Pedestrian,31.78069976294647,2,0,0.0
nuscenes_mini_subset,scene-1094_003,-0.5,3,Pedestrian,26.089421461384504,4,4,100.0
nuscenes_mini_subset,scene-1094_003,-0.5,4,Pedestrian,35.864329155019036,2,1,50.0
nuscenes_mini_subset,scene-1094_003,-0.5,5,Car,8.274704168625576,373,373,100.0
nuscenes_mini_subset,scene-1094_003,-0.5,6,Pedestrian,30.839595113807576,3,1,33.333333333333336
nuscenes_mini_subset,scene-1094_003,-0.5,7,Pedestrian,22.867529989853313,0,0,nan
nuscenes_mini_subset,scene-1094_003,-0.5,8,Pedestrian,36.11922188964386,1,1,100.0
nuscenes_mini_subset,scene-1094_003,-0.5,9,Car,27.61241971180263,7,7,100.0
nuscenes_mini_subset,scene-1094_003,-0.5,10,Car,33.841521342614065,0,0,nan
nuscenes_mini_subset,scene-1094_003,-0.5,11,Pedestrian,24.99650481673184,4,4,100.0
nuscenes_mini_subset,scene-1094_003,-0.5,12,Car,5.221592517533824,10,4,40.0
nuscenes_mini_subset,scene-1094_003,-0.5,13,Pedestrian,10.51712172505554,0,0,nan
nuscenes_mini_subset,scene-1094_003,-0.5,14,Pedestrian,23.494201936154194,6,6,100.0
nuscenes_mini_subset,scene-1094_003,-0.5,15,Pedestrian,32.448120250558176,0,0,nan
nuscenes_mini_subset,scene-1094_003,-0.5,16,Car,25.875660552905284,6,6,100.0
nuscenes_mini_subset,scene-1094_003,-0.5,17,Car,28.60627048770625,67,67,100.0
nuscenes_mini_subset,scene-1094_003,-0.5,18,Pedestrian,14.308197649490365,12,12,100.0
nuscenes_mini_subset,scene-1094_003,-0.5,19,Pedestrian,32.377993957606826,2,1,50.0
nuscenes_mini_subset,scene-1094_003,-0.5,20,Bicycle,29.720081473576766,7,6,85.71428571428571
nuscenes_mini_subset,scene-1094_003,0,0,personal_mobility,8.303044953085728,34,34,100.0
nuscenes_mini_subset,scene-1094_003,0,1,Car,22.213105989016057,28,28,100.0
nuscenes_mini_subset,scene-1094_003,0,2,Pedestrian,31.78069976294647,2,2,100.0
nuscenes_mini_subset,scene-1094_003,0,3,Pedestrian,26.089421461384504,4,4,100.0
nuscenes_mini_subset,scene-1094_003,0,4,Pedestrian,35.864329155019036,2,2,100.0
nuscenes_mini_subset,scene-1094_003,0,5,Car,8.274704168625576,373,373,100.0
nuscenes_mini_subset,scene-1094_003,0,6,Pedestrian,30.839595113807576,3,3,100.0
nuscenes_mini_subset,scene-1094_003,0,7,Pedestrian,22.867529989853313,0,0,nan
nuscenes_mini_subset,scene-1094_003,0,8,Pedestrian,36.11922188964386,1,1,100.0
nuscenes_mini_subset,scene-1094_003,0,9,Car,27.61241971180263,7,7,100.0
nuscenes_mini_subset,scene-1094_003,0,10,Car,33.841521342614065,0,0,nan
nuscenes_mini_subset,scene-1094_003,0,11,Pedestrian,24.99650481673184,4,4,100.0
nuscenes_mini_subset,scene-1094_003,0,12,Car,5.221592517533824,10,10,100.0
nuscenes_mini_subset,scene-1094_003,0,13,Pedestrian,10.51712172505554,0,0,nan
nuscenes_mini_subset,scene-1094_003,0,14,Pedestrian,23.494201936154194,6,6,100.0
nuscenes_mini_subset,scene-1094_003,0,15,Pedestrian,32.448120250558176,0,0,nan
nuscenes_mini_subset,scene-1094_003,0,16,Car,25.875660552905284,6,6,100.0
nuscenes_mini_subset,scene-1094_003,0,17,Car,28.60627048770625,67,67,100.0
nuscenes_mini_subset,scene-1094_003,0,18,Pedestrian,14.308197649490365,12,12,100.0
nuscenes_mini_subset,scene-1094_003,0,19,Pedestrian,32.377993957606826,2,2,100.0
nuscenes_mini_subset,scene-1094_003,0,20,Bicycle,29.720081473576766,7,7,100.0
nuscenes_mini_subset,scene-1094_003,0.5,0,personal_mobility,8.303044953085728,34,34,100.0
nuscenes_mini_subset,scene-1094_003,0.5,1,Car,22.213105989016057,28,27,96.42857142857143
nuscenes_mini_subset,scene-1094_003,0.5,2,Pedestrian,31.78069976294647,2,0,0.0
nuscenes_mini_subset,scene-1094_003,0.5,3,Pedestrian,26.089421461384504,4,4,100.0
nuscenes_mini_subset,scene-1094_003,0.5,4,Pedestrian,35.864329155019036,2,2,100.0
nuscenes_mini_subset,scene-1094_003,0.5,5,Car,8.274704168625576,373,372,99.73190348525469
nuscenes_mini_subset,scene-1094_003,0.5,6,Pedestrian,30.839595113807576,3,2,66.66666666666667
nuscenes_mini_subset,scene-1094_003,0.5,7,Pedestrian,22.867529989853313,0,0,nan
nuscenes_mini_subset,scene-1094_003,0.5,8,Pedestrian,36.11922188964386,1,1,100.0
nuscenes_mini_subset,scene-1094_003,0.5,9,Car,27.61241971180263,7,7,100.0
nuscenes_mini_subset,scene-1094_003,0.5,10,Car,33.841521342614065,0,0,nan
nuscenes_mini_subset,scene-1094_003,0.5,11,Pedestrian,24.99650481673184,4,4,100.0
nuscenes_mini_subset,scene-1094_003,0.5,12,Car,5.221592517533824,10,10,100.0
nuscenes_mini_subset,scene-1094_003,0.5,13,Pedestrian,10.51712172505554,0,0,nan
nuscenes_mini_subset,scene-1094_003,0.5,14,Pedestrian,23.494201936154194,6,6,100.0
nuscenes_mini_subset,scene-1094_003,0.5,15,Pedestrian,32.448120250558176,0,0,nan
nuscenes_mini_subset,scene-1094_003,0.5,16,Car,25.875660552905284,6,6,100.0
nuscenes_mini_subset,scene-1094_003,0.5,17,Car,28.60627048770625,67,67,100.0
nuscenes_mini_subset,scene-1094_003,0.5,18,Pedestrian,14.308197649490365,12,12,100.0
nuscenes_mini_subset,scene-1094_003,0.5,19,Pedestrian,32.377993957606826,2,1,50.0
nuscenes_mini_subset,scene-1094_003,0.5,20,Bicycle,29.720081473576766,7,6,85.71428571428571
nuscenes_mini_subset,scene-1094_003,1,0,personal_mobility,8.303044953085728,34,34,100.0
nuscenes_mini_subset,scene-1094_003,1,1,Car,22.213105989016057,28,21,75.0
nuscenes_mini_subset,scene-1094_003,1,2,Pedestrian,31.78069976294647,2,0,0.0
nuscenes_mini_subset,scene-1094_003,1,3,Pedestrian,26.089421461384504,4,2,50.0
nuscenes_mini_subset,scene-1094_003,1,4,Pedestrian,35.864329155019036,2,0,0.0
nuscenes_mini_subset,scene-1094_003,1,5,Car,8.274704168625576,373,371,99.46380697050938
nuscenes_mini_subset,scene-1094_003,1,6,Pedestrian,30.839595113807576,3,0,0.0
nuscenes_mini_subset,scene-1094_003,1,7,Pedestrian,22.867529989853313,0,0,nan
nuscenes_mini_subset,scene-1094_003,1,8,Pedestrian,36.11922188964386,1,1,100.0
nuscenes_mini_subset,scene-1094_003,1,9,Car,27.61241971180263,7,6,85.71428571428571
nuscenes_mini_subset,scene-1094_003,1,10,Car,33.841521342614065,0,0,nan
nuscenes_mini_subset,scene-1094_003,1,11,Pedestrian,24.99650481673184,4,0,0.0
nuscenes_mini_subset,scene-1094_003,1,12,Car,5.221592517533824,10,9,90.0
nuscenes_mini_subset,scene-1094_003,1,13,Pedestrian,10.51712172505554,0,0,nan
nuscenes_mini_subset,scene-1094_003,1,14,Pedestrian,23.494201936154194,6,3,50.0
nuscenes_mini_subset,scene-1094_003,1,15,Pedestrian,32.448120250558176,0,0,nan
nuscenes_mini_subset,scene-1094_003,1,16,Car,25.875660552905284,6,6,100.0
nuscenes_mini_subset,scene-1094_003,1,17,Car,28.60627048770625,67,65,97.01492537313433
nuscenes_mini_subset,scene-1094_003,1,18,Pedestrian,14.308197649490365,12,12,100.0
nuscenes_mini_subset,scene-1094_003,1,19,Pedestrian,32.377993957606826,2,0,0.0
nuscenes_mini_subset,scene-1094_003,1,20,Bicycle,29.720081473576766,7,6,85.71428571428571
nuscenes_mini_subset,scene-1094_003,2,0,personal_mobility,8.303044953085728,34,30,88.23529411764706
nuscenes_mini_subset,scene-1094_003,2,1,Car,22.213105989016057,28,14,50.0
nuscenes_mini_subset,scene-1094_003,2,2,Pedestrian,31.78069976294647,2,0,0.0
nuscenes_mini_subset,scene-1094_003,2,3,Pedestrian,26.089421461384504,4,0,0.0
nuscenes_mini_subset,scene-1094_003,2,4,Pedestrian,35.864329155019036,2,0,0.0
nuscenes_mini_subset,scene-1094_003,2,5,Car,8.274704168625576,373,357,95.71045576407506
nuscenes_mini_subset,scene-1094_003,2,6,Pedestrian,30.839595113807576,3,0,0.0
nuscenes_mini_subset,scene-1094_003,2,7,Pedestrian,22.867529989853313,0,0,nan
nuscenes_mini_subset,scene-1094_003,2,8,Pedestrian,36.11922188964386,1,0,0.0
nuscenes_mini_subset,scene-1094_003,2,9,Car,27.61241971180263,7,3,42.857142857142854
nuscenes_mini_subset,scene-1094_003,2,10,Car,33.841521342614065,0,0,nan
nuscenes_mini_subset,scene-1094_003,2,11,Pedestrian,24.99650481673184,4,0,0.0
nuscenes_mini_subset,scene-1094_003,2,12,Car,5.221592517533824,10,2,20.0
nuscenes_mini_subset,scene-1094_003,2,13,Pedestrian,10.51712172505554,0,0,nan
nuscenes_mini_subset,scene-1094_003,2,14,Pedestrian,23.494201936154194,6,0,0.0
nuscenes_mini_subset,scene-1094_003,2,15,Pedestrian,32.448120250558176,0,0,nan
nuscenes_mini_subset,scene-1094_003,2,16,Car,25.875660552905284,6,6,100.0
nuscenes_mini_subset,scene-1094_003,2,17,Car,28.60627048770625,67,62,92.53731343283582
nuscenes_mini_subset,scene-1094_003,2,18,Pedestrian,14.308197649490365,12,7,58.333333333333336
nuscenes_mini_subset,scene-1094_003,2,19,Pedestrian,32.377993957606826,2,0,0.0
nuscenes_mini_subset,scene-1094_003,2,20,Bicycle,29.720081473576766,7,4,57.142857142857146
nuscenes_mini_subset,scene-1094_003,3,0,personal_mobility,8.303044953085728,34,25,73.52941176470588
nuscenes_mini_subset,scene-1094_003,3,1,Car,22.213105989016057,28,14,50.0
nuscenes_mini_subset,scene-1094_003,3,2,Pedestrian,31.78069976294647,2,0,0.0
nuscenes_mini_subset,scene-1094_003,3,3,Pedestrian,26.089421461384504,4,0,0.0
nuscenes_mini_subset,scene-1094_003,3,4,Pedestrian,35.864329155019036,2,0,0.0
nuscenes_mini_subset,scene-1094_003,3,5,Car,8.274704168625576,373,335,89.81233243967829
nuscenes_mini_subset,scene-1094_003,3,6,Pedestrian,30.839595113807576,3,0,0.0
nuscenes_mini_subset,scene-1094_003,3,7,Pedestrian,22.867529989853313,0,0,nan
nuscenes_mini_subset,scene-1094_003,3,8,Pedestrian,36.11922188964386,1,0,0.0
nuscenes_mini_subset,scene-1094_003,3,9,Car,27.61241971180263,7,0,0.0
nuscenes_mini_subset,scene-1094_003,3,10,Car,33.841521342614065,0,0,nan
nuscenes_mini_subset,scene-1094_003,3,11,Pedestrian,24.99650481673184,4,0,0.0
nuscenes_mini_subset,scene-1094_003,3,12,Car,5.221592517533824,10,0,0.0
nuscenes_mini_subset,scene-1094_003,3,13,Pedestrian,10.51712172505554,0,0,nan
nuscenes_mini_subset,scene-1094_003,3,14,Pedestrian,23.494201936154194,6,0,0.0
nuscenes_mini_subset,scene-1094_003,3,15,Pedestrian,32.448120250558176,0,0,nan
nuscenes_mini_subset,scene-1094_003,3,16,Car,25.875660552905284,6,6,100.0
nuscenes_mini_subset,scene-1094_003,3,17,Car,28.60627048770625,67,59,88.05970149253731
nuscenes_mini_subset,scene-1094_003,3,18,Pedestrian,14.308197649490365,12,3,25.0
nuscenes_mini_subset,scene-1094_003,3,19,Pedestrian,32.377993957606826,2,0,0.0
nuscenes_mini_subset,scene-1094_003,3,20,Bicycle,29.720081473576766,7,1,14.285714285714286
nuscenes_mini_subset,scene-1094_004,-3,0,personal_mobility,7.819396864242828,37,26,70.27027027027027
nuscenes_mini_subset,scene-1094_004,-3,1,Car,21.741854279162155,27,15,55.55555555555556
nuscenes_mini_subset,scene-1094_004,-3,2,Pedestrian,31.409487165486215,1,0,0.0
nuscenes_mini_subset,scene-1094_004,-3,3,Pedestrian,26.08340692334628,4,0,0.0
nuscenes_mini_subset,scene-1094_004,-3,4,Pedestrian,35.22946779089507,4,0,0.0
nuscenes_mini_subset,scene-1094_004,-3,5,Car,8.442016266676799,367,329,89.64577656675749
nuscenes_mini_subset,scene-1094_004,-3,6,Pedestrian,30.107951542029458,5,0,0.0
nuscenes_mini_subset,scene-1094_004,-3,7,Pedestrian,22.89170761208873,0,0,nan
nuscenes_mini_subset,scene-1094_004,-3,8,Pedestrian,35.75468453517254,0,0,nan
nuscenes_mini_subset,scene-1094_004,-3,9,Car,27.082514881828878,6,2,33.333333333333336
nuscenes_mini_subset,scene-1094_004,-3,10,Car,33.39172164749747,0,0,nan
nuscenes_mini_subset,scene-1094_004,-3,11,Pedestrian,24.778395032818356,4,0,0.0
nuscenes_mini_subset,scene-1094_004,-3,12,Car,6.7224575730363,11,0,0.0
nuscenes_mini_subset,scene-1094_004,-3,13,Pedestrian,23.42379453112618,6,0,0.0
nuscenes_mini_subset,scene-1094_004,-3,14,Pedestrian,32.04371746347136,0,0,nan
nuscenes_mini_subset,scene-1094_004,-3,15,Car,25.40160389425144,5,2,40.0
nuscenes_mini_subset,scene-1094_004,-3,16,Car,28.134880728819077,68,57,83.82352941176471
nuscenes_mini_subset,scene-1094_004,-3,17,Pedestrian,14.420063960182166,0,0,nan
nuscenes_mini_subset,scene-1094_004,-3,18,Pedestrian,32.064645376727185,1,0,0.0
nuscenes_mini_subset,scene-1094_004,-3,19,Bicycle,29.291623452989484,6,0,0.0
nuscenes_mini_subset,scene-1094_004,-2,0,personal_mobility,7.819396864242828,37,34,91.89189189189189
nuscenes_mini_subset,scene-1094_004,-2,1,Car,21.741854279162155,27,21,77.77777777777777
nuscenes_mini_subset,scene-1094_004,-2,2,Pedestrian,31.409487165486215,1,0,0.0
nuscenes_mini_subset,scene-1094_004,-2,3,Pedestrian,26.08340692334628,4,0,0.0
nuscenes_mini_subset,scene-1094_004,-2,4,Pedestrian,35.22946779089507,4,0,0.0
nuscenes_mini_subset,scene-1094_004,-2,5,Car,8.442016266676799,367,353,96.18528610354224
nuscenes_mini_subset,scene-1094_004,-2,6,Pedestrian,30.107951542029458,5,0,0.0
nuscenes_mini_subset,scene-1094_004,-2,7,Pedestrian,22.89170761208873,0,0,nan
nuscenes_mini_subset,scene-1094_004,-2,8,Pedestrian,35.75468453517254,0,0,nan
nuscenes_mini_subset,scene-1094_004,-2,9,Car,27.082514881828878,6,4,66.66666666666667
nuscenes_mini_subset,scene-1094_004,-2,10,Car,33.39172164749747,0,0,nan
nuscenes_mini_subset,scene-1094_004,-2,11,Pedestrian,24.778395032818356,4,0,0.0
nuscenes_mini_subset,scene-1094_004,-2,12,Car,6.7224575730363,11,0,0.0
nuscenes_mini_subset,scene-1094_004,-2,13,Pedestrian,23.42379453112618,6,0,0.0
nuscenes_mini_subset,scene-1094_004,-2,14,Pedestrian,32.04371746347136,0,0,nan
nuscenes_mini_subset,scene-1094_004,-2,15,Car,25.40160389425144,5,4,80.0
nuscenes_mini_subset,scene-1094_004,-2,16,Car,28.134880728819077,68,63,92.6470588235294
nuscenes_mini_subset,scene-1094_004,-2,17,Pedestrian,14.420063960182166,0,0,nan
nuscenes_mini_subset,scene-1094_004,-2,18,Pedestrian,32.064645376727185,1,0,0.0
nuscenes_mini_subset,scene-1094_004,-2,19,Bicycle,29.291623452989484,6,2,33.333333333333336
nuscenes_mini_subset,scene-1094_004,-1,0,personal_mobility,7.819396864242828,37,37,100.0
nuscenes_mini_subset,scene-1094_004,-1,1,Car,21.741854279162155,27,27,100.0
nuscenes_mini_subset,scene-1094_004,-1,2,Pedestrian,31.409487165486215,1,0,0.0
nuscenes_mini_subset,scene-1094_004,-1,3,Pedestrian,26.08340692334628,4,2,50.0
nuscenes_mini_subset,scene-1094_004,-1,4,Pedestrian,35.22946779089507,4,0,0.0
nuscenes_mini_subset,scene-1094_004,-1,5,Car,8.442016266676799,367,367,100.0
nuscenes_mini_subset,scene-1094_004,-1,6,Pedestrian,30.107951542029458,5,0,0.0
nuscenes_mini_subset,scene-1094_004,-1,7,Pedestrian,22.89170761208873,0,0,nan
nuscenes_mini_subset,scene-1094_004,-1,8,Pedestrian,35.75468453517254,0,0,nan
nuscenes_mini_subset,scene-1094_004,-1,9,Car,27.082514881828878,6,6,100.0
nuscenes_mini_subset,scene-1094_004,-1,10,Car,33.39172164749747,0,0,nan
nuscenes_mini_subset,scene-1094_004,-1,11,Pedestrian,24.778395032818356,4,2,50.0
nuscenes_mini_subset,scene-1094_004,-1,12,Car,6.7224575730363,11,2,18.181818181818183
nuscenes_mini_subset,scene-1094_004,-1,13,Pedestrian,23.42379453112618,6,4,66.66666666666667
nuscenes_mini_subset,scene-1094_004,-1,14,Pedestrian,32.04371746347136,0,0,nan
nuscenes_mini_subset,scene-1094_004,-1,15,Car,25.40160389425144,5,5,100.0
nuscenes_mini_subset,scene-1094_004,-1,16,Car,28.134880728819077,68,67,98.52941176470588
nuscenes_mini_subset,scene-1094_004,-1,17,Pedestrian,14.420063960182166,0,0,nan
nuscenes_mini_subset,scene-1094_004,-1,18,Pedestrian,32.064645376727185,1,0,0.0
nuscenes_mini_subset,scene-1094_004,-1,19,Bicycle,29.291623452989484,6,3,50.0
nuscenes_mini_subset,scene-1094_004,-0.5,0,personal_mobility,7.819396864242828,37,37,100.0
nuscenes_mini_subset,scene-1094_004,-0.5,1,Car,21.741854279162155,27,27,100.0
nuscenes_mini_subset,scene-1094_004,-0.5,2,Pedestrian,31.409487165486215,1,0,0.0
nuscenes_mini_subset,scene-1094_004,-0.5,3,Pedestrian,26.08340692334628,4,4,100.0
nuscenes_mini_subset,scene-1094_004,-0.5,4,Pedestrian,35.22946779089507,4,4,100.0
nuscenes_mini_subset,scene-1094_004,-0.5,5,Car,8.442016266676799,367,367,100.0
nuscenes_mini_subset,scene-1094_004,-0.5,6,Pedestrian,30.107951542029458,5,4,80.0
nuscenes_mini_subset,scene-1094_004,-0.5,7,Pedestrian,22.89170761208873,0,0,nan
nuscenes_mini_subset,scene-1094_004,-0.5,8,Pedestrian,35.75468453517254,0,0,nan
nuscenes_mini_subset,scene-1094_004,-0.5,9,Car,27.082514881828878,6,6,100.0
nuscenes_mini_subset,scene-1094_004,-0.5,10,Car,33.39172164749747,0,0,nan
nuscenes_mini_subset,scene-1094_004,-0.5,11,Pedestrian,24.778395032818356,4,4,100.0
nuscenes_mini_subset,scene-1094_004,-0.5,12,Car,6.7224575730363,11,5,45.45454545454545
nuscenes_mini_subset,scene-1094_004,-0.5,13,Pedestrian,23.42379453112618,6,6,100.0
nuscenes_mini_subset,scene-1094_004,-0.5,14,Pedestrian,32.04371746347136,0,0,nan
nuscenes_mini_subset,scene-1094_004,-0.5,15,Car,25.40160389425144,5,5,100.0
nuscenes_mini_subset,scene-1094_004,-0.5,16,Car,28.134880728819077,68,68,100.0
nuscenes_mini_subset,scene-1094_004,-0.5,17,Pedestrian,14.420063960182166,0,0,nan
nuscenes_mini_subset,scene-1094_004,-0.5,18,Pedestrian,32.064645376727185,1,1,100.0
nuscenes_mini_subset,scene-1094_004,-0.5,19,Bicycle,29.291623452989484,6,5,83.33333333333333
nuscenes_mini_subset,scene-1094_004,0,0,personal_mobility,7.819396864242828,37,37,100.0
nuscenes_mini_subset,scene-1094_004,0,1,Car,21.741854279162155,27,27,100.0
nuscenes_mini_subset,scene-1094_004,0,2,Pedestrian,31.409487165486215,1,1,100.0
nuscenes_mini_subset,scene-1094_004,0,3,Pedestrian,26.08340692334628,4,4,100.0
nuscenes_mini_subset,scene-1094_004,0,4,Pedestrian,35.22946779089507,4,4,100.0
nuscenes_mini_subset,scene-1094_004,0,5,Car,8.442016266676799,367,367,100.0
nuscenes_mini_subset,scene-1094_004,0,6,Pedestrian,30.107951542029458,5,5,100.0
nuscenes_mini_subset,scene-1094_004,0,7,Pedestrian,22.89170761208873,0,0,nan
nuscenes_mini_subset,scene-1094_004,0,8,Pedestrian,35.75468453517254,0,0,nan
nuscenes_mini_subset,scene-1094_004,0,9,Car,27.082514881828878,6,6,100.0
nuscenes_mini_subset,scene-1094_004,0,10,Car,33.39172164749747,0,0,nan
nuscenes_mini_subset,scene-1094_004,0,11,Pedestrian,24.778395032818356,4,4,100.0
nuscenes_mini_subset,scene-1094_004,0,12,Car,6.7224575730363,11,11,100.0
nuscenes_mini_subset,scene-1094_004,0,13,Pedestrian,23.42379453112618,6,6,100.0
nuscenes_mini_subset,scene-1094_004,0,14,Pedestrian,32.04371746347136,0,0,nan
nuscenes_mini_subset,scene-1094_004,0,15,Car,25.40160389425144,5,5,100.0
nuscenes_mini_subset,scene-1094_004,0,16,Car,28.134880728819077,68,68,100.0
nuscenes_mini_subset,scene-1094_004,0,17,Pedestrian,14.420063960182166,0,0,nan
nuscenes_mini_subset,scene-1094_004,0,18,Pedestrian,32.064645376727185,1,1,100.0
nuscenes_mini_subset,scene-1094_004,0,19,Bicycle,29.291623452989484,6,6,100.0
nuscenes_mini_subset,scene-1094_004,0.5,0,personal_mobility,7.819396864242828,37,36,97.29729729729729
nuscenes_mini_subset,scene-1094_004,0.5,1,Car,21.741854279162155,27,26,96.29629629629629
nuscenes_mini_subset,scene-1094_004,0.5,2,Pedestrian,31.409487165486215,1,0,0.0
nuscenes_mini_subset,scene-1094_004,0.5,3,Pedestrian,26.08340692334628,4,4,100.0
nuscenes_mini_subset,scene-1094_004,0.5,4,Pedestrian,35.22946779089507,4,4,100.0
nuscenes_mini_subset,scene-1094_004,0.5,5,Car,8.442016266676799,367,367,100.0
nuscenes_mini_subset,scene-1094_004,0.5,6,Pedestrian,30.107951542029458,5,3,60.0
nuscenes_mini_subset,scene-1094_004,0.5,7,Pedestrian,22.89170761208873,0,0,nan
nuscenes_mini_subset,scene-1094_004,0.5,8,Pedestrian,35.75468453517254,0,0,nan
nuscenes_mini_subset,scene-1094_004,0.5,9,Car,27.082514881828878,6,5,83.33333333333333
nuscenes_mini_subset,scene-1094_004,0.5,10,Car,33.39172164749747,0,0,nan
nuscenes_mini_subset,scene-1094_004,0.5,11,Pedestrian,24.778395032818356,4,3,75.0
nuscenes_mini_subset,scene-1094_004,0.5,12,Car,6.7224575730363,11,9,81.81818181818181
nuscenes_mini_subset,scene-1094_004,0.5,13,Pedestrian,23.42379453112618,6,6,100.0
nuscenes_mini_subset,scene-1094_004,0.5,14,Pedestrian,32.04371746347136,0,0,nan
nuscenes_mini_subset,scene-1094_004,0.5,15,Car,25.40160389425144,5,5,100.0
nuscenes_mini_subset,scene-1094_004,0.5,16,Car,28.134880728819077,68,68,100.0
nuscenes_mini_subset,scene-1094_004,0.5,17,Pedestrian,14.420063960182166,0,0,nan
nuscenes_mini_subset,scene-1094_004,0.5,18,Pedestrian,32.064645376727185,1,1,100.0
nuscenes_mini_subset,scene-1094_004,0.5,19,Bicycle,29.291623452989484,6,6,100.0
nuscenes_mini_subset,scene-1094_004,1,0,personal_mobility,7.819396864242828,37,36,97.29729729729729
nuscenes_mini_subset,scene-1094_004,1,1,Car,21.741854279162155,27,22,81.48148148148148
nuscenes_mini_subset,scene-1094_004,1,2,Pedestrian,31.409487165486215,1,0,0.0
nuscenes_mini_subset,scene-1094_004,1,3,Pedestrian,26.08340692334628,4,0,0.0
nuscenes_mini_subset,scene-1094_004,1,4,Pedestrian,35.22946779089507,4,2,50.0
nuscenes_mini_subset,scene-1094_004,1,5,Car,8.442016266676799,367,362,98.6376021798365
nuscenes_mini_subset,scene-1094_004,1,6,Pedestrian,30.107951542029458,5,0,0.0
nuscenes_mini_subset,scene-1094_004,1,7,Pedestrian,22.89170761208873,0,0,nan
nuscenes_mini_subset,scene-1094_004,1,8,Pedestrian,35.75468453517254,0,0,nan
nuscenes_mini_subset,scene-1094_004,1,9,Car,27.082514881828878,6,3,50.0
nuscenes_mini_subset,scene-1094_004,1,10,Car,33.39172164749747,0,0,nan
nuscenes_mini_subset,scene-1094_004,1,11,Pedestrian,24.778395032818356,4,1,25.0
nuscenes_mini_subset,scene-1094_004,1,12,Car,6.7224575730363,11,5,45.45454545454545
nuscenes_mini_subset,scene-1094_004,1,13,Pedestrian,23.42379453112618,6,4,66.66666666666667
nuscenes_mini_subset,scene-1094_004,1,14,Pedestrian,32.04371746347136,0,0,nan
nuscenes_mini_subset,scene-1094_004,1,15,Car,25.40160389425144,5,5,100.0
nuscenes_mini_subset,scene-1094_004,1,16,Car,28.134880728819077,68,66,97.05882352941177
nuscenes_mini_subset,scene-1094_004,1,17,Pedestrian,14.420063960182166,0,0,nan
nuscenes_mini_subset,scene-1094_004,1,18,Pedestrian,32.064645376727185,1,0,0.0
nuscenes_mini_subset,scene-1094_004,1,19,Bicycle,29.291623452989484,6,5,83.33333333333333
nuscenes_mini_subset,scene-1094_004,2,0,personal_mobility,7.819396864242828,37,36,97.29729729729729
nuscenes_mini_subset,scene-1094_004,2,1,Car,21.741854279162155,27,21,77.77777777777777
nuscenes_mini_subset,scene-1094_004,2,2,Pedestrian,31.409487165486215,1,0,0.0
nuscenes_mini_subset,scene-1094_004,2,3,Pedestrian,26.08340692334628,4,0,0.0
nuscenes_mini_subset,scene-1094_004,2,4,Pedestrian,35.22946779089507,4,0,0.0
nuscenes_mini_subset,scene-1094_004,2,5,Car,8.442016266676799,367,347,94.55040871934605
nuscenes_mini_subset,scene-1094_004,2,6,Pedestrian,30.107951542029458,5,0,0.0
nuscenes_mini_subset,scene-1094_004,2,7,Pedestrian,22.89170761208873,0,0,nan
nuscenes_mini_subset,scene-1094_004,2,8,Pedestrian,35.75468453517254,0,0,nan
nuscenes_mini_subset,scene-1094_004,2,9,Car,27.082514881828878,6,1,16.666666666666668
nuscenes_mini_subset,scene-1094_004,2,10,Car,33.39172164749747,0,0,nan
nuscenes_mini_subset,scene-1094_004,2,11,Pedestrian,24.778395032818356,4,0,0.0
nuscenes_mini_subset,scene-1094_004,2,12,Car,6.7224575730363,11,0,0.0
nuscenes_mini_subset,scene-1094_004,2,13,Pedestrian,23.42379453112618,6,0,0.0
nuscenes_mini_subset,scene-1094_004,2,14,Pedestrian,32.04371746347136,0,0,nan
nuscenes_mini_subset,scene-1094_004,2,15,Car,25.40160389425144,5,5,100.0
nuscenes_mini_subset,scene-1094_004,2,16,Car,28.134880728819077,68,63,92.6470588235294
nuscenes_mini_subset,scene-1094_004,2,17,Pedestrian,14.420063960182166,0,0,nan
nuscenes_mini_subset,scene-1094_004,2,18,Pedestrian,32.064645376727185,1,0,0.0
nuscenes_mini_subset,scene-1094_004,2,19,Bicycle,29.291623452989484,6,3,50.0
nuscenes_mini_subset,scene-1094_004,3,0,personal_mobility,7.819396864242828,37,36,97.29729729729729
nuscenes_mini_subset,scene-1094_004,3,1,Car,21.741854279162155,27,21,77.77777777777777
nuscenes_mini_subset,scene-1094_004,3,2,Pedestrian,31.409487165486215,1,0,0.0
nuscenes_mini_subset,scene-1094_004,3,3,Pedestrian,26.08340692334628,4,0,0.0
nuscenes_mini_subset,scene-1094_004,3,4,Pedestrian,35.22946779089507,4,0,0.0
nuscenes_mini_subset,scene-1094_004,3,5,Car,8.442016266676799,367,322,87.73841961852861
nuscenes_mini_subset,scene-1094_004,3,6,Pedestrian,30.107951542029458,5,0,0.0
nuscenes_mini_subset,scene-1094_004,3,7,Pedestrian,22.89170761208873,0,0,nan
nuscenes_mini_subset,scene-1094_004,3,8,Pedestrian,35.75468453517254,0,0,nan
nuscenes_mini_subset,scene-1094_004,3,9,Car,27.082514881828878,6,0,0.0
nuscenes_mini_subset,scene-1094_004,3,10,Car,33.39172164749747,0,0,nan
nuscenes_mini_subset,scene-1094_004,3,11,Pedestrian,24.778395032818356,4,0,0.0
nuscenes_mini_subset,scene-1094_004,3,12,Car,6.7224575730363,11,0,0.0
nuscenes_mini_subset,scene-1094_004,3,13,Pedestrian,23.42379453112618,6,0,0.0
nuscenes_mini_subset,scene-1094_004,3,14,Pedestrian,32.04371746347136,0,0,nan
nuscenes_mini_subset,scene-1094_004,3,15,Car,25.40160389425144,5,5,100.0
nuscenes_mini_subset,scene-1094_004,3,16,Car,28.134880728819077,68,60,88.23529411764706
nuscenes_mini_subset,scene-1094_004,3,17,Pedestrian,14.420063960182166,0,0,nan
nuscenes_mini_subset,scene-1094_004,3,18,Pedestrian,32.064645376727185,1,0,0.0
nuscenes_mini_subset,scene-1094_004,3,19,Bicycle,29.291623452989484,6,1,16.666666666666668
nuscenes_mini_subset,scene-1094_005,-3,0,personal_mobility,7.101744111649305,50,27,54.0
nuscenes_mini_subset,scene-1094_005,-3,1,Car,20.955683087859203,30,19,63.333333333333336
nuscenes_mini_subset,scene-1094_005,-3,2,Pedestrian,30.74747758404836,2,0,0.0
nuscenes_mini_subset,scene-1094_005,-3,3,Pedestrian,25.69993442004473,3,0,0.0
nuscenes_mini_subset,scene-1094_005,-3,4,Pedestrian,34.45606770638894,2,0,0.0
nuscenes_mini_subset,scene-1094_005,-3,5,Car,8.400846319141872,379,348,91.82058047493403
nuscenes_mini_subset,scene-1094_005,-3,6,Pedestrian,29.26713821886343,5,0,0.0
nuscenes_mini_subset,scene-1094_005,-3,7,Pedestrian,22.6090615675419,0,0,nan
nuscenes_mini_subset,scene-1094_005,-3,8,Pedestrian,35.04505979217177,2,0,0.0
nuscenes_mini_subset,scene-1094_005,-3,9,Car,26.23053698773858,0,0,nan
nuscenes_mini_subset,scene-1094_005,-3,10,Car,32.63245719371447,0,0,nan
nuscenes_mini_subset,scene-1094_005,-3,11,Pedestrian,24.2672090306532,3,0,0.0
nuscenes_mini_subset,scene-1094_005,-3,12,Car,7.853746963049115,0,0,nan
nuscenes_mini_subset,scene-1094_005,-3,13,Pedestrian,22.953450257811888,6,0,0.0
nuscenes_mini_subset,scene-1094_005,-3,14,Pedestrian,31.49516218966877,0,0,nan
nuscenes_mini_subset,scene-1094_005,-3,15,Car,24.61212897156714,15,6,40.0
nuscenes_mini_subset,scene-1094_005,-3,16,Car,27.34818167064467,74,64,86.48648648648648
nuscenes_mini_subset,scene-1094_005,-3,17,Pedestrian,14.220338318615125,0,0,nan
nuscenes_mini_subset,scene-1094_005,-3,18,Pedestrian,31.45635039066678,3,0,0.0
nuscenes_mini_subset,scene-1094_005,-3,19,Bicycle,28.560767873717325,6,0,0.0
nuscenes_mini_subset,scene-1094_005,-2,0,personal_mobility,7.101744111649305,50,40,80.0
nuscenes_mini_subset,scene-1094_005,-2,1,Car,20.955683087859203,30,26,86.66666666666667
nuscenes_mini_subset,scene-1094_005,-2,2,Pedestrian,30.74747758404836,2,0,0.0
nuscenes_mini_subset,scene-1094_005,-2,3,Pedestrian,25.69993442004473,3,0,0.0
nuscenes_mini_subset,scene-1094_005,-2,4,Pedestrian,34.45606770638894,2,0,0.0
nuscenes_mini_subset,scene-1094_005,-2,5,Car,8.400846319141872,379,366,96.56992084432717
nuscenes_mini_subset,scene-1094_005,-2,6,Pedestrian,29.26713821886343,5,0,0.0
nuscenes_mini_subset,scene-1094_005,-2,7,Pedestrian,22.6090615675419,0,0,nan
nuscenes_mini_subset,scene-1094_005,-2,8,Pedestrian,35.04505979217177,2,0,0.0
nuscenes_mini_subset,scene-1094_005,-2,9,Car,26.23053698773858,0,0,nan
nuscenes_mini_subset,scene-1094_005,-2,10,Car,32.63245719371447,0,0,nan
nuscenes_mini_subset,scene-1094_005,-2,11,Pedestrian,24.2672090306532,3,0,0.0
nuscenes_mini_subset,scene-1094_005,-2,12,Car,7.853746963049115,0,0,nan
nuscenes_mini_subset,scene-1094_005,-2,13,Pedestrian,22.953450257811888,6,0,0.0
nuscenes_mini_subset,scene-1094_005,-2,14,Pedestrian,31.49516218966877,0,0,nan
nuscenes_mini_subset,scene-1094_005,-2,15,Car,24.61212897156714,15,12,80.0
nuscenes_mini_subset,scene-1094_005,-2,16,Car,27.34818167064467,74,69,93.24324324324324
nuscenes_mini_subset,scene-1094_005,-2,17,Pedestrian,14.220338318615125,0,0,nan
nuscenes_mini_subset,scene-1094_005,-2,18,Pedestrian,31.45635039066678,3,0,0.0
nuscenes_mini_subset,scene-1094_005,-2,19,Bicycle,28.560767873717325,6,2,33.333333333333336
nuscenes_mini_subset,scene-1094_005,-1,0,personal_mobility,7.101744111649305,50,49,98.0
nuscenes_mini_subset,scene-1094_005,-1,1,Car,20.955683087859203,30,30,100.0
nuscenes_mini_subset,scene-1094_005,-1,2,Pedestrian,30.74747758404836,2,0,0.0
nuscenes_mini_subset,scene-1094_005,-1,3,Pedestrian,25.69993442004473,3,1,33.333333333333336
nuscenes_mini_subset,scene-1094_005,-1,4,Pedestrian,34.45606770638894,2,0,0.0
nuscenes_mini_subset,scene-1094_005,-1,5,Car,8.400846319141872,379,379,100.0
nuscenes_mini_subset,scene-1094_005,-1,6,Pedestrian,29.26713821886343,5,2,40.0
nuscenes_mini_subset,scene-1094_005,-1,7,Pedestrian,22.6090615675419,0,0,nan
nuscenes_mini_subset,scene-1094_005,-1,8,Pedestrian,35.04505979217177,2,2,100.0
nuscenes_mini_subset,scene-1094_005,-1,9,Car,26.23053698773858,0,0,nan
nuscenes_mini_subset,scene-1094_005,-1,10,Car,32.63245719371447,0,0,nan
nuscenes_mini_subset,scene-1094_005,-1,11,Pedestrian,24.2672090306532,3,2,66.66666666666667
nuscenes_mini_subset,scene-1094_005,-1,12,Car,7.853746963049115,0,0,nan
nuscenes_mini_subset,scene-1094_005,-1,13,Pedestrian,22.953450257811888,6,4,66.66666666666667
nuscenes_mini_subset,scene-1094_005,-1,14,Pedestrian,31.49516218966877,0,0,nan
nuscenes_mini_subset,scene-1094_005,-1,15,Car,24.61212897156714,15,15,100.0
nuscenes_mini_subset,scene-1094_005,-1,16,Car,27.34818167064467,74,73,98.64864864864865
nuscenes_mini_subset,scene-1094_005,-1,17,Pedestrian,14.220338318615125,0,0,nan
nuscenes_mini_subset,scene-1094_005,-1,18,Pedestrian,31.45635039066678,3,0,0.0
nuscenes_mini_subset,scene-1094_005,-1,19,Bicycle,28.560767873717325,6,5,83.33333333333333
nuscenes_mini_subset,scene-1094_005,-0.5,0,personal_mobility,7.101744111649305,50,50,100.0
nuscenes_mini_subset,scene-1094_005,-0.5,1,Car,20.955683087859203,30,30,100.0
nuscenes_mini_subset,scene-1094_005,-0.5,2,Pedestrian,30.74747758404836,2,0,0.0
nuscenes_mini_subset,scene-1094_005,-0.5,3,Pedestrian,25.69993442004473,3,2,66.66666666666667
nuscenes_mini_subset,scene-1094_005,-0.5,4,Pedestrian,34.45606770638894,2,1,50.0
nuscenes_mini_subset,scene-1094_005,-0.5,5,Car,8.400846319141872,379,379,100.0
nuscenes_mini_subset,scene-1094_005,-0.5,6,Pedestrian,29.26713821886343,5,4,80.0
nuscenes_mini_subset,scene-1094_005,-0.5,7,Pedestrian,22.6090615675419,0,0,nan
nuscenes_mini_subset,scene-1094_005,-0.5,8,Pedestrian,35.04505979217177,2,2,100.0
nuscenes_mini_subset,scene-1094_005,-0.5,9,Car,26.23053698773858,0,0,nan
nuscenes_mini_subset,scene-1094_005,-0.5,10,Car,32.63245719371447,0,0,nan
nuscenes_mini_subset,scene-1094_005,-0.5,11,Pedestrian,24.2672090306532,3,3,100.0
nuscenes_mini_subset,scene-1094_005,-0.5,12,Car,7.853746963049115,0,0,nan
nuscenes_mini_subset,scene-1094_005,-0.5,13,Pedestrian,22.953450257811888,6,6,100.0
nuscenes_mini_subset,scene-1094_005,-0.5,14,Pedestrian,31.49516218966877,0,0,nan
nuscenes_mini_subset,scene-1094_005,-0.5,15,Car,24.61212897156714,15,15,100.0
nuscenes_mini_subset,scene-1094_005,-0.5,16,Car,27.34818167064467,74,74,100.0
nuscenes_mini_subset,scene-1094_005,-0.5,17,Pedestrian,14.220338318615125,0,0,nan
nuscenes_mini_subset,scene-1094_005,-0.5,18,Pedestrian,31.45635039066678,3,1,33.333333333333336
nuscenes_mini_subset,scene-1094_005,-0.5,19,Bicycle,28.560767873717325,6,6,100.0
nuscenes_mini_subset,scene-1094_005,0,0,personal_mobility,7.101744111649305,50,50,100.0
nuscenes_mini_subset,scene-1094_005,0,1,Car,20.955683087859203,30,30,100.0
nuscenes_mini_subset,scene-1094_005,0,2,Pedestrian,30.74747758404836,2,2,100.0
nuscenes_mini_subset,scene-1094_005,0,3,Pedestrian,25.69993442004473,3,3,100.0
nuscenes_mini_subset,scene-1094_005,0,4,Pedestrian,34.45606770638894,2,2,100.0
nuscenes_mini_subset,scene-1094_005,0,5,Car,8.400846319141872,379,379,100.0
nuscenes_mini_subset,scene-1094_005,0,6,Pedestrian,29.26713821886343,5,5,100.0
nuscenes_mini_subset,scene-1094_005,0,7,Pedestrian,22.6090615675419,0,0,nan
nuscenes_mini_subset,scene-1094_005,0,8,Pedestrian,35.04505979217177,2,2,100.0
nuscenes_mini_subset,scene-1094_005,0,9,Car,26.23053698773858,0,0,nan
nuscenes_mini_subset,scene-1094_005,0,10,Car,32.63245719371447,0,0,nan
nuscenes_mini_subset,scene-1094_005,0,11,Pedestrian,24.2672090306532,3,3,100.0
nuscenes_mini_subset,scene-1094_005,0,12,Car,7.853746963049115,0,0,nan
nuscenes_mini_subset,scene-1094_005,0,13,Pedestrian,22.953450257811888,6,6,100.0
nuscenes_mini_subset,scene-1094_005,0,14,Pedestrian,31.49516218966877,0,0,nan
nuscenes_mini_subset,scene-1094_005,0,15,Car,24.61212897156714,15,15,100.0
nuscenes_mini_subset,scene-1094_005,0,16,Car,27.34818167064467,74,74,100.0
nuscenes_mini_subset,scene-1094_005,0,17,Pedestrian,14.220338318615125,0,0,nan
nuscenes_mini_subset,scene-1094_005,0,18,Pedestrian,31.45635039066678,3,3,100.0
nuscenes_mini_subset,scene-1094_005,0,19,Bicycle,28.560767873717325,6,6,100.0
nuscenes_mini_subset,scene-1094_005,0.5,0,personal_mobility,7.101744111649305,50,45,90.0
nuscenes_mini_subset,scene-1094_005,0.5,1,Car,20.955683087859203,30,30,100.0
nuscenes_mini_subset,scene-1094_005,0.5,2,Pedestrian,30.74747758404836,2,0,0.0
nuscenes_mini_subset,scene-1094_005,0.5,3,Pedestrian,25.69993442004473,3,3,100.0
nuscenes_mini_subset,scene-1094_005,0.5,4,Pedestrian,34.45606770638894,2,2,100.0
nuscenes_mini_subset,scene-1094_005,0.5,5,Car,8.400846319141872,379,377,99.47229551451187
nuscenes_mini_subset,scene-1094_005,0.5,6,Pedestrian,29.26713821886343,5,3,60.0
nuscenes_mini_subset,scene-1094_005,0.5,7,Pedestrian,22.6090615675419,0,0,nan
nuscenes_mini_subset,scene-1094_005,0.5,8,Pedestrian,35.04505979217177,2,2,100.0
nuscenes_mini_subset,scene-1094_005,0.5,9,Car,26.23053698773858,0,0,nan
nuscenes_mini_subset,scene-1094_005,0.5,10,Car,32.63245719371447,0,0,nan
nuscenes_mini_subset,scene-1094_005,0.5,11,Pedestrian,24.2672090306532,3,3,100.0
nuscenes_mini_subset,scene-1094_005,0.5,12,Car,7.853746963049115,0,0,nan
nuscenes_mini_subset,scene-1094_005,0.5,13,Pedestrian,22.953450257811888,6,6,100.0
nuscenes_mini_subset,scene-1094_005,0.5,14,Pedestrian,31.49516218966877,0,0,nan
nuscenes_mini_subset,scene-1094_005,0.5,15,Car,24.61212897156714,15,15,100.0
nuscenes_mini_subset,scene-1094_005,0.5,16,Car,27.34818167064467,74,74,100.0
nuscenes_mini_subset,scene-1094_005,0.5,17,Pedestrian,14.220338318615125,0,0,nan
nuscenes_mini_subset,scene-1094_005,0.5,18,Pedestrian,31.45635039066678,3,2,66.66666666666667
nuscenes_mini_subset,scene-1094_005,0.5,19,Bicycle,28.560767873717325,6,6,100.0
nuscenes_mini_subset,scene-1094_005,1,0,personal_mobility,7.101744111649305,50,38,76.0
nuscenes_mini_subset,scene-1094_005,1,1,Car,20.955683087859203,30,30,100.0
nuscenes_mini_subset,scene-1094_005,1,2,Pedestrian,30.74747758404836,2,0,0.0
nuscenes_mini_subset,scene-1094_005,1,3,Pedestrian,25.69993442004473,3,1,33.333333333333336
nuscenes_mini_subset,scene-1094_005,1,4,Pedestrian,34.45606770638894,2,0,0.0
nuscenes_mini_subset,scene-1094_005,1,5,Car,8.400846319141872,379,370,97.62532981530343
nuscenes_mini_subset,scene-1094_005,1,6,Pedestrian,29.26713821886343,5,0,0.0
nuscenes_mini_subset,scene-1094_005,1,7,Pedestrian,22.6090615675419,0,0,nan
nuscenes_mini_subset,scene-1094_005,1,8,Pedestrian,35.04505979217177,2,0,0.0
nuscenes_mini_subset,scene-1094_005,1,9,Car,26.23053698773858,0,0,nan
nuscenes_mini_subset,scene-1094_005,1,10,Car,32.63245719371447,0,0,nan
nuscenes_mini_subset,scene-1094_005,1,11,Pedestrian,24.2672090306532,3,0,0.0
nuscenes_mini_subset,scene-1094_005,1,12,Car,7.853746963049115,0,0,nan
nuscenes_mini_subset,scene-1094_005,1,13,Pedestrian,22.953450257811888,6,3,50.0
nuscenes_mini_subset,scene-1094_005,1,14,Pedestrian,31.49516218966877,0,0,nan
nuscenes_mini_subset,scene-1094_005,1,15,Car,24.61212897156714,15,15,100.0
nuscenes_mini_subset,scene-1094_005,1,16,Car,27.34818167064467,74,73,98.64864864864865
nuscenes_mini_subset,scene-1094_005,1,17,Pedestrian,14.220338318615125,0,0,nan
nuscenes_mini_subset,scene-1094_005,1,18,Pedestrian,31.45635039066678,3,0,0.0
nuscenes_mini_subset,scene-1094_005,1,19,Bicycle,28.560767873717325,6,5,83.33333333333333
nuscenes_mini_subset,scene-1094_005,2,0,personal_mobility,7.101744111649305,50,20,40.0
nuscenes_mini_subset,scene-1094_005,2,1,Car,20.955683087859203,30,30,100.0
nuscenes_mini_subset,scene-1094_005,2,2,Pedestrian,30.74747758404836,2,0,0.0
nuscenes_mini_subset,scene-1094_005,2,3,Pedestrian,25.69993442004473,3,0,0.0
nuscenes_mini_subset,scene-1094_005,2,4,Pedestrian,34.45606770638894,2,0,0.0
nuscenes_mini_subset,scene-1094_005,2,5,Car,8.400846319141872,379,352,92.87598944591029
nuscenes_mini_subset,scene-1094_005,2,6,Pedestrian,29.26713821886343,5,0,0.0
nuscenes_mini_subset,scene-1094_005,2,7,Pedestrian,22.6090615675419,0,0,nan
nuscenes_mini_subset,scene-1094_005,2,8,Pedestrian,35.04505979217177,2,0,0.0
nuscenes_mini_subset,scene-1094_005,2,9,Car,26.23053698773858,0,0,nan
nuscenes_mini_subset,scene-1094_005,2,10,Car,32.63245719371447,0,0,nan
nuscenes_mini_subset,scene-1094_005,2,11,Pedestrian,24.2672090306532,3,0,0.0
nuscenes_mini_subset,scene-1094_005,2,12,Car,7.853746963049115,0,0,nan
nuscenes_mini_subset,scene-1094_005,2,13,Pedestrian,22.953450257811888,6,0,0.0
nuscenes_mini_subset,scene-1094_005,2,14,Pedestrian,31.49516218966877,0,0,nan
nuscenes_mini_subset,scene-1094_005,2,15,Car,24.61212897156714,15,15,100.0
nuscenes_mini_subset,scene-1094_005,2,16,Car,27.34818167064467,74,70,94.5945945945946
nuscenes_mini_subset,scene-1094_005,2,17,Pedestrian,14.220338318615125,0,0,nan
nuscenes_mini_subset,scene-1094_005,2,18,Pedestrian,31.45635039066678,3,0,0.0
nuscenes_mini_subset,scene-1094_005,2,19,Bicycle,28.560767873717325,6,2,33.333333333333336
nuscenes_mini_subset,scene-1094_005,3,0,personal_mobility,7.101744111649305,50,9,18.0
nuscenes_mini_subset,scene-1094_005,3,1,Car,20.955683087859203,30,30,100.0
nuscenes_mini_subset,scene-1094_005,3,2,Pedestrian,30.74747758404836,2,0,0.0
nuscenes_mini_subset,scene-1094_005,3,3,Pedestrian,25.69993442004473,3,0,0.0
nuscenes_mini_subset,scene-1094_005,3,4,Pedestrian,34.45606770638894,2,0,0.0
nuscenes_mini_subset,scene-1094_005,3,5,Car,8.400846319141872,379,332,87.59894459102902
nuscenes_mini_subset,scene-1094_005,3,6,Pedestrian,29.26713821886343,5,0,0.0
nuscenes_mini_subset,scene-1094_005,3,7,Pedestrian,22.6090615675419,0,0,nan
nuscenes_mini_subset,scene-1094_005,3,8,Pedestrian,35.04505979217177,2,0,0.0
nuscenes_mini_subset,scene-1094_005,3,9,Car,26.23053698773858,0,0,nan
nuscenes_mini_subset,scene-1094_005,3,10,Car,32.63245719371447,0,0,nan
nuscenes_mini_subset,scene-1094_005,3,11,Pedestrian,24.2672090306532,3,0,0.0
nuscenes_mini_subset,scene-1094_005,3,12,Car,7.853746963049115,0,0,nan
nuscenes_mini_subset,scene-1094_005,3,13,Pedestrian,22.953450257811888,6,0,0.0
nuscenes_mini_subset,scene-1094_005,3,14,Pedestrian,31.49516218966877,0,0,nan
nuscenes_mini_subset,scene-1094_005,3,15,Car,24.61212897156714,15,15,100.0
nuscenes_mini_subset,scene-1094_005,3,16,Car,27.34818167064467,74,65,87.83783783783784
nuscenes_mini_subset,scene-1094_005,3,17,Pedestrian,14.220338318615125,0,0,nan
nuscenes_mini_subset,scene-1094_005,3,18,Pedestrian,31.45635039066678,3,0,0.0
nuscenes_mini_subset,scene-1094_005,3,19,Bicycle,28.560767873717325,6,0,0.0
nuscenes_mini_subset,scene-1094_006,-3,0,personal_mobility,6.101256127244883,4,0,0.0
nuscenes_mini_subset,scene-1094_006,-3,1,Car,19.89184707519313,50,36,72.0
nuscenes_mini_subset,scene-1094_006,-3,2,Pedestrian,29.865566102308446,0,0,nan
nuscenes_mini_subset,scene-1094_006,-3,3,Pedestrian,25.05472431800969,3,0,0.0
nuscenes_mini_subset,scene-1094_006,-3,4,Pedestrian,33.70468676699096,4,0,0.0
nuscenes_mini_subset,scene-1094_006,-3,5,Car,8.135344392037272,415,384,92.53012048192771
nuscenes_mini_subset,scene-1094_006,-3,6,Pedestrian,28.1510637324417,5,0,0.0
nuscenes_mini_subset,scene-1094_006,-3,7,Pedestrian,22.07149120988573,0,0,nan
nuscenes_mini_subset,scene-1094_006,-3,8,Pedestrian,34.0035291256279,3,0,0.0
nuscenes_mini_subset,scene-1094_006,-3,9,Car,25.209502471871552,0,0,nan
nuscenes_mini_subset,scene-1094_006,-3,10,Car,31.616318660016553,0,0,nan
nuscenes_mini_subset,scene-1094_006,-3,11,Pedestrian,23.53725243246539,6,0,0.0
nuscenes_mini_subset,scene-1094_006,-3,12,Pedestrian,22.403270497158143,6,0,0.0
nuscenes_mini_subset,scene-1094_006,-3,13,Pedestrian,30.742067936210457,0,0,nan
nuscenes_mini_subset,scene-1094_006,-3,14,Car,23.545624449893033,10,5,50.0
nuscenes_mini_subset,scene-1094_006,-3,15,Car,26.287411841445635,64,57,89.0625
nuscenes_mini_subset,scene-1094_006,-3,16,Pedestrian,13.754869256506892,0,0,nan
nuscenes_mini_subset,scene-1094_006,-3,17,Pedestrian,30.629102107674687,1,0,0.0
nuscenes_mini_subset,scene-1094_006,-3,18,Bicycle,27.593448170104516,11,1,9.090909090909092
nuscenes_mini_subset,scene-1094_006,-2,0,personal_mobility,6.101256127244883,4,0,0.0
nuscenes_mini_subset,scene-1094_006,-2,1,Car,19.89184707519313,50,46,92.0
nuscenes_mini_subset,scene-1094_006,-2,2,Pedestrian,29.865566102308446,0,0,nan
nuscenes_mini_subset,scene-1094_006,-2,3,Pedestrian,25.05472431800969,3,0,0.0
nuscenes_mini_subset,scene-1094_006,-2,4,Pedestrian,33.70468676699096,4,0,0.0
nuscenes_mini_subset,scene-1094_006,-2,5,Car,8.135344392037272,415,406,97.83132530120481
nuscenes_mini_subset,scene-1094_006,-2,6,Pedestrian,28.1510637324417,5,0,0.0
nuscenes_mini_subset,scene-1094_006,-2,7,Pedestrian,22.07149120988573,0,0,nan
nuscenes_mini_subset,scene-1094_006,-2,8,Pedestrian,34.0035291256279,3,0,0.0
nuscenes_mini_subset,scene-1094_006,-2,9,Car,25.209502471871552,0,0,nan
nuscenes_mini_subset,scene-1094_006,-2,10,Car,31.616318660016553,0,0,nan
nuscenes_mini_subset,scene-1094_006,-2,11,Pedestrian,23.53725243246539,6,0,0.0
nuscenes_mini_subset,scene-1094_006,-2,12,Pedestrian,22.403270497158143,6,0,0.0
nuscenes_mini_subset,scene-1094_006,-2,13,Pedestrian,30.742067936210457,0,0,nan
nuscenes_mini_subset,scene-1094_006,-2,14,Car,23.545624449893033,10,8,80.0
nuscenes_mini_subset,scene-1094_006,-2,15,Car,26.287411841445635,64,62,96.875
nuscenes_mini_subset,scene-1094_006,-2,16,Pedestrian,13.754869256506892,0,0,nan
nuscenes_mini_subset,scene-1094_006,-2,17,Pedestrian,30.629102107674687,1,0,0.0
nuscenes_mini_subset,scene-1094_006,-2,18,Bicycle,27.593448170104516,11,4,36.36363636363637
nuscenes_mini_subset,scene-1094_006,-1,0,personal_mobility,6.101256127244883,4,2,50.0
nuscenes_mini_subset,scene-1094_006,-1,1,Car,19.89184707519313,50,50,100.0
nuscenes_mini_subset,scene-1094_006,-1,2,Pedestrian,29.865566102308446,0,0,nan
nuscenes_mini_subset,scene-1094_006,-1,3,Pedestrian,25.05472431800969,3,0,0.0
nuscenes_mini_subset,scene-1094_006,-1,4,Pedestrian,33.70468676699096,4,2,50.0
nuscenes_mini_subset,scene-1094_006,-1,5,Car,8.135344392037272,415,415,100.0
nuscenes_mini_subset,scene-1094_006,-1,6,Pedestrian,28.1510637324417,5,0,0.0
nuscenes_mini_subset,scene-1094_006,-1,7,Pedestrian,22.07149120988573,0,0,nan
nuscenes_mini_subset,scene-1094_006,-1,8,Pedestrian,34.0035291256279,3,2,66.66666666666667
nuscenes_mini_subset,scene-1094_006,-1,9,Car,25.209502471871552,0,0,nan
nuscenes_mini_subset,scene-1094_006,-1,10,Car,31.616318660016553,0,0,nan
nuscenes_mini_subset,scene-1094_006,-1,11,Pedestrian,23.53725243246539,6,2,33.333333333333336
nuscenes_mini_subset,scene-1094_006,-1,12,Pedestrian,22.403270497158143,6,3,50.0
nuscenes_mini_subset,scene-1094_006,-1,13,Pedestrian,30.742067936210457,0,0,nan
nuscenes_mini_subset,scene-1094_006,-1,14,Car,23.545624449893033,10,10,100.0
nuscenes_mini_subset,scene-1094_006,-1,15,Car,26.287411841445635,64,64,100.0
nuscenes_mini_subset,scene-1094_006,-1,16,Pedestrian,13.754869256506892,0,0,nan
nuscenes_mini_subset,scene-1094_006,-1,17,Pedestrian,30.629102107674687,1,0,0.0
nuscenes_mini_subset,scene-1094_006,-1,18,Bicycle,27.593448170104516,11,6,54.54545454545455
nuscenes_mini_subset,scene-1094_006,-0.5,0,personal_mobility,6.101256127244883,4,4,100.0
nuscenes_mini_subset,scene-1094_006,-0.5,1,Car,19.89184707519313,50,50,100.0
nuscenes_mini_subset,scene-1094_006,-0.5,2,Pedestrian,29.865566102308446,0,0,nan
nuscenes_mini_subset,scene-1094_006,-0.5,3,Pedestrian,25.05472431800969,3,3,100.0
nuscenes_mini_subset,scene-1094_006,-0.5,4,Pedestrian,33.70468676699096,4,3,75.0
nuscenes_mini_subset,scene-1094_006,-0.5,5,Car,8.135344392037272,415,415,100.0
nuscenes_mini_subset,scene-1094_006,-0.5,6,Pedestrian,28.1510637324417,5,4,80.0
nuscenes_mini_subset,scene-1094_006,-0.5,7,Pedestrian,22.07149120988573,0,0,nan
nuscenes_mini_subset,scene-1094_006,-0.5,8,Pedestrian,34.0035291256279,3,3,100.0
nuscenes_mini_subset,scene-1094_006,-0.5,9,Car,25.209502471871552,0,0,nan
nuscenes_mini_subset,scene-1094_006,-0.5,10,Car,31.616318660016553,0,0,nan
nuscenes_mini_subset,scene-1094_006,-0.5,11,Pedestrian,23.53725243246539,6,6,100.0
nuscenes_mini_subset,scene-1094_006,-0.5,12,Pedestrian,22.403270497158143,6,6,100.0
nuscenes_mini_subset,scene-1094_006,-0.5,13,Pedestrian,30.742067936210457,0,0,nan
nuscenes_mini_subset,scene-1094_006,-0.5,14,Car,23.545624449893033,10,10,100.0
nuscenes_mini_subset,scene-1094_006,-0.5,15,Car,26.287411841445635,64,64,100.0
nuscenes_mini_subset,scene-1094_006,-0.5,16,Pedestrian,13.754869256506892,0,0,nan
nuscenes_mini_subset,scene-1094_006,-0.5,17,Pedestrian,30.629102107674687,1,1,100.0
nuscenes_mini_subset,scene-1094_006,-0.5,18,Bicycle,27.593448170104516,11,10,90.9090909090909
nuscenes_mini_subset,scene-1094_006,0,0,personal_mobility,6.101256127244883,4,4,100.0
nuscenes_mini_subset,scene-1094_006,0,1,Car,19.89184707519313,50,50,100.0
nuscenes_mini_subset,scene-1094_006,0,2,Pedestrian,29.865566102308446,0,0,nan
nuscenes_mini_subset,scene-1094_006,0,3,Pedestrian,25.05472431800969,3,3,100.0
nuscenes_mini_subset,scene-1094_006,0,4,Pedestrian,33.70468676699096,4,4,100.0
nuscenes_mini_subset,scene-1094_006,0,5,Car,8.135344392037272,415,415,100.0
nuscenes_mini_subset,scene-1094_006,0,6,Pedestrian,28.1510637324417,5,5,100.0
nuscenes_mini_subset,scene-1094_006,0,7,Pedestrian,22.07149120988573,0,0,nan
nuscenes_mini_subset,scene-1094_006,0,8,Pedestrian,34.0035291256279,3,3,100.0
nuscenes_mini_subset,scene-1094_006,0,9,Car,25.209502471871552,0,0,nan
nuscenes_mini_subset,scene-1094_006,0,10,Car,31.616318660016553,0,0,nan
nuscenes_mini_subset,scene-1094_006,0,11,Pedestrian,23.53725243246539,6,6,100.0
nuscenes_mini_subset,scene-1094_006,0,12,Pedestrian,22.403270497158143,6,6,100.0
nuscenes_mini_subset,scene-1094_006,0,13,Pedestrian,30.742067936210457,0,0,nan
nuscenes_mini_subset,scene-1094_006,0,14,Car,23.545624449893033,10,10,100.0
nuscenes_mini_subset,scene-1094_006,0,15,Car,26.287411841445635,64,64,100.0
nuscenes_mini_subset,scene-1094_006,0,16,Pedestrian,13.754869256506892,0,0,nan
nuscenes_mini_subset,scene-1094_006,0,17,Pedestrian,30.629102107674687,1,1,100.0
nuscenes_mini_subset,scene-1094_006,0,18,Bicycle,27.593448170104516,11,11,100.0
nuscenes_mini_subset,scene-1094_006,0.5,0,personal_mobility,6.101256127244883,4,0,0.0
nuscenes_mini_subset,scene-1094_006,0.5,1,Car,19.89184707519313,50,50,100.0
nuscenes_mini_subset,scene-1094_006,0.5,2,Pedestrian,29.865566102308446,0,0,nan
nuscenes_mini_subset,scene-1094_006,0.5,3,Pedestrian,25.05472431800969,3,3,100.0
nuscenes_mini_subset,scene-1094_006,0.5,4,Pedestrian,33.70468676699096,4,2,50.0
nuscenes_mini_subset,scene-1094_006,0.5,5,Car,8.135344392037272,415,413,99.51807228915662
nuscenes_mini_subset,scene-1094_006,0.5,6,Pedestrian,28.1510637324417,5,3,60.0
nuscenes_mini_subset,scene-1094_006,0.5,7,Pedestrian,22.07149120988573,0,0,nan
nuscenes_mini_subset,scene-1094_006,0.5,8,Pedestrian,34.0035291256279,3,3,100.0
nuscenes_mini_subset,scene-1094_006,0.5,9,Car,25.209502471871552,0,0,nan
nuscenes_mini_subset,scene-1094_006,0.5,10,Car,31.616318660016553,0,0,nan
nuscenes_mini_subset,scene-1094_006,0.5,11,Pedestrian,23.53725243246539,6,6,100.0
nuscenes_mini_subset,scene-1094_006,0.5,12,Pedestrian,22.403270497158143,6,6,100.0
nuscenes_mini_subset,scene-1094_006,0.5,13,Pedestrian,30.742067936210457,0,0,nan
nuscenes_mini_subset,scene-1094_006,0.5,14,Car,23.545624449893033,10,10,100.0
nuscenes_mini_subset,scene-1094_006,0.5,15,Car,26.287411841445635,64,64,100.0
nuscenes_mini_subset,scene-1094_006,0.5,16,Pedestrian,13.754869256506892,0,0,nan
nuscenes_mini_subset,scene-1094_006,0.5,17,Pedestrian,30.629102107674687,1,1,100.0
nuscenes_mini_subset,scene-1094_006,0.5,18,Bicycle,27.593448170104516,11,10,90.9090909090909
nuscenes_mini_subset,scene-1094_006,1,0,personal_mobility,6.101256127244883,4,0,0.0
nuscenes_mini_subset,scene-1094_006,1,1,Car,19.89184707519313,50,49,98.0
nuscenes_mini_subset,scene-1094_006,1,2,Pedestrian,29.865566102308446,0,0,nan
nuscenes_mini_subset,scene-1094_006,1,3,Pedestrian,25.05472431800969,3,3,100.0
nuscenes_mini_subset,scene-1094_006,1,4,Pedestrian,33.70468676699096,4,1,25.0
nuscenes_mini_subset,scene-1094_006,1,5,Car,8.135344392037272,415,407,98.07228915662651
nuscenes_mini_subset,scene-1094_006,1,6,Pedestrian,28.1510637324417,5,1,20.0
nuscenes_mini_subset,scene-1094_006,1,7,Pedestrian,22.07149120988573,0,0,nan
nuscenes_mini_subset,scene-1094_006,1,8,Pedestrian,34.0035291256279,3,1,33.333333333333336
nuscenes_mini_subset,scene-1094_006,1,9,Car,25.209502471871552,0,0,nan
nuscenes_mini_subset,scene-1094_006,1,10,Car,31.616318660016553,0,0,nan
nuscenes_mini_subset,scene-1094_006,1,11,Pedestrian,23.53725243246539,6,2,33.333333333333336
nuscenes_mini_subset,scene-1094_006,1,12,Pedestrian,22.403270497158143,6,4,66.66666666666667
nuscenes_mini_subset,scene-1094_006,1,13,Pedestrian,30.742067936210457,0,0,nan
nuscenes_mini_subset,scene-1094_006,1,14,Car,23.545624449893033,10,10,100.0
nuscenes_mini_subset,scene-1094_006,1,15,Car,26.287411841445635,64,63,98.4375
nuscenes_mini_subset,scene-1094_006,1,16,Pedestrian,13.754869256506892,0,0,nan
nuscenes_mini_subset,scene-1094_006,1,17,Pedestrian,30.629102107674687,1,0,0.0
nuscenes_mini_subset,scene-1094_006,1,18,Bicycle,27.593448170104516,11,9,81.81818181818181
nuscenes_mini_subset,scene-1094_006,2,0,personal_mobility,6.101256127244883,4,0,0.0
nuscenes_mini_subset,scene-1094_006,2,1,Car,19.89184707519313,50,43,86.0
nuscenes_mini_subset,scene-1094_006,2,2,Pedestrian,29.865566102308446,0,0,nan
nuscenes_mini_subset,scene-1094_006,2,3,Pedestrian,25.05472431800969,3,0,0.0
nuscenes_mini_subset,scene-1094_006,2,4,Pedestrian,33.70468676699096,4,0,0.0
nuscenes_mini_subset,scene-1094_006,2,5,Car,8.135344392037272,415,391,94.21686746987952
nuscenes_mini_subset,scene-1094_006,2,6,Pedestrian,28.1510637324417,5,0,0.0
nuscenes_mini_subset,scene-1094_006,2,7,Pedestrian,22.07149120988573,0,0,nan
nuscenes_mini_subset,scene-1094_006,2,8,Pedestrian,34.0035291256279,3,0,0.0
nuscenes_mini_subset,scene-1094_006,2,9,Car,25.209502471871552,0,0,nan
nuscenes_mini_subset,scene-1094_006,2,10,Car,31.616318660016553,0,0,nan
nuscenes_mini_subset,scene-1094_006,2,11,Pedestrian,23.53725243246539,6,0,0.0
nuscenes_mini_subset,scene-1094_006,2,12,Pedestrian,22.403270497158143,6,0,0.0
nuscenes_mini_subset,scene-1094_006,2,13,Pedestrian,30.742067936210457,0,0,nan
nuscenes_mini_subset,scene-1094_006,2,14,Car,23.545624449893033,10,10,100.0
nuscenes_mini_subset,scene-1094_006,2,15,Car,26.287411841445635,64,61,95.3125
nuscenes_mini_subset,scene-1094_006,2,16,Pedestrian,13.754869256506892,0,0,nan
nuscenes_mini_subset,scene-1094_006,2,17,Pedestrian,30.629102107674687,1,0,0.0
nuscenes_mini_subset,scene-1094_006,2,18,Bicycle,27.593448170104516,11,7,63.63636363636363
nuscenes_mini_subset,scene-1094_006,3,0,personal_mobility,6.101256127244883,4,0,0.0
nuscenes_mini_subset,scene-1094_006,3,1,Car,19.89184707519313,50,35,70.0
nuscenes_mini_subset,scene-1094_006,3,2,Pedestrian,29.865566102308446,0,0,nan
nuscenes_mini_subset,scene-1094_006,3,3,Pedestrian,25.05472431800969,3,0,0.0
nuscenes_mini_subset,scene-1094_006,3,4,Pedestrian,33.70468676699096,4,0,0.0
nuscenes_mini_subset,scene-1094_006,3,5,Car,8.135344392037272,415,370,89.1566265060241
nuscenes_mini_subset,scene-1094_006,3,6,Pedestrian,28.1510637324417,5,0,0.0
nuscenes_mini_subset,scene-1094_006,3,7,Pedestrian,22.07149120988573,0,0,nan
nuscenes_mini_subset,scene-1094_006,3,8,Pedestrian,34.0035291256279,3,0,0.0
nuscenes_mini_subset,scene-1094_006,3,9,Car,25.209502471871552,0,0,nan
nuscenes_mini_subset,scene-1094_006,3,10,Car,31.616318660016553,0,0,nan
nuscenes_mini_subset,scene-1094_006,3,11,Pedestrian,23.53725243246539,6,0,0.0
nuscenes_mini_subset,scene-1094_006,3,12,Pedestrian,22.403270497158143,6,0,0.0
nuscenes_mini_subset,scene-1094_006,3,13,Pedestrian,30.742067936210457,0,0,nan
nuscenes_mini_subset,scene-1094_006,3,14,Car,23.545624449893033,10,10,100.0
nuscenes_mini_subset,scene-1094_006,3,15,Car,26.287411841445635,64,58,90.625
nuscenes_mini_subset,scene-1094_006,3,16,Pedestrian,13.754869256506892,0,0,nan
nuscenes_mini_subset,scene-1094_006,3,17,Pedestrian,30.629102107674687,1,0,0.0
nuscenes_mini_subset,scene-1094_006,3,18,Bicycle,27.593448170104516,11,3,27.272727272727273
nuscenes_mini_subset,scene-1094_007,-3,0,Car,18.58594006498421,48,32,66.66666666666667
nuscenes_mini_subset,scene-1094_007,-3,1,Pedestrian,20.79115892498976,2,0,0.0
nuscenes_mini_subset,scene-1094_007,-3,2,Pedestrian,24.084248219703333,6,0,0.0
nuscenes_mini_subset,scene-1094_007,-3,3,Pedestrian,32.72466029607871,2,0,0.0
nuscenes_mini_subset,scene-1094_007,-3,4,Car,7.710919218482663,462,427,92.42424242424242
nuscenes_mini_subset,scene-1094_007,-3,5,Pedestrian,26.95633530914841,4,0,0.0
nuscenes_mini_subset,scene-1094_007,-3,6,Pedestrian,21.272740619795115,0,0,nan
nuscenes_mini_subset,scene-1094_007,-3,7,Pedestrian,32.67461413756285,2,0,0.0
nuscenes_mini_subset,scene-1094_007,-3,8,Car,23.970878780722394,0,0,nan
nuscenes_mini_subset,scene-1094_007,-3,9,Car,30.334521793959713,9,4,44.44444444444444
nuscenes_mini_subset,scene-1094_007,-3,10,Pedestrian,22.594999632733128,4,0,0.0
nuscenes_mini_subset,scene-1094_007,-3,11,Pedestrian,21.57299701460081,9,0,0.0
nuscenes_mini_subset,scene-1094_007,-3,12,Car,22.23814974207294,6,5,83.33333333333333
nuscenes_mini_subset,scene-1094_007,-3,13,Car,24.98363742709285,62,61,98.38709677419355
nuscenes_mini_subset,scene-1094_007,-3,14,Pedestrian,13.017549187529573,0,0,nan
nuscenes_mini_subset,scene-1094_007,-3,15,Pedestrian,20.848575815812275,7,0,0.0
nuscenes_mini_subset,scene-1094_007,-3,16,Pedestrian,29.469981401925544,2,0,0.0
nuscenes_mini_subset,scene-1094_007,-3,17,Bicycle,26.338013617194616,2,0,0.0
nuscenes_mini_subset,scene-1094_007,-2,0,Car,18.58594006498421,48,40,83.33333333333333
nuscenes_mini_subset,scene-1094_007,-2,1,Pedestrian,20.79115892498976,2,0,0.0
nuscenes_mini_subset,scene-1094_007,-2,2,Pedestrian,24.084248219703333,6,0,0.0
nuscenes_mini_subset,scene-1094_007,-2,3,Pedestrian,32.72466029607871,2,0,0.0
nuscenes_mini_subset,scene-1094_007,-2,4,Car,7.710919218482663,462,449,97.18614718614718
nuscenes_mini_subset,scene-1094_007,-2,5,Pedestrian,26.95633530914841,4,0,0.0
nuscenes_mini_subset,scene-1094_007,-2,6,Pedestrian,21.272740619795115,0,0,nan
nuscenes_mini_subset,scene-1094_007,-2,7,Pedestrian,32.67461413756285,2,0,0.0
nuscenes_mini_subset,scene-1094_007,-2,8,Car,23.970878780722394,0,0,nan
nuscenes_mini_subset,scene-1094_007,-2,9,Car,30.334521793959713,9,6,66.66666666666667
nuscenes_mini_subset,scene-1094_007,-2,10,Pedestrian,22.594999632733128,4,0,0.0
nuscenes_mini_subset,scene-1094_007,-2,11,Pedestrian,21.57299701460081,9,0,0.0
nuscenes_mini_subset,scene-1094_007,-2,12,Car,22.23814974207294,6,6,100.0
nuscenes_mini_subset,scene-1094_007,-2,13,Car,24.98363742709285,62,62,100.0
nuscenes_mini_subset,scene-1094_007,-2,14,Pedestrian,13.017549187529573,0,0,nan
nuscenes_mini_subset,scene-1094_007,-2,15,Pedestrian,20.848575815812275,7,0,0.0
nuscenes_mini_subset,scene-1094_007,-2,16,Pedestrian,29.469981401925544,2,0,0.0
nuscenes_mini_subset,scene-1094_007,-2,17,Bicycle,26.338013617194616,2,1,50.0
nuscenes_mini_subset,scene-1094_007,-1,0,Car,18.58594006498421,48,47,97.91666666666667
nuscenes_mini_subset,scene-1094_007,-1,1,Pedestrian,20.79115892498976,2,0,0.0
nuscenes_mini_subset,scene-1094_007,-1,2,Pedestrian,24.084248219703333,6,1,16.666666666666668
nuscenes_mini_subset,scene-1094_007,-1,3,Pedestrian,32.72466029607871,2,0,0.0
nuscenes_mini_subset,scene-1094_007,-1,4,Car,7.710919218482663,462,462,100.0
nuscenes_mini_subset,scene-1094_007,-1,5,Pedestrian,26.95633530914841,4,1,25.0
nuscenes_mini_subset,scene-1094_007,-1,6,Pedestrian,21.272740619795115,0,0,nan
nuscenes_mini_subset,scene-1094_007,-1,7,Pedestrian,32.67461413756285,2,2,100.0
nuscenes_mini_subset,scene-1094_007,-1,8,Car,23.970878780722394,0,0,nan
nuscenes_mini_subset,scene-1094_007,-1,9,Car,30.334521793959713,9,8,88.88888888888889
nuscenes_mini_subset,scene-1094_007,-1,10,Pedestrian,22.594999632733128,4,2,50.0
nuscenes_mini_subset,scene-1094_007,-1,11,Pedestrian,21.57299701460081,9,7,77.77777777777777
nuscenes_mini_subset,scene-1094_007,-1,12,Car,22.23814974207294,6,6,100.0
nuscenes_mini_subset,scene-1094_007,-1,13,Car,24.98363742709285,62,62,100.0
nuscenes_mini_subset,scene-1094_007,-1,14,Pedestrian,13.017549187529573,0,0,nan
nuscenes_mini_subset,scene-1094_007,-1,15,Pedestrian,20.848575815812275,7,2,28.571428571428573
nuscenes_mini_subset,scene-1094_007,-1,16,Pedestrian,29.469981401925544,2,0,0.0
nuscenes_mini_subset,scene-1094_007,-1,17,Bicycle,26.338013617194616,2,2,100.0
nuscenes_mini_subset,scene-1094_007,-0.5,0,Car,18.58594006498421,48,48,100.0
nuscenes_mini_subset,scene-1094_007,-0.5,1,Pedestrian,20.79115892498976,2,2,100.0
nuscenes_mini_subset,scene-1094_007,-0.5,2,Pedestrian,24.084248219703333,6,6,100.0
nuscenes_mini_subset,scene-1094_007,-0.5,3,Pedestrian,32.72466029607871,2,1,50.0
nuscenes_mini_subset,scene-1094_007,-0.5,4,Car,7.710919218482663,462,462,100.0
nuscenes_mini_subset,scene-1094_007,-0.5,5,Pedestrian,26.95633530914841,4,3,75.0
nuscenes_mini_subset,scene-1094_007,-0.5,6,Pedestrian,21.272740619795115,0,0,nan
nuscenes_mini_subset,scene-1094_007,-0.5,7,Pedestrian,32.67461413756285,2,2,100.0
nuscenes_mini_subset,scene-1094_007,-0.5,8,Car,23.970878780722394,0,0,nan
nuscenes_mini_subset,scene-1094_007,-0.5,9,Car,30.334521793959713,9,9,100.0
nuscenes_mini_subset,scene-1094_007,-0.5,10,Pedestrian,22.594999632733128,4,4,100.0
nuscenes_mini_subset,scene-1094_007,-0.5,11,Pedestrian,21.57299701460081,9,9,100.0
nuscenes_mini_subset,scene-1094_007,-0.5,12,Car,22.23814974207294,6,6,100.0
nuscenes_mini_subset,scene-1094_007,-0.5,13,Car,24.98363742709285,62,62,100.0
nuscenes_mini_subset,scene-1094_007,-0.5,14,Pedestrian,13.017549187529573,0,0,nan
nuscenes_mini_subset,scene-1094_007,-0.5,15,Pedestrian,20.848575815812275,7,7,100.0
nuscenes_mini_subset,scene-1094_007,-0.5,16,Pedestrian,29.469981401925544,2,2,100.0
nuscenes_mini_subset,scene-1094_007,-0.5,17,Bicycle,26.338013617194616,2,2,100.0
nuscenes_mini_subset,scene-1094_007,0,0,Car,18.58594006498421,48,48,100.0
nuscenes_mini_subset,scene-1094_007,0,1,Pedestrian,20.79115892498976,2,2,100.0
nuscenes_mini_subset,scene-1094_007,0,2,Pedestrian,24.084248219703333,6,6,100.0
nuscenes_mini_subset,scene-1094_007,0,3,Pedestrian,32.72466029607871,2,2,100.0
nuscenes_mini_subset,scene-1094_007,0,4,Car,7.710919218482663,462,462,100.0
nuscenes_mini_subset,scene-1094_007,0,5,Pedestrian,26.95633530914841,4,4,100.0
nuscenes_mini_subset,scene-1094_007,0,6,Pedestrian,21.272740619795115,0,0,nan
nuscenes_mini_subset,scene-1094_007,0,7,Pedestrian,32.67461413756285,2,2,100.0
nuscenes_mini_subset,scene-1094_007,0,8,Car,23.970878780722394,0,0,nan
nuscenes_mini_subset,scene-1094_007,0,9,Car,30.334521793959713,9,9,100.0
nuscenes_mini_subset,scene-1094_007,0,10,Pedestrian,22.594999632733128,4,4,100.0
nuscenes_mini_subset,scene-1094_007,0,11,Pedestrian,21.57299701460081,9,9,100.0
nuscenes_mini_subset,scene-1094_007,0,12,Car,22.23814974207294,6,6,100.0
nuscenes_mini_subset,scene-1094_007,0,13,Car,24.98363742709285,62,62,100.0
nuscenes_mini_subset,scene-1094_007,0,14,Pedestrian,13.017549187529573,0,0,nan
nuscenes_mini_subset,scene-1094_007,0,15,Pedestrian,20.848575815812275,7,7,100.0
nuscenes_mini_subset,scene-1094_007,0,16,Pedestrian,29.469981401925544,2,2,100.0
nuscenes_mini_subset,scene-1094_007,0,17,Bicycle,26.338013617194616,2,2,100.0
nuscenes_mini_subset,scene-1094_007,0.5,0,Car,18.58594006498421,48,44,91.66666666666667
nuscenes_mini_subset,scene-1094_007,0.5,1,Pedestrian,20.79115892498976,2,2,100.0
nuscenes_mini_subset,scene-1094_007,0.5,2,Pedestrian,24.084248219703333,6,6,100.0
nuscenes_mini_subset,scene-1094_007,0.5,3,Pedestrian,32.72466029607871,2,2,100.0
nuscenes_mini_subset,scene-1094_007,0.5,4,Car,7.710919218482663,462,460,99.56709956709956
nuscenes_mini_subset,scene-1094_007,0.5,5,Pedestrian,26.95633530914841,4,4,100.0
nuscenes_mini_subset,scene-1094_007,0.5,6,Pedestrian,21.272740619795115,0,0,nan
nuscenes_mini_subset,scene-1094_007,0.5,7,Pedestrian,32.67461413756285,2,2,100.0
nuscenes_mini_subset,scene-1094_007,0.5,8,Car,23.970878780722394,0,0,nan
nuscenes_mini_subset,scene-1094_007,0.5,9,Car,30.334521793959713,9,9,100.0
nuscenes_mini_subset,scene-1094_007,0.5,10,Pedestrian,22.594999632733128,4,4,100.0
nuscenes_mini_subset,scene-1094_007,0.5,11,Pedestrian,21.57299701460081,9,9,100.0
nuscenes_mini_subset,scene-1094_007,0.5,12,Car,22.23814974207294,6,6,100.0
nuscenes_mini_subset,scene-1094_007,0.5,13,Car,24.98363742709285,62,62,100.0
nuscenes_mini_subset,scene-1094_007,0.5,14,Pedestrian,13.017549187529573,0,0,nan
nuscenes_mini_subset,scene-1094_007,0.5,15,Pedestrian,20.848575815812275,7,7,100.0
nuscenes_mini_subset,scene-1094_007,0.5,16,Pedestrian,29.469981401925544,2,2,100.0
nuscenes_mini_subset,scene-1094_007,0.5,17,Bicycle,26.338013617194616,2,2,100.0
nuscenes_mini_subset,scene-1094_007,1,0,Car,18.58594006498421,48,38,79.16666666666667
nuscenes_mini_subset,scene-1094_007,1,1,Pedestrian,20.79115892498976,2,2,100.0
nuscenes_mini_subset,scene-1094_007,1,2,Pedestrian,24.084248219703333,6,5,83.33333333333333
nuscenes_mini_subset,scene-1094_007,1,3,Pedestrian,32.72466029607871,2,1,50.0
nuscenes_mini_subset,scene-1094_007,1,4,Car,7.710919218482663,462,454,98.26839826839827
nuscenes_mini_subset,scene-1094_007,1,5,Pedestrian,26.95633530914841,4,1,25.0
nuscenes_mini_subset,scene-1094_007,1,6,Pedestrian,21.272740619795115,0,0,nan
nuscenes_mini_subset,scene-1094_007,1,7,Pedestrian,32.67461413756285,2,0,0.0
nuscenes_mini_subset,scene-1094_007,1,8,Car,23.970878780722394,0,0,nan
nuscenes_mini_subset,scene-1094_007,1,9,Car,30.334521793959713,9,9,100.0
nuscenes_mini_subset,scene-1094_007,1,10,Pedestrian,22.594999632733128,4,2,50.0
nuscenes_mini_subset,scene-1094_007,1,11,Pedestrian,21.57299701460081,9,5,55.55555555555556
nuscenes_mini_subset,scene-1094_007,1,12,Car,22.23814974207294,6,6,100.0
nuscenes_mini_subset,scene-1094_007,1,13,Car,24.98363742709285,62,59,95.16129032258064
nuscenes_mini_subset,scene-1094_007,1,14,Pedestrian,13.017549187529573,0,0,nan
nuscenes_mini_subset,scene-1094_007,1,15,Pedestrian,20.848575815812275,7,2,28.571428571428573
nuscenes_mini_subset,scene-1094_007,1,16,Pedestrian,29.469981401925544,2,0,0.0
nuscenes_mini_subset,scene-1094_007,1,17,Bicycle,26.338013617194616,2,2,100.0
nuscenes_mini_subset,scene-1094_007,2,0,Car,18.58594006498421,48,31,64.58333333333333
nuscenes_mini_subset,scene-1094_007,2,1,Pedestrian,20.79115892498976,2,0,0.0
nuscenes_mini_subset,scene-1094_007,2,2,Pedestrian,24.084248219703333,6,0,0.0
nuscenes_mini_subset,scene-1094_007,2,3,Pedestrian,32.72466029607871,2,0,0.0
nuscenes_mini_subset,scene-1094_007,2,4,Car,7.710919218482663,462,434,93.93939393939394
nuscenes_mini_subset,scene-1094_007,2,5,Pedestrian,26.95633530914841,4,0,0.0
nuscenes_mini_subset,scene-1094_007,2,6,Pedestrian,21.272740619795115,0,0,nan
nuscenes_mini_subset,scene-1094_007,2,7,Pedestrian,32.67461413756285,2,0,0.0
nuscenes_mini_subset,scene-1094_007,2,8,Car,23.970878780722394,0,0,nan
nuscenes_mini_subset,scene-1094_007,2,9,Car,30.334521793959713,9,9,100.0
nuscenes_mini_subset,scene-1094_007,2,10,Pedestrian,22.594999632733128,4,0,0.0
nuscenes_mini_subset,scene-1094_007,2,11,Pedestrian,21.57299701460081,9,0,0.0
nuscenes_mini_subset,scene-1094_007,2,12,Car,22.23814974207294,6,6,100.0
nuscenes_mini_subset,scene-1094_007,2,13,Car,24.98363742709285,62,53,85.48387096774194
nuscenes_mini_subset,scene-1094_007,2,14,Pedestrian,13.017549187529573,0,0,nan
nuscenes_mini_subset,scene-1094_007,2,15,Pedestrian,20.848575815812275,7,0,0.0
nuscenes_mini_subset,scene-1094_007,2,16,Pedestrian,29.469981401925544,2,0,0.0
nuscenes_mini_subset,scene-1094_007,2,17,Bicycle,26.338013617194616,2,1,50.0
nuscenes_mini_subset,scene-1094_007,3,0,Car,18.58594006498421,48,25,52.083333333333336
nuscenes_mini_subset,scene-1094_007,3,1,Pedestrian,20.79115892498976,2,0,0.0
nuscenes_mini_subset,scene-1094_007,3,2,Pedestrian,24.084248219703333,6,0,0.0
nuscenes_mini_subset,scene-1094_007,3,3,Pedestrian,32.72466029607871,2,0,0.0
nuscenes_mini_subset,scene-1094_007,3,4,Car,7.710919218482663,462,414,89.6103896103896
nuscenes_mini_subset,scene-1094_007,3,5,Pedestrian,26.95633530914841,4,0,0.0
nuscenes_mini_subset,scene-1094_007,3,6,Pedestrian,21.272740619795115,0,0,nan
nuscenes_mini_subset,scene-1094_007,3,7,Pedestrian,32.67461413756285,2,0,0.0
nuscenes_mini_subset,scene-1094_007,3,8,Car,23.970878780722394,0,0,nan
nuscenes_mini_subset,scene-1094_007,3,9,Car,30.334521793959713,9,8,88.88888888888889
nuscenes_mini_subset,scene-1094_007,3,10,Pedestrian,22.594999632733128,4,0,0.0
nuscenes_mini_subset,scene-1094_007,3,11,Pedestrian,21.57299701460081,9,0,0.0
nuscenes_mini_subset,scene-1094_007,3,12,Car,22.23814974207294,6,6,100.0
nuscenes_mini_subset,scene-1094_007,3,13,Car,24.98363742709285,62,47,75.80645161290323
nuscenes_mini_subset,scene-1094_007,3,14,Pedestrian,13.017549187529573,0,0,nan
nuscenes_mini_subset,scene-1094_007,3,15,Pedestrian,20.848575815812275,7,0,0.0
nuscenes_mini_subset,scene-1094_007,3,16,Pedestrian,29.469981401925544,2,0,0.0
nuscenes_mini_subset,scene-1094_007,3,17,Bicycle,26.338013617194616,2,0,0.0
nuscenes_mini_subset,scene-1094_008,-3,0,Car,17.295640804968563,31,26,83.87096774193549
nuscenes_mini_subset,scene-1094_008,-3,1,Pedestrian,20.068288011971926,8,0,0.0
nuscenes_mini_subset,scene-1094_008,-3,2,Pedestrian,22.996693741895644,2,0,0.0
nuscenes_mini_subset,scene-1094_008,-3,3,Pedestrian,31.536922715458648,2,0,0.0
nuscenes_mini_subset,scene-1094_008,-3,4,Car,7.298874235550393,481,464,96.46569646569647
nuscenes_mini_subset,scene-1094_008,-3,5,Pedestrian,25.42352945989228,2,0,0.0
nuscenes_mini_subset,scene-1094_008,-3,6,Pedestrian,20.398913242032464,0,0,nan
nuscenes_mini_subset,scene-1094_008,-3,7,Pedestrian,31.2645138534304,2,0,0.0
nuscenes_mini_subset,scene-1094_008,-3,8,Car,28.98057446611637,18,17,94.44444444444444
nuscenes_mini_subset,scene-1094_008,-3,9,Pedestrian,21.305277116167627,4,0,0.0
nuscenes_mini_subset,scene-1094_008,-3,10,Pedestrian,20.49056920875385,6,0,0.0
nuscenes_mini_subset,scene-1094_008,-3,11,Car,20.884767956191443,1,1,100.0
nuscenes_mini_subset,scene-1094_008,-3,12,Car,23.632073052292238,62,57,91.93548387096774
nuscenes_mini_subset,scene-1094_008,-3,13,Pedestrian,12.194439151120163,20,6,30.0
nuscenes_mini_subset,scene-1094_008,-3,14,Pedestrian,20.11945203943563,7,0,0.0
nuscenes_mini_subset,scene-1094_008,-3,15,Pedestrian,28.270822972376237,2,0,0.0
nuscenes_mini_subset,scene-1094_008,-3,16,Bicycle,24.986502358464563,1,0,0.0
nuscenes_mini_subset,scene-1094_008,-2,0,Car,17.295640804968563,31,31,100.0
nuscenes_mini_subset,scene-1094_008,-2,1,Pedestrian,20.068288011971926,8,0,0.0
nuscenes_mini_subset,scene-1094_008,-2,2,Pedestrian,22.996693741895644,2,0,0.0
nuscenes_mini_subset,scene-1094_008,-2,3,Pedestrian,31.536922715458648,2,0,0.0
nuscenes_mini_subset,scene-1094_008,-2,4,Car,7.298874235550393,481,479,99.58419958419958
nuscenes_mini_subset,scene-1094_008,-2,5,Pedestrian,25.42352945989228,2,0,0.0
nuscenes_mini_subset,scene-1094_008,-2,6,Pedestrian,20.398913242032464,0,0,nan
nuscenes_mini_subset,scene-1094_008,-2,7,Pedestrian,31.2645138534304,2,0,0.0
nuscenes_mini_subset,scene-1094_008,-2,8,Car,28.98057446611637,18,17,94.44444444444444
nuscenes_mini_subset,scene-1094_008,-2,9,Pedestrian,21.305277116167627,4,0,0.0
nuscenes_mini_subset,scene-1094_008,-2,10,Pedestrian,20.49056920875385,6,0,0.0
nuscenes_mini_subset,scene-1094_008,-2,11,Car,20.884767956191443,1,1,100.0
nuscenes_mini_subset,scene-1094_008,-2,12,Car,23.632073052292238,62,60,96.7741935483871
nuscenes_mini_subset,scene-1094_008,-2,13,Pedestrian,12.194439151120163,20,17,85.0
nuscenes_mini_subset,scene-1094_008,-2,14,Pedestrian,20.11945203943563,7,0,0.0
nuscenes_mini_subset,scene-1094_008,-2,15,Pedestrian,28.270822972376237,2,0,0.0
nuscenes_mini_subset,scene-1094_008,-2,16,Bicycle,24.986502358464563,1,1,100.0
nuscenes_mini_subset,scene-1094_008,-1,0,Car,17.295640804968563,31,31,100.0
nuscenes_mini_subset,scene-1094_008,-1,1,Pedestrian,20.068288011971926,8,2,25.0
nuscenes_mini_subset,scene-1094_008,-1,2,Pedestrian,22.996693741895644,2,1,50.0
nuscenes_mini_subset,scene-1094_008,-1,3,Pedestrian,31.536922715458648,2,0,0.0
nuscenes_mini_subset,scene-1094_008,-1,4,Car,7.298874235550393,481,481,100.0
nuscenes_mini_subset,scene-1094_008,-1,5,Pedestrian,25.42352945989228,2,1,50.0
nuscenes_mini_subset,scene-1094_008,-1,6,Pedestrian,20.398913242032464,0,0,nan
nuscenes_mini_subset,scene-1094_008,-1,7,Pedestrian,31.2645138534304,2,1,50.0
nuscenes_mini_subset,scene-1094_008,-1,8,Car,28.98057446611637,18,18,100.0
nuscenes_mini_subset,scene-1094_008,-1,9,Pedestrian,21.305277116167627,4,2,50.0
nuscenes_mini_subset,scene-1094_008,-1,10,Pedestrian,20.49056920875385,6,6,100.0
nuscenes_mini_subset,scene-1094_008,-1,11,Car,20.884767956191443,1,1,100.0
nuscenes_mini_subset,scene-1094_008,-1,12,Car,23.632073052292238,62,62,100.0
nuscenes_mini_subset,scene-1094_008,-1,13,Pedestrian,12.194439151120163,20,20,100.0
nuscenes_mini_subset,scene-1094_008,-1,14,Pedestrian,20.11945203943563,7,1,14.285714285714286
nuscenes_mini_subset,scene-1094_008,-1,15,Pedestrian,28.270822972376237,2,0,0.0
nuscenes_mini_subset,scene-1094_008,-1,16,Bicycle,24.986502358464563,1,1,100.0
nuscenes_mini_subset,scene-1094_008,-0.5,0,Car,17.295640804968563,31,31,100.0
nuscenes_mini_subset,scene-1094_008,-0.5,1,Pedestrian,20.068288011971926,8,6,75.0
nuscenes_mini_subset,scene-1094_008,-0.5,2,Pedestrian,22.996693741895644,2,2,100.0
nuscenes_mini_subset,scene-1094_008,-0.5,3,Pedestrian,31.536922715458648,2,1,50.0
nuscenes_mini_subset,scene-1094_008,-0.5,4,Car,7.298874235550393,481,481,100.0
nuscenes_mini_subset,scene-1094_008,-0.5,5,Pedestrian,25.42352945989228,2,2,100.0
nuscenes_mini_subset,scene-1094_008,-0.5,6,Pedestrian,20.398913242032464,0,0,nan
nuscenes_mini_subset,scene-1094_008,-0.5,7,Pedestrian,31.2645138534304,2,2,100.0
nuscenes_mini_subset,scene-1094_008,-0.5,8,Car,28.98057446611637,18,18,100.0
nuscenes_mini_subset,scene-1094_008,-0.5,9,Pedestrian,21.305277116167627,4,4,100.0
nuscenes_mini_subset,scene-1094_008,-0.5,10,Pedestrian,20.49056920875385,6,6,100.0
nuscenes_mini_subset,scene-1094_008,-0.5,11,Car,20.884767956191443,1,1,100.0
nuscenes_mini_subset,scene-1094_008,-0.5,12,Car,23.632073052292238,62,62,100.0
nuscenes_mini_subset,scene-1094_008,-0.5,13,Pedestrian,12.194439151120163,20,20,100.0
nuscenes_mini_subset,scene-1094_008,-0.5,14,Pedestrian,20.11945203943563,7,6,85.71428571428571
nuscenes_mini_subset,scene-1094_008,-0.5,15,Pedestrian,28.270822972376237,2,1,50.0
nuscenes_mini_subset,scene-1094_008,-0.5,16,Bicycle,24.986502358464563,1,1,100.0
nuscenes_mini_subset,scene-1094_008,0,0,Car,17.295640804968563,31,31,100.0
nuscenes_mini_subset,scene-1094_008,0,1,Pedestrian,20.068288011971926,8,8,100.0
nuscenes_mini_subset,scene-1094_008,0,2,Pedestrian,22.996693741895644,2,2,100.0
nuscenes_mini_subset,scene-1094_008,0,3,Pedestrian,31.536922715458648,2,2,100.0
nuscenes_mini_subset,scene-1094_008,0,4,Car,7.298874235550393,481,481,100.0
nuscenes_mini_subset,scene-1094_008,0,5,Pedestrian,25.42352945989228,2,2,100.0
nuscenes_mini_subset,scene-1094_008,0,6,Pedestrian,20.398913242032464,0,0,nan
nuscenes_mini_subset,scene-1094_008,0,7,Pedestrian,31.2645138534304,2,2,100.0
nuscenes_mini_subset,scene-1094_008,0,8,Car,28.98057446611637,18,18,100.0
nuscenes_mini_subset,scene-1094_008,0,9,Pedestrian,21.305277116167627,4,4,100.0
nuscenes_mini_subset,scene-1094_008,0,10,Pedestrian,20.49056920875385,6,6,100.0
nuscenes_mini_subset,scene-1094_008,0,11,Car,20.884767956191443,1,1,100.0
nuscenes_mini_subset,scene-1094_008,0,12,Car,23.632073052292238,62,62,100.0
nuscenes_mini_subset,scene-1094_008,0,13,Pedestrian,12.194439151120163,20,20,100.0
nuscenes_mini_subset,scene-1094_008,0,14,Pedestrian,20.11945203943563,7,7,100.0
nuscenes_mini_subset,scene-1094_008,0,15,Pedestrian,28.270822972376237,2,2,100.0
nuscenes_mini_subset,scene-1094_008,0,16,Bicycle,24.986502358464563,1,1,100.0
nuscenes_mini_subset,scene-1094_008,0.5,0,Car,17.295640804968563,31,26,83.87096774193549
nuscenes_mini_subset,scene-1094_008,0.5,1,Pedestrian,20.068288011971926,8,7,87.5
nuscenes_mini_subset,scene-1094_008,0.5,2,Pedestrian,22.996693741895644,2,2,100.0
nuscenes_mini_subset,scene-1094_008,0.5,3,Pedestrian,31.536922715458648,2,2,100.0
nuscenes_mini_subset,scene-1094_008,0.5,4,Car,7.298874235550393,481,480,99.79209979209979
nuscenes_mini_subset,scene-1094_008,0.5,5,Pedestrian,25.42352945989228,2,1,50.0
nuscenes_mini_subset,scene-1094_008,0.5,6,Pedestrian,20.398913242032464,0,0,nan
nuscenes_mini_subset,scene-1094_008,0.5,7,Pedestrian,31.2645138534304,2,2,100.0
nuscenes_mini_subset,scene-1094_008,0.5,8,Car,28.98057446611637,18,18,100.0
nuscenes_mini_subset,scene-1094_008,0.5,9,Pedestrian,21.305277116167627,4,4,100.0
nuscenes_mini_subset,scene-1094_008,0.5,10,Pedestrian,20.49056920875385,6,6,100.0
nuscenes_mini_subset,scene-1094_008,0.5,11,Car,20.884767956191443,1,1,100.0
nuscenes_mini_subset,scene-1094_008,0.5,12,Car,23.632073052292238,62,62,100.0
nuscenes_mini_subset,scene-1094_008,0.5,13,Pedestrian,12.194439151120163,20,20,100.0
nuscenes_mini_subset,scene-1094_008,0.5,14,Pedestrian,20.11945203943563,7,6,85.71428571428571
nuscenes_mini_subset,scene-1094_008,0.5,15,Pedestrian,28.270822972376237,2,1,50.0
nuscenes_mini_subset,scene-1094_008,0.5,16,Bicycle,24.986502358464563,1,1,100.0
nuscenes_mini_subset,scene-1094_008,1,0,Car,17.295640804968563,31,23,74.19354838709677
nuscenes_mini_subset,scene-1094_008,1,1,Pedestrian,20.068288011971926,8,6,75.0
nuscenes_mini_subset,scene-1094_008,1,2,Pedestrian,22.996693741895644,2,1,50.0
nuscenes_mini_subset,scene-1094_008,1,3,Pedestrian,31.536922715458648,2,1,50.0
nuscenes_mini_subset,scene-1094_008,1,4,Car,7.298874235550393,481,474,98.54469854469855
nuscenes_mini_subset,scene-1094_008,1,5,Pedestrian,25.42352945989228,2,0,0.0
nuscenes_mini_subset,scene-1094_008,1,6,Pedestrian,20.398913242032464,0,0,nan
nuscenes_mini_subset,scene-1094_008,1,7,Pedestrian,31.2645138534304,2,1,50.0
nuscenes_mini_subset,scene-1094_008,1,8,Car,28.98057446611637,18,16,88.88888888888889
nuscenes_mini_subset,scene-1094_008,1,9,Pedestrian,21.305277116167627,4,2,50.0
nuscenes_mini_subset,scene-1094_008,1,10,Pedestrian,20.49056920875385,6,4,66.66666666666667
nuscenes_mini_subset,scene-1094_008,1,11,Car,20.884767956191443,1,1,100.0
nuscenes_mini_subset,scene-1094_008,1,12,Car,23.632073052292238,62,61,98.38709677419355
nuscenes_mini_subset,scene-1094_008,1,13,Pedestrian,12.194439151120163,20,20,100.0
nuscenes_mini_subset,scene-1094_008,1,14,Pedestrian,20.11945203943563,7,3,42.857142857142854
nuscenes_mini_subset,scene-1094_008,1,15,Pedestrian,28.270822972376237,2,0,0.0
nuscenes_mini_subset,scene-1094_008,1,16,Bicycle,24.986502358464563,1,1,100.0
nuscenes_mini_subset,scene-1094_008,2,0,Car,17.295640804968563,31,14,45.16129032258065
nuscenes_mini_subset,scene-1094_008,2,1,Pedestrian,20.068288011971926,8,0,0.0
nuscenes_mini_subset,scene-1094_008,2,2,Pedestrian,22.996693741895644,2,0,0.0
nuscenes_mini_subset,scene-1094_008,2,3,Pedestrian,31.536922715458648,2,0,0.0
nuscenes_mini_subset,scene-1094_008,2,4,Car,7.298874235550393,481,455,94.5945945945946
nuscenes_mini_subset,scene-1094_008,2,5,Pedestrian,25.42352945989228,2,0,0.0
nuscenes_mini_subset,scene-1094_008,2,6,Pedestrian,20.398913242032464,0,0,nan
nuscenes_mini_subset,scene-1094_008,2,7,Pedestrian,31.2645138534304,2,0,0.0
nuscenes_mini_subset,scene-1094_008,2,8,Car,28.98057446611637,18,11,61.111111111111114
nuscenes_mini_subset,scene-1094_008,2,9,Pedestrian,21.305277116167627,4,0,0.0
nuscenes_mini_subset,scene-1094_008,2,10,Pedestrian,20.49056920875385,6,0,0.0
nuscenes_mini_subset,scene-1094_008,2,11,Car,20.884767956191443,1,1,100.0
nuscenes_mini_subset,scene-1094_008,2,12,Car,23.632073052292238,62,58,93.54838709677419
nuscenes_mini_subset,scene-1094_008,2,13,Pedestrian,12.194439151120163,20,18,90.0
nuscenes_mini_subset,scene-1094_008,2,14,Pedestrian,20.11945203943563,7,0,0.0
nuscenes_mini_subset,scene-1094_008,2,15,Pedestrian,28.270822972376237,2,0,0.0
nuscenes_mini_subset,scene-1094_008,2,16,Bicycle,24.986502358464563,1,0,0.0
nuscenes_mini_subset,scene-1094_008,3,0,Car,17.295640804968563,31,7,22.580645161290324
nuscenes_mini_subset,scene-1094_008,3,1,Pedestrian,20.068288011971926,8,0,0.0
nuscenes_mini_subset,scene-1094_008,3,2,Pedestrian,22.996693741895644,2,0,0.0
nuscenes_mini_subset,scene-1094_008,3,3,Pedestrian,31.536922715458648,2,0,0.0
nuscenes_mini_subset,scene-1094_008,3,4,Car,7.298874235550393,481,436,90.64449064449065
nuscenes_mini_subset,scene-1094_008,3,5,Pedestrian,25.42352945989228,2,0,0.0
nuscenes_mini_subset,scene-1094_008,3,6,Pedestrian,20.398913242032464,0,0,nan
nuscenes_mini_subset,scene-1094_008,3,7,Pedestrian,31.2645138534304,2,0,0.0
nuscenes_mini_subset,scene-1094_008,3,8,Car,28.98057446611637,18,6,33.333333333333336
nuscenes_mini_subset,scene-1094_008,3,9,Pedestrian,21.305277116167627,4,0,0.0
nuscenes_mini_subset,scene-1094_008,3,10,Pedestrian,20.49056920875385,6,0,0.0
nuscenes_mini_subset,scene-1094_008,3,11,Car,20.884767956191443,1,1,100.0
nuscenes_mini_subset,scene-1094_008,3,12,Car,23.632073052292238,62,52,83.87096774193549
nuscenes_mini_subset,scene-1094_008,3,13,Pedestrian,12.194439151120163,20,8,40.0
nuscenes_mini_subset,scene-1094_008,3,14,Pedestrian,20.11945203943563,7,0,0.0
nuscenes_mini_subset,scene-1094_008,3,15,Pedestrian,28.270822972376237,2,0,0.0
nuscenes_mini_subset,scene-1094_008,3,16,Bicycle,24.986502358464563,1,0,0.0
nuscenes_mini_subset,scene-1094_009,-3,0,Car,16.07100821273909,0,0,nan
nuscenes_mini_subset,scene-1094_009,-3,1,Pedestrian,19.332059636331707,6,0,0.0
nuscenes_mini_subset,scene-1094_009,-3,2,Pedestrian,21.676920023207753,3,0,0.0
nuscenes_mini_subset,scene-1094_009,-3,3,Pedestrian,30.28529670766109,1,0,0.0
nuscenes_mini_subset,scene-1094_009,-3,4,Car,6.9438286612132405,300,262,87.33333333333333
nuscenes_mini_subset,scene-1094_009,-3,5,Pedestrian,23.745423622359894,6,0,0.0
nuscenes_mini_subset,scene-1094_009,-3,6,Pedestrian,19.51598377478761,1,0,0.0
nuscenes_mini_subset,scene-1094_009,-3,7,Pedestrian,25.05632985130437,5,0,0.0
nuscenes_mini_subset,scene-1094_009,-3,8,Pedestrian,29.756028761309974,4,0,0.0
nuscenes_mini_subset,scene-1094_009,-3,9,Car,27.62258199741206,11,11,100.0
nuscenes_mini_subset,scene-1094_009,-3,10,Pedestrian,19.87525599997403,0,0,nan
nuscenes_mini_subset,scene-1094_009,-3,11,Pedestrian,19.320225299655846,7,0,0.0
nuscenes_mini_subset,scene-1094_009,-3,12,Car,19.597657953866474,0,0,nan
nuscenes_mini_subset,scene-1094_009,-3,13,Car,22.340444643390594,84,71,84.52380952380952
nuscenes_mini_subset,scene-1094_009,-3,14,Pedestrian,11.217484274748218,26,17,65.38461538461539
nuscenes_mini_subset,scene-1094_009,-3,15,Pedestrian,19.43327179862833,9,0,0.0
nuscenes_mini_subset,scene-1094_009,-3,16,Pedestrian,26.924719025481654,2,0,0.0
nuscenes_mini_subset,scene-1094_009,-3,17,Bicycle,23.56105760582795,4,0,0.0
nuscenes_mini_subset,scene-1094_009,-2,0,Car,16.07100821273909,0,0,nan
nuscenes_mini_subset,scene-1094_009,-2,1,Pedestrian,19.332059636331707,6,0,0.0
nuscenes_mini_subset,scene-1094_009,-2,2,Pedestrian,21.676920023207753,3,0,0.0
nuscenes_mini_subset,scene-1094_009,-2,3,Pedestrian,30.28529670766109,1,0,0.0
nuscenes_mini_subset,scene-1094_009,-2,4,Car,6.9438286612132405,300,282,94.0
nuscenes_mini_subset,scene-1094_009,-2,5,Pedestrian,23.745423622359894,6,0,0.0
nuscenes_mini_subset,scene-1094_009,-2,6,Pedestrian,19.51598377478761,1,0,0.0
nuscenes_mini_subset,scene-1094_009,-2,7,Pedestrian,25.05632985130437,5,0,0.0
nuscenes_mini_subset,scene-1094_009,-2,8,Pedestrian,29.756028761309974,4,0,0.0
nuscenes_mini_subset,scene-1094_009,-2,9,Car,27.62258199741206,11,11,100.0
nuscenes_mini_subset,scene-1094_009,-2,10,Pedestrian,19.87525599997403,0,0,nan
nuscenes_mini_subset,scene-1094_009,-2,11,Pedestrian,19.320225299655846,7,0,0.0
nuscenes_mini_subset,scene-1094_009,-2,12,Car,19.597657953866474,0,0,nan
nuscenes_mini_subset,scene-1094_009,-2,13,Car,22.340444643390594,84,76,90.47619047619048
nuscenes_mini_subset,scene-1094_009,-2,14,Pedestrian,11.217484274748218,26,23,88.46153846153847
nuscenes_mini_subset,scene-1094_009,-2,15,Pedestrian,19.43327179862833,9,0,0.0
nuscenes_mini_subset,scene-1094_009,-2,16,Pedestrian,26.924719025481654,2,0,0.0
nuscenes_mini_subset,scene-1094_009,-2,17,Bicycle,23.56105760582795,4,2,50.0
nuscenes_mini_subset,scene-1094_009,-1,0,Car,16.07100821273909,0,0,nan
nuscenes_mini_subset,scene-1094_009,-1,1,Pedestrian,19.332059636331707,6,3,50.0
nuscenes_mini_subset,scene-1094_009,-1,2,Pedestrian,21.676920023207753,3,2,66.66666666666667
nuscenes_mini_subset,scene-1094_009,-1,3,Pedestrian,30.28529670766109,1,0,0.0
nuscenes_mini_subset,scene-1094_009,-1,4,Car,6.9438286612132405,300,298,99.33333333333333
nuscenes_mini_subset,scene-1094_009,-1,5,Pedestrian,23.745423622359894,6,1,16.666666666666668
nuscenes_mini_subset,scene-1094_009,-1,6,Pedestrian,19.51598377478761,1,0,0.0
nuscenes_mini_subset,scene-1094_009,-1,7,Pedestrian,25.05632985130437,5,5,100.0
nuscenes_mini_subset,scene-1094_009,-1,8,Pedestrian,29.756028761309974,4,4,100.0
nuscenes_mini_subset,scene-1094_009,-1,9,Car,27.62258199741206,11,11,100.0
nuscenes_mini_subset,scene-1094_009,-1,10,Pedestrian,19.87525599997403,0,0,nan
nuscenes_mini_subset,scene-1094_009,-1,11,Pedestrian,19.320225299655846,7,3,42.857142857142854
nuscenes_mini_subset,scene-1094_009,-1,12,Car,19.597657953866474,0,0,nan
nuscenes_mini_subset,scene-1094_009,-1,13,Car,22.340444643390594,84,82,97.61904761904762
nuscenes_mini_subset,scene-1094_009,-1,14,Pedestrian,11.217484274748218,26,25,96.15384615384616
nuscenes_mini_subset,scene-1094_009,-1,15,Pedestrian,19.43327179862833,9,6,66.66666666666667
nuscenes_mini_subset,scene-1094_009,-1,16,Pedestrian,26.924719025481654,2,0,0.0
nuscenes_mini_subset,scene-1094_009,-1,17,Bicycle,23.56105760582795,4,4,100.0
nuscenes_mini_subset,scene-1094_009,-0.5,0,Car,16.07100821273909,0,0,nan
nuscenes_mini_subset,scene-1094_009,-0.5,1,Pedestrian,19.332059636331707,6,6,100.0
nuscenes_mini_subset,scene-1094_009,-0.5,2,Pedestrian,21.676920023207753,3,3,100.0
nuscenes_mini_subset,scene-1094_009,-0.5,3,Pedestrian,30.28529670766109,1,1,100.0
nuscenes_mini_subset,scene-1094_009,-0.5,4,Car,6.9438286612132405,300,300,100.0
nuscenes_mini_subset,scene-1094_009,-0.5,5,Pedestrian,23.745423622359894,6,5,83.33333333333333
nuscenes_mini_subset,scene-1094_009,-0.5,6,Pedestrian,19.51598377478761,1,1,100.0
nuscenes_mini_subset,scene-1094_009,-0.5,7,Pedestrian,25.05632985130437,5,5,100.0
nuscenes_mini_subset,scene-1094_009,-0.5,8,Pedestrian,29.756028761309974,4,4,100.0
nuscenes_mini_subset,scene-1094_009,-0.5,9,Car,27.62258199741206,11,11,100.0
nuscenes_mini_subset,scene-1094_009,-0.5,10,Pedestrian,19.87525599997403,0,0,nan
nuscenes_mini_subset,scene-1094_009,-0.5,11,Pedestrian,19.320225299655846,7,6,85.71428571428571
nuscenes_mini_subset,scene-1094_009,-0.5,12,Car,19.597657953866474,0,0,nan
nuscenes_mini_subset,scene-1094_009,-0.5,13,Car,22.340444643390594,84,84,100.0
nuscenes_mini_subset,scene-1094_009,-0.5,14,Pedestrian,11.217484274748218,26,26,100.0
nuscenes_mini_subset,scene-1094_009,-0.5,15,Pedestrian,19.43327179862833,9,9,100.0
nuscenes_mini_subset,scene-1094_009,-0.5,16,Pedestrian,26.924719025481654,2,1,50.0
nuscenes_mini_subset,scene-1094_009,-0.5,17,Bicycle,23.56105760582795,4,4,100.0
nuscenes_mini_subset,scene-1094_009,0,0,Car,16.07100821273909,0,0,nan
nuscenes_mini_subset,scene-1094_009,0,1,Pedestrian,19.332059636331707,6,6,100.0
nuscenes_mini_subset,scene-1094_009,0,2,Pedestrian,21.676920023207753,3,3,100.0
nuscenes_mini_subset,scene-1094_009,0,3,Pedestrian,30.28529670766109,1,1,100.0
nuscenes_mini_subset,scene-1094_009,0,4,Car,6.9438286612132405,300,300,100.0
nuscenes_mini_subset,scene-1094_009,0,5,Pedestrian,23.745423622359894,6,6,100.0
nuscenes_mini_subset,scene-1094_009,0,6,Pedestrian,19.51598377478761,1,1,100.0
nuscenes_mini_subset,scene-1094_009,0,7,Pedestrian,25.05632985130437,5,5,100.0
nuscenes_mini_subset,scene-1094_009,0,8,Pedestrian,29.756028761309974,4,4,100.0
nuscenes_mini_subset,scene-1094_009,0,9,Car,27.62258199741206,11,11,100.0
nuscenes_mini_subset,scene-1094_009,0,10,Pedestrian,19.87525599997403,0,0,nan
nuscenes_mini_subset,scene-1094_009,0,11,Pedestrian,19.320225299655846,7,7,100.0
nuscenes_mini_subset,scene-1094_009,0,12,Car,19.597657953866474,0,0,nan
nuscenes_mini_subset,scene-1094_009,0,13,Car,22.340444643390594,84,84,100.0
nuscenes_mini_subset,scene-1094_009,0,14,Pedestrian,11.217484274748218,26,26,100.0
nuscenes_mini_subset,scene-1094_009,0,15,Pedestrian,19.43327179862833,9,9,100.0
nuscenes_mini_subset,scene-1094_009,0,16,Pedestrian,26.924719025481654,2,2,100.0
nuscenes_mini_subset,scene-1094_009,0,17,Bicycle,23.56105760582795,4,4,100.0
nuscenes_mini_subset,scene-1094_009,0.5,0,Car,16.07100821273909,0,0,nan
nuscenes_mini_subset,scene-1094_009,0.5,1,Pedestrian,19.332059636331707,6,5,83.33333333333333
nuscenes_mini_subset,scene-1094_009,0.5,2,Pedestrian,21.676920023207753,3,3,100.0
nuscenes_mini_subset,scene-1094_009,0.5,3,Pedestrian,30.28529670766109,1,1,100.0
nuscenes_mini_subset,scene-1094_009,0.5,4,Car,6.9438286612132405,300,288,96.0
nuscenes_mini_subset,scene-1094_009,0.5,5,Pedestrian,23.745423622359894,6,5,83.33333333333333
nuscenes_mini_subset,scene-1094_009,0.5,6,Pedestrian,19.51598377478761,1,1,100.0
nuscenes_mini_subset,scene-1094_009,0.5,7,Pedestrian,25.05632985130437,5,5,100.0
nuscenes_mini_subset,scene-1094_009,0.5,8,Pedestrian,29.756028761309974,4,4,100.0
nuscenes_mini_subset,scene-1094_009,0.5,9,Car,27.62258199741206,11,11,100.0
nuscenes_mini_subset,scene-1094_009,0.5,10,Pedestrian,19.87525599997403,0,0,nan
nuscenes_mini_subset,scene-1094_009,0.5,11,Pedestrian,19.320225299655846,7,7,100.0
nuscenes_mini_subset,scene-1094_009,0.5,12,Car,19.597657953866474,0,0,nan
nuscenes_mini_subset,scene-1094_009,0.5,13,Car,22.340444643390594,84,84,100.0
nuscenes_mini_subset,scene-1094_009,0.5,14,Pedestrian,11.217484274748218,26,26,100.0
nuscenes_mini_subset,scene-1094_009,0.5,15,Pedestrian,19.43327179862833,9,8,88.88888888888889
nuscenes_mini_subset,scene-1094_009,0.5,16,Pedestrian,26.924719025481654,2,2,100.0
nuscenes_mini_subset,scene-1094_009,0.5,17,Bicycle,23.56105760582795,4,4,100.0
nuscenes_mini_subset,scene-1094_009,1,0,Car,16.07100821273909,0,0,nan
nuscenes_mini_subset,scene-1094_009,1,1,Pedestrian,19.332059636331707,6,4,66.66666666666667
nuscenes_mini_subset,scene-1094_009,1,2,Pedestrian,21.676920023207753,3,1,33.333333333333336
nuscenes_mini_subset,scene-1094_009,1,3,Pedestrian,30.28529670766109,1,1,100.0
nuscenes_mini_subset,scene-1094_009,1,4,Car,6.9438286612132405,300,279,93.0
nuscenes_mini_subset,scene-1094_009,1,5,Pedestrian,23.745423622359894,6,3,50.0
nuscenes_mini_subset,scene-1094_009,1,6,Pedestrian,19.51598377478761,1,1,100.0
nuscenes_mini_subset,scene-1094_009,1,7,Pedestrian,25.05632985130437,5,4,80.0
nuscenes_mini_subset,scene-1094_009,1,8,Pedestrian,29.756028761309974,4,0,0.0
nuscenes_mini_subset,scene-1094_009,1,9,Car,27.62258199741206,11,10,90.9090909090909
nuscenes_mini_subset,scene-1094_009,1,10,Pedestrian,19.87525599997403,0,0,nan
nuscenes_mini_subset,scene-1094_009,1,11,Pedestrian,19.320225299655846,7,6,85.71428571428571
nuscenes_mini_subset,scene-1094_009,1,12,Car,19.597657953866474,0,0,nan
nuscenes_mini_subset,scene-1094_009,1,13,Car,22.340444643390594,84,83,98.80952380952381
nuscenes_mini_subset,scene-1094_009,1,14,Pedestrian,11.217484274748218,26,26,100.0
nuscenes_mini_subset,scene-1094_009,1,15,Pedestrian,19.43327179862833,9,2,22.22222222222222
nuscenes_mini_subset,scene-1094_009,1,16,Pedestrian,26.924719025481654,2,0,0.0
nuscenes_mini_subset,scene-1094_009,1,17,Bicycle,23.56105760582795,4,4,100.0
nuscenes_mini_subset,scene-1094_009,2,0,Car,16.07100821273909,0,0,nan
nuscenes_mini_subset,scene-1094_009,2,1,Pedestrian,19.332059636331707,6,0,0.0
nuscenes_mini_subset,scene-1094_009,2,2,Pedestrian,21.676920023207753,3,0,0.0
nuscenes_mini_subset,scene-1094_009,2,3,Pedestrian,30.28529670766109,1,0,0.0
nuscenes_mini_subset,scene-1094_009,2,4,Car,6.9438286612132405,300,248,82.66666666666667
nuscenes_mini_subset,scene-1094_009,2,5,Pedestrian,23.745423622359894,6,0,0.0
nuscenes_mini_subset,scene-1094_009,2,6,Pedestrian,19.51598377478761,1,0,0.0
nuscenes_mini_subset,scene-1094_009,2,7,Pedestrian,25.05632985130437,5,0,0.0
nuscenes_mini_subset,scene-1094_009,2,8,Pedestrian,29.756028761309974,4,0,0.0
nuscenes_mini_subset,scene-1094_009,2,9,Car,27.62258199741206,11,7,63.63636363636363
nuscenes_mini_subset,scene-1094_009,2,10,Pedestrian,19.87525599997403,0,0,nan
nuscenes_mini_subset,scene-1094_009,2,11,Pedestrian,19.320225299655846,7,2,28.571428571428573
nuscenes_mini_subset,scene-1094_009,2,12,Car,19.597657953866474,0,0,nan
nuscenes_mini_subset,scene-1094_009,2,13,Car,22.340444643390594,84,77,91.66666666666667
nuscenes_mini_subset,scene-1094_009,2,14,Pedestrian,11.217484274748218,26,24,92.3076923076923
nuscenes_mini_subset,scene-1094_009,2,15,Pedestrian,19.43327179862833,9,0,0.0
nuscenes_mini_subset,scene-1094_009,2,16,Pedestrian,26.924719025481654,2,0,0.0
nuscenes_mini_subset,scene-1094_009,2,17,Bicycle,23.56105760582795,4,3,75.0
nuscenes_mini_subset,scene-1094_009,3,0,Car,16.07100821273909,0,0,nan
nuscenes_mini_subset,scene-1094_009,3,1,Pedestrian,19.332059636331707,6,0,0.0
nuscenes_mini_subset,scene-1094_009,3,2,Pedestrian,21.676920023207753,3,0,0.0
nuscenes_mini_subset,scene-1094_009,3,3,Pedestrian,30.28529670766109,1,0,0.0
nuscenes_mini_subset,scene-1094_009,3,4,Car,6.9438286612132405,300,217,72.33333333333333
nuscenes_mini_subset,scene-1094_009,3,5,Pedestrian,23.745423622359894,6,0,0.0
nuscenes_mini_subset,scene-1094_009,3,6,Pedestrian,19.51598377478761,1,0,0.0
nuscenes_mini_subset,scene-1094_009,3,7,Pedestrian,25.05632985130437,5,0,0.0
nuscenes_mini_subset,scene-1094_009,3,8,Pedestrian,29.756028761309974,4,0,0.0
nuscenes_mini_subset,scene-1094_009,3,9,Car,27.62258199741206,11,4,36.36363636363637
nuscenes_mini_subset,scene-1094_009,3,10,Pedestrian,19.87525599997403,0,0,nan
nuscenes_mini_subset,scene-1094_009,3,11,Pedestrian,19.320225299655846,7,0,0.0
nuscenes_mini_subset,scene-1094_009,3,12,Car,19.597657953866474,0,0,nan
nuscenes_mini_subset,scene-1094_009,3,13,Car,22.340444643390594,84,71,84.52380952380952
nuscenes_mini_subset,scene-1094_009,3,14,Pedestrian,11.217484274748218,26,10,38.46153846153846
nuscenes_mini_subset,scene-1094_009,3,15,Pedestrian,19.43327179862833,9,0,0.0
nuscenes_mini_subset,scene-1094_009,3,16,Pedestrian,26.924719025481654,2,0,0.0
nuscenes_mini_subset,scene-1094_009,3,17,Bicycle,23.56105760582795,4,1,25.0
nuscenes_mini_subset,scene-1094_010,-3,0,Car,15.286749319414975,2,2,100.0
nuscenes_mini_subset,scene-1094_010,-3,1,Pedestrian,18.538198908885228,0,0,nan
nuscenes_mini_subset,scene-1094_010,-3,2,Pedestrian,20.079372435883986,2,0,0.0
nuscenes_mini_subset,scene-1094_010,-3,3,Pedestrian,28.95807776397347,1,0,0.0
nuscenes_mini_subset,scene-1094_010,-3,4,Car,6.831309175325728,114,87,76.3157894736842
nuscenes_mini_subset,scene-1094_010,-3,5,Pedestrian,18.755305753370184,7,0,0.0
nuscenes_mini_subset,scene-1094_010,-3,6,Pedestrian,24.302234936817417,1,0,0.0
nuscenes_mini_subset,scene-1094_010,-3,7,Pedestrian,27.94036741081079,5,0,0.0
nuscenes_mini_subset,scene-1094_010,-3,8,Car,26.386966986764868,24,22,91.66666666666667
nuscenes_mini_subset,scene-1094_010,-3,9,Pedestrian,17.918021307312184,11,0,0.0
nuscenes_mini_subset,scene-1094_010,-3,10,Car,18.749683405773,32,22,68.75
nuscenes_mini_subset,scene-1094_010,-3,11,Car,21.459513956185752,115,102,88.69565217391305
nuscenes_mini_subset,scene-1094_010,-3,12,Pedestrian,10.31915029952816,36,25,69.44444444444444
nuscenes_mini_subset,scene-1094_010,-3,13,Pedestrian,18.5973949428598,6,0,0.0
nuscenes_mini_subset,scene-1094_010,-3,14,Pedestrian,25.095715256031262,3,0,0.0
nuscenes_mini_subset,scene-1094_010,-3,15,Bicycle,21.93970047392231,5,1,20.0
nuscenes_mini_subset,scene-1094_010,-2,0,Car,15.286749319414975,2,2,100.0
nuscenes_mini_subset,scene-1094_010,-2,1,Pedestrian,18.538198908885228,0,0,nan
nuscenes_mini_subset,scene-1094_010,-2,2,Pedestrian,20.079372435883986,2,0,0.0
nuscenes_mini_subset,scene-1094_010,-2,3,Pedestrian,28.95807776397347,1,0,0.0
nuscenes_mini_subset,scene-1094_010,-2,4,Car,6.831309175325728,114,104,91.2280701754386
nuscenes_mini_subset,scene-1094_010,-2,5,Pedestrian,18.755305753370184,7,0,0.0
nuscenes_mini_subset,scene-1094_010,-2,6,Pedestrian,24.302234936817417,1,0,0.0
nuscenes_mini_subset,scene-1094_010,-2,7,Pedestrian,27.94036741081079,5,0,0.0
nuscenes_mini_subset,scene-1094_010,-2,8,Car,26.386966986764868,24,24,100.0
nuscenes_mini_subset,scene-1094_010,-2,9,Pedestrian,17.918021307312184,11,0,0.0
nuscenes_mini_subset,scene-1094_010,-2,10,Car,18.749683405773,32,27,84.375
nuscenes_mini_subset,scene-1094_010,-2,11,Car,21.459513956185752,115,106,92.17391304347827
nuscenes_mini_subset,scene-1094_010,-2,12,Pedestrian,10.31915029952816,36,31,86.11111111111111
nuscenes_mini_subset,scene-1094_010,-2,13,Pedestrian,18.5973949428598,6,0,0.0
nuscenes_mini_subset,scene-1094_010,-2,14,Pedestrian,25.095715256031262,3,0,0.0
nuscenes_mini_subset,scene-1094_010,-2,15,Bicycle,21.93970047392231,5,3,60.0
nuscenes_mini_subset,scene-1094_010,-1,0,Car,15.286749319414975,2,2,100.0
nuscenes_mini_subset,scene-1094_010,-1,1,Pedestrian,18.538198908885228,0,0,nan
nuscenes_mini_subset,scene-1094_010,-1,2,Pedestrian,20.079372435883986,2,2,100.0
nuscenes_mini_subset,scene-1094_010,-1,3,Pedestrian,28.95807776397347,1,0,0.0
nuscenes_mini_subset,scene-1094_010,-1,4,Car,6.831309175325728,114,112,98.24561403508773
nuscenes_mini_subset,scene-1094_010,-1,5,Pedestrian,18.755305753370184,7,2,28.571428571428573
nuscenes_mini_subset,scene-1094_010,-1,6,Pedestrian,24.302234936817417,1,0,0.0
nuscenes_mini_subset,scene-1094_010,-1,7,Pedestrian,27.94036741081079,5,3,60.0
nuscenes_mini_subset,scene-1094_010,-1,8,Car,26.386966986764868,24,24,100.0
nuscenes_mini_subset,scene-1094_010,-1,9,Pedestrian,17.918021307312184,11,7,63.63636363636363
nuscenes_mini_subset,scene-1094_010,-1,10,Car,18.749683405773,32,30,93.75
nuscenes_mini_subset,scene-1094_010,-1,11,Car,21.459513956185752,115,111,96.52173913043478
nuscenes_mini_subset,scene-1094_010,-1,12,Pedestrian,10.31915029952816,36,36,100.0
nuscenes_mini_subset,scene-1094_010,-1,13,Pedestrian,18.5973949428598,6,3,50.0
nuscenes_mini_subset,scene-1094_010,-1,14,Pedestrian,25.095715256031262,3,0,0.0
nuscenes_mini_subset,scene-1094_010,-1,15,Bicycle,21.93970047392231,5,4,80.0
nuscenes_mini_subset,scene-1094_010,-0.5,0,Car,15.286749319414975,2,2,100.0
nuscenes_mini_subset,scene-1094_010,-0.5,1,Pedestrian,18.538198908885228,0,0,nan
nuscenes_mini_subset,scene-1094_010,-0.5,2,Pedestrian,20.079372435883986,2,2,100.0
nuscenes_mini_subset,scene-1094_010,-0.5,3,Pedestrian,28.95807776397347,1,1,100.0
nuscenes_mini_subset,scene-1094_010,-0.5,4,Car,6.831309175325728,114,113,99.12280701754386
nuscenes_mini_subset,scene-1094_010,-0.5,5,Pedestrian,18.755305753370184,7,4,57.142857142857146
nuscenes_mini_subset,scene-1094_010,-0.5,6,Pedestrian,24.302234936817417,1,1,100.0
nuscenes_mini_subset,scene-1094_010,-0.5,7,Pedestrian,27.94036741081079,5,5,100.0
nuscenes_mini_subset,scene-1094_010,-0.5,8,Car,26.386966986764868,24,24,100.0
nuscenes_mini_subset,scene-1094_010,-0.5,9,Pedestrian,17.918021307312184,11,10,90.9090909090909
nuscenes_mini_subset,scene-1094_010,-0.5,10,Car,18.749683405773,32,32,100.0
nuscenes_mini_subset,scene-1094_010,-0.5,11,Car,21.459513956185752,115,113,98.26086956521739
nuscenes_mini_subset,scene-1094_010,-0.5,12,Pedestrian,10.31915029952816,36,36,100.0
nuscenes_mini_subset,scene-1094_010,-0.5,13,Pedestrian,18.5973949428598,6,5,83.33333333333333
nuscenes_mini_subset,scene-1094_010,-0.5,14,Pedestrian,25.095715256031262,3,1,33.333333333333336
nuscenes_mini_subset,scene-1094_010,-0.5,15,Bicycle,21.93970047392231,5,5,100.0
nuscenes_mini_subset,scene-1094_010,0,0,Car,15.286749319414975,2,2,100.0
nuscenes_mini_subset,scene-1094_010,0,1,Pedestrian,18.538198908885228,0,0,nan
nuscenes_mini_subset,scene-1094_010,0,2,Pedestrian,20.079372435883986,2,2,100.0
nuscenes_mini_subset,scene-1094_010,0,3,Pedestrian,28.95807776397347,1,1,100.0
nuscenes_mini_subset,scene-1094_010,0,4,Car,6.831309175325728,114,114,100.0
nuscenes_mini_subset,scene-1094_010,0,5,Pedestrian,18.755305753370184,7,7,100.0
nuscenes_mini_subset,scene-1094_010,0,6,Pedestrian,24.302234936817417,1,1,100.0
nuscenes_mini_subset,scene-1094_010,0,7,Pedestrian,27.94036741081079,5,5,100.0
nuscenes_mini_subset,scene-1094_010,0,8,Car,26.386966986764868,24,24,100.0
nuscenes_mini_subset,scene-1094_010,0,9,Pedestrian,17.918021307312184,11,11,100.0
nuscenes_mini_subset,scene-1094_010,0,10,Car,18.749683405773,32,32,100.0
nuscenes_mini_subset,scene-1094_010,0,11,Car,21.459513956185752,115,115,100.0
nuscenes_mini_subset,scene-1094_010,0,12,Pedestrian,10.31915029952816,36,36,100.0
nuscenes_mini_subset,scene-1094_010,0,13,Pedestrian,18.5973949428598,6,6,100.0
nuscenes_mini_subset,scene-1094_010,0,14,Pedestrian,25.095715256031262,3,3,100.0
nuscenes_mini_subset,scene-1094_010,0,15,Bicycle,21.93970047392231,5,5,100.0
nuscenes_mini_subset,scene-1094_010,0.5,0,Car,15.286749319414975,2,1,50.0
nuscenes_mini_subset,scene-1094_010,0.5,1,Pedestrian,18.538198908885228,0,0,nan
nuscenes_mini_subset,scene-1094_010,0.5,2,Pedestrian,20.079372435883986,2,2,100.0
nuscenes_mini_subset,scene-1094_010,0.5,3,Pedestrian,28.95807776397347,1,1,100.0
nuscenes_mini_subset,scene-1094_010,0.5,4,Car,6.831309175325728,114,102,89.47368421052632
nuscenes_mini_subset,scene-1094_010,0.5,5,Pedestrian,18.755305753370184,7,7,100.0
nuscenes_mini_subset,scene-1094_010,0.5,6,Pedestrian,24.302234936817417,1,1,100.0
nuscenes_mini_subset,scene-1094_010,0.5,7,Pedestrian,27.94036741081079,5,5,100.0
nuscenes_mini_subset,scene-1094_010,0.5,8,Car,26.386966986764868,24,24,100.0
nuscenes_mini_subset,scene-1094_010,0.5,9,Pedestrian,17.918021307312184,11,11,100.0
nuscenes_mini_subset,scene-1094_010,0.5,10,Car,18.749683405773,32,32,100.0
nuscenes_mini_subset,scene-1094_010,0.5,11,Car,21.459513956185752,115,115,100.0
nuscenes_mini_subset,scene-1094_010,0.5,12,Pedestrian,10.31915029952816,36,36,100.0
nuscenes_mini_subset,scene-1094_010,0.5,13,Pedestrian,18.5973949428598,6,6,100.0
nuscenes_mini_subset,scene-1094_010,0.5,14,Pedestrian,25.095715256031262,3,3,100.0
nuscenes_mini_subset,scene-1094_010,0.5,15,Bicycle,21.93970047392231,5,5,100.0
nuscenes_mini_subset,scene-1094_010,1,0,Car,15.286749319414975,2,1,50.0
nuscenes_mini_subset,scene-1094_010,1,1,Pedestrian,18.538198908885228,0,0,nan
nuscenes_mini_subset,scene-1094_010,1,2,Pedestrian,20.079372435883986,2,2,100.0
nuscenes_mini_subset,scene-1094_010,1,3,Pedestrian,28.95807776397347,1,1,100.0
nuscenes_mini_subset,scene-1094_010,1,4,Car,6.831309175325728,114,90,78.94736842105263
nuscenes_mini_subset,scene-1094_010,1,5,Pedestrian,18.755305753370184,7,5,71.42857142857143
nuscenes_mini_subset,scene-1094_010,1,6,Pedestrian,24.302234936817417,1,1,100.0
nuscenes_mini_subset,scene-1094_010,1,7,Pedestrian,27.94036741081079,5,2,40.0
nuscenes_mini_subset,scene-1094_010,1,8,Car,26.386966986764868,24,24,100.0
nuscenes_mini_subset,scene-1094_010,1,9,Pedestrian,17.918021307312184,11,11,100.0
nuscenes_mini_subset,scene-1094_010,1,10,Car,18.749683405773,32,32,100.0
nuscenes_mini_subset,scene-1094_010,1,11,Car,21.459513956185752,115,115,100.0
nuscenes_mini_subset,scene-1094_010,1,12,Pedestrian,10.31915029952816,36,36,100.0
nuscenes_mini_subset,scene-1094_010,1,13,Pedestrian,18.5973949428598,6,3,50.0
nuscenes_mini_subset,scene-1094_010,1,14,Pedestrian,25.095715256031262,3,0,0.0
nuscenes_mini_subset,scene-1094_010,1,15,Bicycle,21.93970047392231,5,5,100.0
nuscenes_mini_subset,scene-1094_010,2,0,Car,15.286749319414975,2,1,50.0
nuscenes_mini_subset,scene-1094_010,2,1,Pedestrian,18.538198908885228,0,0,nan
nuscenes_mini_subset,scene-1094_010,2,2,Pedestrian,20.079372435883986,2,0,0.0
nuscenes_mini_subset,scene-1094_010,2,3,Pedestrian,28.95807776397347,1,0,0.0
nuscenes_mini_subset,scene-1094_010,2,4,Car,6.831309175325728,114,66,57.89473684210526
nuscenes_mini_subset,scene-1094_010,2,5,Pedestrian,18.755305753370184,7,0,0.0
nuscenes_mini_subset,scene-1094_010,2,6,Pedestrian,24.302234936817417,1,0,0.0
nuscenes_mini_subset,scene-1094_010,2,7,Pedestrian,27.94036741081079,5,0,0.0
nuscenes_mini_subset,scene-1094_010,2,8,Car,26.386966986764868,24,22,91.66666666666667
nuscenes_mini_subset,scene-1094_010,2,9,Pedestrian,17.918021307312184,11,4,36.36363636363637
nuscenes_mini_subset,scene-1094_010,2,10,Car,18.749683405773,32,32,100.0
nuscenes_mini_subset,scene-1094_010,2,11,Car,21.459513956185752,115,110,95.65217391304348
nuscenes_mini_subset,scene-1094_010,2,12,Pedestrian,10.31915029952816,36,33,91.66666666666667
nuscenes_mini_subset,scene-1094_010,2,13,Pedestrian,18.5973949428598,6,0,0.0
nuscenes_mini_subset,scene-1094_010,2,14,Pedestrian,25.095715256031262,3,0,0.0
nuscenes_mini_subset,scene-1094_010,2,15,Bicycle,21.93970047392231,5,2,40.0
nuscenes_mini_subset,scene-1094_010,3,0,Car,15.286749319414975,2,0,0.0
nuscenes_mini_subset,scene-1094_010,3,1,Pedestrian,18.538198908885228,0,0,nan
nuscenes_mini_subset,scene-1094_010,3,2,Pedestrian,20.079372435883986,2,0,0.0
nuscenes_mini_subset,scene-1094_010,3,3,Pedestrian,28.95807776397347,1,0,0.0
nuscenes_mini_subset,scene-1094_010,3,4,Car,6.831309175325728,114,43,37.719298245614034
nuscenes_mini_subset,scene-1094_010,3,5,Pedestrian,18.755305753370184,7,0,0.0
nuscenes_mini_subset,scene-1094_010,3,6,Pedestrian,24.302234936817417,1,0,0.0
nuscenes_mini_subset,scene-1094_010,3,7,Pedestrian,27.94036741081079,5,0,0.0
nuscenes_mini_subset,scene-1094_010,3,8,Car,26.386966986764868,24,16,66.66666666666667
nuscenes_mini_subset,scene-1094_010,3,9,Pedestrian,17.918021307312184,11,0,0.0
nuscenes_mini_subset,scene-1094_010,3,10,Car,18.749683405773,32,32,100.0
nuscenes_mini_subset,scene-1094_010,3,11,Car,21.459513956185752,115,105,91.30434782608695
nuscenes_mini_subset,scene-1094_010,3,12,Pedestrian,10.31915029952816,36,19,52.77777777777778
nuscenes_mini_subset,scene-1094_010,3,13,Pedestrian,18.5973949428598,6,0,0.0
nuscenes_mini_subset,scene-1094_010,3,14,Pedestrian,25.095715256031262,3,0,0.0
nuscenes_mini_subset,scene-1094_010,3,15,Bicycle,21.93970047392231,5,2,40.0
nuscenes_mini_subset,scene-1094_011,-3,0,Car,14.988204820024073,88,73,82.95454545454545
nuscenes_mini_subset,scene-1094_011,-3,1,Pedestrian,17.648529382083336,7,0,0.0
nuscenes_mini_subset,scene-1094_011,-3,2,Pedestrian,17.76854615111008,1,0,0.0
nuscenes_mini_subset,scene-1094_011,-3,3,Pedestrian,27.4060723414229,3,0,0.0
nuscenes_mini_subset,scene-1094_011,-3,4,Car,7.147388062197242,8,0,0.0
nuscenes_mini_subset,scene-1094_011,-3,5,Pedestrian,17.931338188359685,8,0,0.0
nuscenes_mini_subset,scene-1094_011,-3,6,Pedestrian,23.908115544958655,0,0,nan
nuscenes_mini_subset,scene-1094_011,-3,7,Pedestrian,25.47866029423791,3,0,0.0
nuscenes_mini_subset,scene-1094_011,-3,8,Car,21.411824710762833,0,0,nan
nuscenes_mini_subset,scene-1094_011,-3,9,Car,25.1100524005878,33,31,93.93939393939394
nuscenes_mini_subset,scene-1094_011,-3,10,Car,18.363635296006834,25,22,88.0
nuscenes_mini_subset,scene-1094_011,-3,11,Car,20.97573698379218,121,109,90.08264462809917
nuscenes_mini_subset,scene-1094_011,-3,12,Pedestrian,9.287214451674874,40,36,90.0
nuscenes_mini_subset,scene-1094_011,-3,13,Pedestrian,17.599099710785904,2,0,0.0
nuscenes_mini_subset,scene-1094_011,-3,14,Bicycle,19.854297696060723,6,2,33.333333333333336
nuscenes_mini_subset,scene-1094_011,-2,0,Car,14.988204820024073,88,83,94.31818181818181
nuscenes_mini_subset,scene-1094_011,-2,1,Pedestrian,17.648529382083336,7,0,0.0
nuscenes_mini_subset,scene-1094_011,-2,2,Pedestrian,17.76854615111008,1,0,0.0
nuscenes_mini_subset,scene-1094_011,-2,3,Pedestrian,27.4060723414229,3,0,0.0
nuscenes_mini_subset,scene-1094_011,-2,4,Car,7.147388062197242,8,0,0.0
nuscenes_mini_subset,scene-1094_011,-2,5,Pedestrian,17.931338188359685,8,0,0.0
nuscenes_mini_subset,scene-1094_011,-2,6,Pedestrian,23.908115544958655,0,0,nan
nuscenes_mini_subset,scene-1094_011,-2,7,Pedestrian,25.47866029423791,3,0,0.0
nuscenes_mini_subset,scene-1094_011,-2,8,Car,21.411824710762833,0,0,nan
nuscenes_mini_subset,scene-1094_011,-2,9,Car,25.1100524005878,33,33,100.0
nuscenes_mini_subset,scene-1094_011,-2,10,Car,18.363635296006834,25,23,92.0
nuscenes_mini_subset,scene-1094_011,-2,11,Car,20.97573698379218,121,115,95.04132231404958
nuscenes_mini_subset,scene-1094_011,-2,12,Pedestrian,9.287214451674874,40,39,97.5
nuscenes_mini_subset,scene-1094_011,-2,13,Pedestrian,17.599099710785904,2,0,0.0
nuscenes_mini_subset,scene-1094_011,-2,14,Bicycle,19.854297696060723,6,3,50.0
nuscenes_mini_subset,scene-1094_011,-1,0,Car,14.988204820024073,88,88,100.0
nuscenes_mini_subset,scene-1094_011,-1,1,Pedestrian,17.648529382083336,7,5,71.42857142857143
nuscenes_mini_subset,scene-1094_011,-1,2,Pedestrian,17.76854615111008,1,0,0.0
nuscenes_mini_subset,scene-1094_011,-1,3,Pedestrian,27.4060723414229,3,2,66.66666666666667
nuscenes_mini_subset,scene-1094_011,-1,4,Car,7.147388062197242,8,8,100.0
nuscenes_mini_subset,scene-1094_011,-1,5,Pedestrian,17.931338188359685,8,2,25.0
nuscenes_mini_subset,scene-1094_011,-1,6,Pedestrian,23.908115544958655,0,0,nan
nuscenes_mini_subset,scene-1094_011,-1,7,Pedestrian,25.47866029423791,3,3,100.0
nuscenes_mini_subset,scene-1094_011,-1,8,Car,21.411824710762833,0,0,nan
nuscenes_mini_subset,scene-1094_011,-1,9,Car,25.1100524005878,33,33,100.0
nuscenes_mini_subset,scene-1094_011,-1,10,Car,18.363635296006834,25,25,100.0
nuscenes_mini_subset,scene-1094_011,-1,11,Car,20.97573698379218,121,121,100.0
nuscenes_mini_subset,scene-1094_011,-1,12,Pedestrian,9.287214451674874,40,40,100.0
nuscenes_mini_subset,scene-1094_011,-1,13,Pedestrian,17.599099710785904,2,1,50.0
nuscenes_mini_subset,scene-1094_011,-1,14,Bicycle,19.854297696060723,6,6,100.0
nuscenes_mini_subset,scene-1094_011,-0.5,0,Car,14.988204820024073,88,88,100.0
nuscenes_mini_subset,scene-1094_011,-0.5,1,Pedestrian,17.648529382083336,7,7,100.0
nuscenes_mini_subset,scene-1094_011,-0.5,2,Pedestrian,17.76854615111008,1,1,100.0
nuscenes_mini_subset,scene-1094_011,-0.5,3,Pedestrian,27.4060723414229,3,3,100.0
nuscenes_mini_subset,scene-1094_011,-0.5,4,Car,7.147388062197242,8,8,100.0
nuscenes_mini_subset,scene-1094_011,-0.5,5,Pedestrian,17.931338188359685,8,7,87.5
nuscenes_mini_subset,scene-1094_011,-0.5,6,Pedestrian,23.908115544958655,0,0,nan
nuscenes_mini_subset,scene-1094_011,-0.5,7,Pedestrian,25.47866029423791,3,3,100.0
nuscenes_mini_subset,scene-1094_011,-0.5,8,Car,21.411824710762833,0,0,nan
nuscenes_mini_subset,scene-1094_011,-0.5,9,Car,25.1100524005878,33,33,100.0
nuscenes_mini_subset,scene-1094_011,-0.5,10,Car,18.363635296006834,25,25,100.0
nuscenes_mini_subset,scene-1094_011,-0.5,11,Car,20.97573698379218,121,121,100.0
nuscenes_mini_subset,scene-1094_011,-0.5,12,Pedestrian,9.287214451674874,40,40,100.0
nuscenes_mini_subset,scene-1094_011,-0.5,13,Pedestrian,17.599099710785904,2,2,100.0
nuscenes_mini_subset,scene-1094_011,-0.5,14,Bicycle,19.854297696060723,6,6,100.0
nuscenes_mini_subset,scene-1094_011,0,0,Car,14.988204820024073,88,88,100.0
nuscenes_mini_subset,scene-1094_011,0,1,Pedestrian,17.648529382083336,7,7,100.0
nuscenes_mini_subset,scene-1094_011,0,2,Pedestrian,17.76854615111008,1,1,100.0
nuscenes_mini_subset,scene-1094_011,0,3,Pedestrian,27.4060723414229,3,3,100.0
nuscenes_mini_subset,scene-1094_011,0,4,Car,7.147388062197242,8,8,100.0
nuscenes_mini_subset,scene-1094_011,0,5,Pedestrian,17.931338188359685,8,8,100.0
nuscenes_mini_subset,scene-1094_011,0,6,Pedestrian,23.908115544958655,0,0,nan
nuscenes_mini_subset,scene-1094_011,0,7,Pedestrian,25.47866029423791,3,3,100.0
nuscenes_mini_subset,scene-1094_011,0,8,Car,21.411824710762833,0,0,nan
nuscenes_mini_subset,scene-1094_011,0,9,Car,25.1100524005878,33,33,100.0
nuscenes_mini_subset,scene-1094_011,0,10,Car,18.363635296006834,25,25,100.0
nuscenes_mini_subset,scene-1094_011,0,11,Car,20.97573698379218,121,121,100.0
nuscenes_mini_subset,scene-1094_011,0,12,Pedestrian,9.287214451674874,40,40,100.0
nuscenes_mini_subset,scene-1094_011,0,13,Pedestrian,17.599099710785904,2,2,100.0
nuscenes_mini_subset,scene-1094_011,0,14,Bicycle,19.854297696060723,6,6,100.0
nuscenes_mini_subset,scene-1094_011,0.5,0,Car,14.988204820024073,88,84,95.45454545454545
nuscenes_mini_subset,scene-1094_011,0.5,1,Pedestrian,17.648529382083336,7,5,71.42857142857143
nuscenes_mini_subset,scene-1094_011,0.5,2,Pedestrian,17.76854615111008,1,1,100.0
nuscenes_mini_subset,scene-1094_011,0.5,3,Pedestrian,27.4060723414229,3,2,66.66666666666667
nuscenes_mini_subset,scene-1094_011,0.5,4,Car,7.147388062197242,8,1,12.5
nuscenes_mini_subset,scene-1094_011,0.5,5,Pedestrian,17.931338188359685,8,8,100.0
nuscenes_mini_subset,scene-1094_011,0.5,6,Pedestrian,23.908115544958655,0,0,nan
nuscenes_mini_subset,scene-1094_011,0.5,7,Pedestrian,25.47866029423791,3,2,66.66666666666667
nuscenes_mini_subset,scene-1094_011,0.5,8,Car,21.411824710762833,0,0,nan
nuscenes_mini_subset,scene-1094_011,0.5,9,Car,25.1100524005878,33,33,100.0
nuscenes_mini_subset,scene-1094_011,0.5,10,Car,18.363635296006834,25,25,100.0
nuscenes_mini_subset,scene-1094_011,0.5,11,Car,20.97573698379218,121,121,100.0
nuscenes_mini_subset,scene-1094_011,0.5,12,Pedestrian,9.287214451674874,40,40,100.0
nuscenes_mini_subset,scene-1094_011,0.5,13,Pedestrian,17.599099710785904,2,1,50.0
nuscenes_mini_subset,scene-1094_011,0.5,14,Bicycle,19.854297696060723,6,6,100.0
nuscenes_mini_subset,scene-1094_011,1,0,Car,14.988204820024073,88,79,89.77272727272727
nuscenes_mini_subset,scene-1094_011,1,1,Pedestrian,17.648529382083336,7,4,57.142857142857146
nuscenes_mini_subset,scene-1094_011,1,2,Pedestrian,17.76854615111008,1,1,100.0
nuscenes_mini_subset,scene-1094_011,1,3,Pedestrian,27.4060723414229,3,1,33.333333333333336
nuscenes_mini_subset,scene-1094_011,1,4,Car,7.147388062197242,8,0,0.0
nuscenes_mini_subset,scene-1094_011,1,5,Pedestrian,17.931338188359685,8,8,100.0
nuscenes_mini_subset,scene-1094_011,1,6,Pedestrian,23.908115544958655,0,0,nan
nuscenes_mini_subset,scene-1094_011,1,7,Pedestrian,25.47866029423791,3,1,33.333333333333336
nuscenes_mini_subset,scene-1094_011,1,8,Car,21.411824710762833,0,0,nan
nuscenes_mini_subset,scene-1094_011,1,9,Car,25.1100524005878,33,33,100.0
nuscenes_mini_subset,scene-1094_011,1,10,Car,18.363635296006834,25,25,100.0
nuscenes_mini_subset,scene-1094_011,1,11,Car,20.97573698379218,121,119,98.34710743801652
nuscenes_mini_subset,scene-1094_011,1,12,Pedestrian,9.287214451674874,40,39,97.5
nuscenes_mini_subset,scene-1094_011,1,13,Pedestrian,17.599099710785904,2,1,50.0
nuscenes_mini_subset,scene-1094_011,1,14,Bicycle,19.854297696060723,6,4,66.66666666666667
nuscenes_mini_subset,scene-1094_011,2,0,Car,14.988204820024073,88,68,77.27272727272727
nuscenes_mini_subset,scene-1094_011,2,1,Pedestrian,17.648529382083336,7,0,0.0
nuscenes_mini_subset,scene-1094_011,2,2,Pedestrian,17.76854615111008,1,0,0.0
nuscenes_mini_subset,scene-1094_011,2,3,Pedestrian,27.4060723414229,3,0,0.0
nuscenes_mini_subset,scene-1094_011,2,4,Car,7.147388062197242,8,0,0.0
nuscenes_mini_subset,scene-1094_011,2,5,Pedestrian,17.931338188359685,8,0,0.0
nuscenes_mini_subset,scene-1094_011,2,6,Pedestrian,23.908115544958655,0,0,nan
nuscenes_mini_subset,scene-1094_011,2,7,Pedestrian,25.47866029423791,3,0,0.0
nuscenes_mini_subset,scene-1094_011,2,8,Car,21.411824710762833,0,0,nan
nuscenes_mini_subset,scene-1094_011,2,9,Car,25.1100524005878,33,29,87.87878787878788
nuscenes_mini_subset,scene-1094_011,2,10,Car,18.363635296006834,25,25,100.0
nuscenes_mini_subset,scene-1094_011,2,11,Car,20.97573698379218,121,114,94.21487603305785
nuscenes_mini_subset,scene-1094_011,2,12,Pedestrian,9.287214451674874,40,32,80.0
nuscenes_mini_subset,scene-1094_011,2,13,Pedestrian,17.599099710785904,2,0,0.0
nuscenes_mini_subset,scene-1094_011,2,14,Bicycle,19.854297696060723,6,4,66.66666666666667
nuscenes_mini_subset,scene-1094_011,3,0,Car,14.988204820024073,88,61,69.31818181818181
nuscenes_mini_subset,scene-1094_011,3,1,Pedestrian,17.648529382083336,7,0,0.0
nuscenes_mini_subset,scene-1094_011,3,2,Pedestrian,17.76854615111008,1,0,0.0
nuscenes_mini_subset,scene-1094_011,3,3,Pedestrian,27.4060723414229,3,0,0.0
nuscenes_mini_subset,scene-1094_011,3,4,Car,7.147388062197242,8,0,0.0
nuscenes_mini_subset,scene-1094_011,3,5,Pedestrian,17.931338188359685,8,0,0.0
nuscenes_mini_subset,scene-1094_011,3,6,Pedestrian,23.908115544958655,0,0,nan
nuscenes_mini_subset,scene-1094_011,3,7,Pedestrian,25.47866029423791,3,0,0.0
nuscenes_mini_subset,scene-1094_011,3,8,Car,21.411824710762833,0,0,nan
nuscenes_mini_subset,scene-1094_011,3,9,Car,25.1100524005878,33,24,72.72727272727273
nuscenes_mini_subset,scene-1094_011,3,10,Car,18.363635296006834,25,25,100.0
nuscenes_mini_subset,scene-1094_011,3,11,Car,20.97573698379218,121,108,89.25619834710744
nuscenes_mini_subset,scene-1094_011,3,12,Pedestrian,9.287214451674874,40,15,37.5
nuscenes_mini_subset,scene-1094_011,3,13,Pedestrian,17.599099710785904,2,0,0.0
nuscenes_mini_subset,scene-1094_011,3,14,Bicycle,19.854297696060723,6,2,33.333333333333336
nuscenes_mini_subset,scene-1094_012,-3,0,Car,14.880828664094178,137,115,83.94160583941606
nuscenes_mini_subset,scene-1094_012,-3,1,Car,25.985573557511238,2,0,0.0
nuscenes_mini_subset,scene-1094_012,-3,2,Car,30.963967306777356,3,2,66.66666666666667
nuscenes_mini_subset,scene-1094_012,-3,3,Pedestrian,16.33534097065764,8,0,0.0
nuscenes_mini_subset,scene-1094_012,-3,4,Car,33.88395773161639,0,0,nan
nuscenes_mini_subset,scene-1094_012,-3,5,Pedestrian,25.07582334424558,3,0,0.0
nuscenes_mini_subset,scene-1094_012,-3,6,Car,8.344049836998936,20,0,0.0
nuscenes_mini_subset,scene-1094_012,-3,7,Pedestrian,16.663587412899044,6,0,0.0
nuscenes_mini_subset,scene-1094_012,-3,8,Pedestrian,23.538888897640387,0,0,nan
nuscenes_mini_subset,scene-1094_012,-3,9,Car,22.15681828231317,15,15,100.0
nuscenes_mini_subset,scene-1094_012,-3,10,Car,23.350527247857872,31,26,83.87096774193549
nuscenes_mini_subset,scene-1094_012,-3,11,Car,18.086403642500375,34,27,79.41176470588235
nuscenes_mini_subset,scene-1094_012,-3,12,Car,20.495736598566303,121,106,87.60330578512396
nuscenes_mini_subset,scene-1094_012,-3,13,Pedestrian,7.938142411495608,49,42,85.71428571428571
nuscenes_mini_subset,scene-1094_012,-3,14,Pedestrian,16.10635222092018,8,0,0.0
nuscenes_mini_subset,scene-1094_012,-2,0,Car,14.880828664094178,137,127,92.7007299270073
nuscenes_mini_subset,scene-1094_012,-2,1,Car,25.985573557511238,2,0,0.0
nuscenes_mini_subset,scene-1094_012,-2,2,Car,30.963967306777356,3,3,100.0
nuscenes_mini_subset,scene-1094_012,-2,3,Pedestrian,16.33534097065764,8,0,0.0
nuscenes_mini_subset,scene-1094_012,-2,4,Car,33.88395773161639,0,0,nan
nuscenes_mini_subset,scene-1094_012,-2,5,Pedestrian,25.07582334424558,3,0,0.0
nuscenes_mini_subset,scene-1094_012,-2,6,Car,8.344049836998936,20,7,35.0
nuscenes_mini_subset,scene-1094_012,-2,7,Pedestrian,16.663587412899044,6,0,0.0
nuscenes_mini_subset,scene-1094_012,-2,8,Pedestrian,23.538888897640387,0,0,nan
nuscenes_mini_subset,scene-1094_012,-2,9,Car,22.15681828231317,15,15,100.0
nuscenes_mini_subset,scene-1094_012,-2,10,Car,23.350527247857872,31,28,90.3225806451613
nuscenes_mini_subset,scene-1094_012,-2,11,Car,18.086403642500375,34,31,91.17647058823529
nuscenes_mini_subset,scene-1094_012,-2,12,Car,20.495736598566303,121,111,91.73553719008264
nuscenes_mini_subset,scene-1094_012,-2,13,Pedestrian,7.938142411495608,49,46,93.87755102040816
nuscenes_mini_subset,scene-1094_012,-2,14,Pedestrian,16.10635222092018,8,0,0.0
nuscenes_mini_subset,scene-1094_012,-1,0,Car,14.880828664094178,137,136,99.27007299270073
nuscenes_mini_subset,scene-1094_012,-1,1,Car,25.985573557511238,2,1,50.0
nuscenes_mini_subset,scene-1094_012,-1,2,Car,30.963967306777356,3,3,100.0
nuscenes_mini_subset,scene-1094_012,-1,3,Pedestrian,16.33534097065764,8,3,37.5
nuscenes_mini_subset,scene-1094_012,-1,4,Car,33.88395773161639,0,0,nan
nuscenes_mini_subset,scene-1094_012,-1,5,Pedestrian,25.07582334424558,3,0,0.0
nuscenes_mini_subset,scene-1094_012,-1,6,Car,8.344049836998936,20,19,95.0
nuscenes_mini_subset,scene-1094_012,-1,7,Pedestrian,16.663587412899044,6,1,16.666666666666668
nuscenes_mini_subset,scene-1094_012,-1,8,Pedestrian,23.538888897640387,0,0,nan
nuscenes_mini_subset,scene-1094_012,-1,9,Car,22.15681828231317,15,15,100.0
nuscenes_mini_subset,scene-1094_012,-1,10,Car,23.350527247857872,31,31,100.0
nuscenes_mini_subset,scene-1094_012,-1,11,Car,18.086403642500375,34,33,97.05882352941177
nuscenes_mini_subset,scene-1094_012,-1,12,Car,20.495736598566303,121,117,96.69421487603306
nuscenes_mini_subset,scene-1094_012,-1,13,Pedestrian,7.938142411495608,49,49,100.0
nuscenes_mini_subset,scene-1094_012,-1,14,Pedestrian,16.10635222092018,8,5,62.5
nuscenes_mini_subset,scene-1094_012,-0.5,0,Car,14.880828664094178,137,137,100.0
nuscenes_mini_subset,scene-1094_012,-0.5,1,Car,25.985573557511238,2,2,100.0
nuscenes_mini_subset,scene-1094_012,-0.5,2,Car,30.963967306777356,3,3,100.0
nuscenes_mini_subset,scene-1094_012,-0.5,3,Pedestrian,16.33534097065764,8,8,100.0
nuscenes_mini_subset,scene-1094_012,-0.5,4,Car,33.88395773161639,0,0,nan
nuscenes_mini_subset,scene-1094_012,-0.5,5,Pedestrian,25.07582334424558,3,2,66.66666666666667
nuscenes_mini_subset,scene-1094_012,-0.5,6,Car,8.344049836998936,20,20,100.0
nuscenes_mini_subset,scene-1094_012,-0.5,7,Pedestrian,16.663587412899044,6,5,83.33333333333333
nuscenes_mini_subset,scene-1094_012,-0.5,8,Pedestrian,23.538888897640387,0,0,nan
nuscenes_mini_subset,scene-1094_012,-0.5,9,Car,22.15681828231317,15,15,100.0
nuscenes_mini_subset,scene-1094_012,-0.5,10,Car,23.350527247857872,31,31,100.0
nuscenes_mini_subset,scene-1094_012,-0.5,11,Car,18.086403642500375,34,34,100.0
nuscenes_mini_subset,scene-1094_012,-0.5,12,Car,20.495736598566303,121,119,98.34710743801652
nuscenes_mini_subset,scene-1094_012,-0.5,13,Pedestrian,7.938142411495608,49,49,100.0
nuscenes_mini_subset,scene-1094_012,-0.5,14,Pedestrian,16.10635222092018,8,8,100.0
nuscenes_mini_subset,scene-1094_012,0,0,Car,14.880828664094178,137,137,100.0
nuscenes_mini_subset,scene-1094_012,0,1,Car,25.985573557511238,2,2,100.0
nuscenes_mini_subset,scene-1094_012,0,2,Car,30.963967306777356,3,3,100.0
nuscenes_mini_subset,scene-1094_012,0,3,Pedestrian,16.33534097065764,8,8,100.0
nuscenes_mini_subset,scene-1094_012,0,4,Car,33.88395773161639,0,0,nan
nuscenes_mini_subset,scene-1094_012,0,5,Pedestrian,25.07582334424558,3,3,100.0
nuscenes_mini_subset,scene-1094_012,0,6,Car,8.344049836998936,20,20,100.0
nuscenes_mini_subset,scene-1094_012,0,7,Pedestrian,16.663587412899044,6,6,100.0
nuscenes_mini_subset,scene-1094_012,0,8,Pedestrian,23.538888897640387,0,0,nan
nuscenes_mini_subset,scene-1094_012,0,9,Car,22.15681828231317,15,15,100.0
nuscenes_mini_subset,scene-1094_012,0,10,Car,23.350527247857872,31,31,100.0
nuscenes_mini_subset,scene-1094_012,0,11,Car,18.086403642500375,34,34,100.0
nuscenes_mini_subset,scene-1094_012,0,12,Car,20.495736598566303,121,121,100.0
nuscenes_mini_subset,scene-1094_012,0,13,Pedestrian,7.938142411495608,49,49,100.0
nuscenes_mini_subset,scene-1094_012,0,14,Pedestrian,16.10635222092018,8,8,100.0
nuscenes_mini_subset,scene-1094_012,0.5,0,Car,14.880828664094178,137,136,99.27007299270073
nuscenes_mini_subset,scene-1094_012,0.5,1,Car,25.985573557511238,2,2,100.0
nuscenes_mini_subset,scene-1094_012,0.5,2,Car,30.963967306777356,3,3,100.0
nuscenes_mini_subset,scene-1094_012,0.5,3,Pedestrian,16.33534097065764,8,8,100.0
nuscenes_mini_subset,scene-1094_012,0.5,4,Car,33.88395773161639,0,0,nan
nuscenes_mini_subset,scene-1094_012,0.5,5,Pedestrian,25.07582334424558,3,3,100.0
nuscenes_mini_subset,scene-1094_012,0.5,6,Car,8.344049836998936,20,11,55.0
nuscenes_mini_subset,scene-1094_012,0.5,7,Pedestrian,16.663587412899044,6,6,100.0
nuscenes_mini_subset,scene-1094_012,0.5,8,Pedestrian,23.538888897640387,0,0,nan
nuscenes_mini_subset,scene-1094_012,0.5,9,Car,22.15681828231317,15,15,100.0
nuscenes_mini_subset,scene-1094_012,0.5,10,Car,23.350527247857872,31,31,100.0
nuscenes_mini_subset,scene-1094_012,0.5,11,Car,18.086403642500375,34,34,100.0
nuscenes_mini_subset,scene-1094_012,0.5,12,Car,20.495736598566303,121,121,100.0
nuscenes_mini_subset,scene-1094_012,0.5,13,Pedestrian,7.938142411495608,49,49,100.0
nuscenes_mini_subset,scene-1094_012,0.5,14,Pedestrian,16.10635222092018,8,7,87.5
nuscenes_mini_subset,scene-1094_012,1,0,Car,14.880828664094178,137,133,97.08029197080292
nuscenes_mini_subset,scene-1094_012,1,1,Car,25.985573557511238,2,2,100.0
nuscenes_mini_subset,scene-1094_012,1,2,Car,30.963967306777356,3,3,100.0
nuscenes_mini_subset,scene-1094_012,1,3,Pedestrian,16.33534097065764,8,6,75.0
nuscenes_mini_subset,scene-1094_012,1,4,Car,33.88395773161639,0,0,nan
nuscenes_mini_subset,scene-1094_012,1,5,Pedestrian,25.07582334424558,3,3,100.0
nuscenes_mini_subset,scene-1094_012,1,6,Car,8.344049836998936,20,5,25.0
nuscenes_mini_subset,scene-1094_012,1,7,Pedestrian,16.663587412899044,6,5,83.33333333333333
nuscenes_mini_subset,scene-1094_012,1,8,Pedestrian,23.538888897640387,0,0,nan
nuscenes_mini_subset,scene-1094_012,1,9,Car,22.15681828231317,15,14,93.33333333333333
nuscenes_mini_subset,scene-1094_012,1,10,Car,23.350527247857872,31,31,100.0
nuscenes_mini_subset,scene-1094_012,1,11,Car,18.086403642500375,34,34,100.0
nuscenes_mini_subset,scene-1094_012,1,12,Car,20.495736598566303,121,121,100.0
nuscenes_mini_subset,scene-1094_012,1,13,Pedestrian,7.938142411495608,49,49,100.0
nuscenes_mini_subset,scene-1094_012,1,14,Pedestrian,16.10635222092018,8,3,37.5
nuscenes_mini_subset,scene-1094_012,2,0,Car,14.880828664094178,137,119,86.86131386861314
nuscenes_mini_subset,scene-1094_012,2,1,Car,25.985573557511238,2,1,50.0
nuscenes_mini_subset,scene-1094_012,2,2,Car,30.963967306777356,3,1,33.333333333333336
nuscenes_mini_subset,scene-1094_012,2,3,Pedestrian,16.33534097065764,8,0,0.0
nuscenes_mini_subset,scene-1094_012,2,4,Car,33.88395773161639,0,0,nan
nuscenes_mini_subset,scene-1094_012,2,5,Pedestrian,25.07582334424558,3,0,0.0
nuscenes_mini_subset,scene-1094_012,2,6,Car,8.344049836998936,20,0,0.0
nuscenes_mini_subset,scene-1094_012,2,7,Pedestrian,16.663587412899044,6,1,16.666666666666668
nuscenes_mini_subset,scene-1094_012,2,8,Pedestrian,23.538888897640387,0,0,nan
nuscenes_mini_subset,scene-1094_012,2,9,Car,22.15681828231317,15,9,60.0
nuscenes_mini_subset,scene-1094_012,2,10,Car,23.350527247857872,31,29,93.54838709677419
nuscenes_mini_subset,scene-1094_012,2,11,Car,18.086403642500375,34,34,100.0
nuscenes_mini_subset,scene-1094_012,2,12,Car,20.495736598566303,121,118,97.52066115702479
nuscenes_mini_subset,scene-1094_012,2,13,Pedestrian,7.938142411495608,49,45,91.83673469387755
nuscenes_mini_subset,scene-1094_012,2,14,Pedestrian,16.10635222092018,8,0,0.0
nuscenes_mini_subset,scene-1094_012,3,0,Car,14.880828664094178,137,101,73.72262773722628
nuscenes_mini_subset,scene-1094_012,3,1,Car,25.985573557511238,2,0,0.0
nuscenes_mini_subset,scene-1094_012,3,2,Car,30.963967306777356,3,0,0.0
nuscenes_mini_subset,scene-1094_012,3,3,Pedestrian,16.33534097065764,8,0,0.0
nuscenes_mini_subset,scene-1094_012,3,4,Car,33.88395773161639,0,0,nan
nuscenes_mini_subset,scene-1094_012,3,5,Pedestrian,25.07582334424558,3,0,0.0
nuscenes_mini_subset,scene-1094_012,3,6,Car,8.344049836998936,20,0,0.0
nuscenes_mini_subset,scene-1094_012,3,7,Pedestrian,16.663587412899044,6,0,0.0
nuscenes_mini_subset,scene-1094_012,3,8,Pedestrian,23.538888897640387,0,0,nan
nuscenes_mini_subset,scene-1094_012,3,9,Car,22.15681828231317,15,6,40.0
nuscenes_mini_subset,scene-1094_012,3,10,Car,23.350527247857872,31,24,77.41935483870968
nuscenes_mini_subset,scene-1094_012,3,11,Car,18.086403642500375,34,34,100.0
nuscenes_mini_subset,scene-1094_012,3,12,Car,20.495736598566303,121,111,91.73553719008264
nuscenes_mini_subset,scene-1094_012,3,13,Pedestrian,7.938142411495608,49,33,67.34693877551021
nuscenes_mini_subset,scene-1094_012,3,14,Pedestrian,16.10635222092018,8,0,0.0
nuscenes_mini_subset,scene-1094_013,-3,0,Car,14.267685971502194,126,100,79.36507936507937
nuscenes_mini_subset,scene-1094_013,-3,1,Car,27.530062996836534,6,1,16.666666666666668
nuscenes_mini_subset,scene-1094_013,-3,2,Car,32.34590864505086,10,4,40.0
nuscenes_mini_subset,scene-1094_013,-3,3,Pedestrian,13.895560418422836,1,0,0.0
nuscenes_mini_subset,scene-1094_013,-3,4,Car,36.55907320684907,15,8,53.333333333333336
nuscenes_mini_subset,scene-1094_013,-3,5,Car,10.083494869158182,75,44,58.666666666666664
nuscenes_mini_subset,scene-1094_013,-3,6,Pedestrian,14.486901810721426,5,0,0.0
nuscenes_mini_subset,scene-1094_013,-3,7,Pedestrian,22.535303856514204,0,0,nan
nuscenes_mini_subset,scene-1094_013,-3,8,Car,22.371531882736637,14,14,100.0
nuscenes_mini_subset,scene-1094_013,-3,9,Car,33.25058241670299,3,0,0.0
nuscenes_mini_subset,scene-1094_013,-3,10,Car,20.473517322239406,28,24,85.71428571428571
nuscenes_mini_subset,scene-1094_013,-3,11,Car,17.275019616323306,35,26,74.28571428571429
nuscenes_mini_subset,scene-1094_013,-3,12,Car,19.34191790812858,168,153,91.07142857142857
nuscenes_mini_subset,scene-1094_013,-3,13,Car,39.618711938509136,1,0,0.0
nuscenes_mini_subset,scene-1094_013,-2,0,Car,14.267685971502194,126,113,89.68253968253968
nuscenes_mini_subset,scene-1094_013,-2,1,Car,27.530062996836534,6,4,66.66666666666667
nuscenes_mini_subset,scene-1094_013,-2,2,Car,32.34590864505086,10,9,90.0
nuscenes_mini_subset,scene-1094_013,-2,3,Pedestrian,13.895560418422836,1,0,0.0
nuscenes_mini_subset,scene-1094_013,-2,4,Car,36.55907320684907,15,11,73.33333333333333
nuscenes_mini_subset,scene-1094_013,-2,5,Car,10.083494869158182,75,59,78.66666666666667
nuscenes_mini_subset,scene-1094_013,-2,6,Pedestrian,14.486901810721426,5,0,0.0
nuscenes_mini_subset,scene-1094_013,-2,7,Pedestrian,22.535303856514204,0,0,nan
nuscenes_mini_subset,scene-1094_013,-2,8,Car,22.371531882736637,14,14,100.0
nuscenes_mini_subset,scene-1094_013,-2,9,Car,33.25058241670299,3,0,0.0
nuscenes_mini_subset,scene-1094_013,-2,10,Car,20.473517322239406,28,26,92.85714285714286
nuscenes_mini_subset,scene-1094_013,-2,11,Car,17.275019616323306,35,31,88.57142857142857
nuscenes_mini_subset,scene-1094_013,-2,12,Car,19.34191790812858,168,159,94.64285714285714
nuscenes_mini_subset,scene-1094_013,-2,13,Car,39.618711938509136,1,0,0.0
nuscenes_mini_subset,scene-1094_013,-1,0,Car,14.267685971502194,126,123,97.61904761904762
nuscenes_mini_subset,scene-1094_013,-1,1,Car,27.530062996836534,6,6,100.0
nuscenes_mini_subset,scene-1094_013,-1,2,Car,32.34590864505086,10,10,100.0
nuscenes_mini_subset,scene-1094_013,-1,3,Pedestrian,13.895560418422836,1,0,0.0
nuscenes_mini_subset,scene-1094_013,-1,4,Car,36.55907320684907,15,14,93.33333333333333
nuscenes_mini_subset,scene-1094_013,-1,5,Car,10.083494869158182,75,70,93.33333333333333
nuscenes_mini_subset,scene-1094_013,-1,6,Pedestrian,14.486901810721426,5,0,0.0
nuscenes_mini_subset,scene-1094_013,-1,7,Pedestrian,22.535303856514204,0,0,nan
nuscenes_mini_subset,scene-1094_013,-1,8,Car,22.371531882736637,14,14,100.0
nuscenes_mini_subset,scene-1094_013,-1,9,Car,33.25058241670299,3,3,100.0
nuscenes_mini_subset,scene-1094_013,-1,10,Car,20.473517322239406,28,27,96.42857142857143
nuscenes_mini_subset,scene-1094_013,-1,11,Car,17.275019616323306,35,34,97.14285714285714
nuscenes_mini_subset,scene-1094_013,-1,12,Car,19.34191790812858,168,164,97.61904761904762
nuscenes_mini_subset,scene-1094_013,-1,13,Car,39.618711938509136,1,1,100.0
nuscenes_mini_subset,scene-1094_013,-0.5,0,Car,14.267685971502194,126,126,100.0
nuscenes_mini_subset,scene-1094_013,-0.5,1,Car,27.530062996836534,6,6,100.0
nuscenes_mini_subset,scene-1094_013,-0.5,2,Car,32.34590864505086,10,10,100.0
nuscenes_mini_subset,scene-1094_013,-0.5,3,Pedestrian,13.895560418422836,1,0,0.0
nuscenes_mini_subset,scene-1094_013,-0.5,4,Car,36.55907320684907,15,15,100.0
nuscenes_mini_subset,scene-1094_013,-0.5,5,Car,10.083494869158182,75,73,97.33333333333333
nuscenes_mini_subset,scene-1094_013,-0.5,6,Pedestrian,14.486901810721426,5,3,60.0
nuscenes_mini_subset,scene-1094_013,-0.5,7,Pedestrian,22.535303856514204,0,0,nan
nuscenes_mini_subset,scene-1094_013,-0.5,8,Car,22.371531882736637,14,14,100.0
nuscenes_mini_subset,scene-1094_013,-0.5,9,Car,33.25058241670299,3,3,100.0
nuscenes_mini_subset,scene-1094_013,-0.5,10,Car,20.473517322239406,28,28,100.0
nuscenes_mini_subset,scene-1094_013,-0.5,11,Car,17.275019616323306,35,35,100.0
nuscenes_mini_subset,scene-1094_013,-0.5,12,Car,19.34191790812858,168,168,100.0
nuscenes_mini_subset,scene-1094_013,-0.5,13,Car,39.618711938509136,1,1,100.0
nuscenes_mini_subset,scene-1094_013,0,0,Car,14.267685971502194,126,126,100.0
nuscenes_mini_subset,scene-1094_013,0,1,Car,27.530062996836534,6,6,100.0
nuscenes_mini_subset,scene-1094_013,0,2,Car,32.34590864505086,10,10,100.0
nuscenes_mini_subset,scene-1094_013,0,3,Pedestrian,13.895560418422836,1,0,0.0
nuscenes_mini_subset,scene-1094_013,0,4,Car,36.55907320684907,15,15,100.0
nuscenes_mini_subset,scene-1094_013,0,5,Car,10.083494869158182,75,75,100.0
nuscenes_mini_subset,scene-1094_013,0,6,Pedestrian,14.486901810721426,5,5,100.0
nuscenes_mini_subset,scene-1094_013,0,7,Pedestrian,22.535303856514204,0,0,nan
nuscenes_mini_subset,scene-1094_013,0,8,Car,22.371531882736637,14,14,100.0
nuscenes_mini_subset,scene-1094_013,0,9,Car,33.25058241670299,3,3,100.0
nuscenes_mini_subset,scene-1094_013,0,10,Car,20.473517322239406,28,28,100.0
nuscenes_mini_subset,scene-1094_013,0,11,Car,17.275019616323306,35,35,100.0
nuscenes_mini_subset,scene-1094_013,0,12,Car,19.34191790812858,168,168,100.0
nuscenes_mini_subset,scene-1094_013,0,13,Car,39.618711938509136,1,1,100.0
nuscenes_mini_subset,scene-1094_013,0.5,0,Car,14.267685971502194,126,126,100.0
nuscenes_mini_subset,scene-1094_013,0.5,1,Car,27.530062996836534,6,6,100.0
nuscenes_mini_subset,scene-1094_013,0.5,2,Car,32.34590864505086,10,10,100.0
nuscenes_mini_subset,scene-1094_013,0.5,3,Pedestrian,13.895560418422836,1,0,0.0
nuscenes_mini_subset,scene-1094_013,0.5,4,Car,36.55907320684907,15,15,100.0
nuscenes_mini_subset,scene-1094_013,0.5,5,Car,10.083494869158182,75,68,90.66666666666667
nuscenes_mini_subset,scene-1094_013,0.5,6,Pedestrian,14.486901810721426,5,5,100.0
nuscenes_mini_subset,scene-1094_013,0.5,7,Pedestrian,22.535303856514204,0,0,nan
nuscenes_mini_subset,scene-1094_013,0.5,8,Car,22.371531882736637,14,14,100.0
nuscenes_mini_subset,scene-1094_013,0.5,9,Car,33.25058241670299,3,3,100.0
nuscenes_mini_subset,scene-1094_013,0.5,10,Car,20.473517322239406,28,28,100.0
nuscenes_mini_subset,scene-1094_013,0.5,11,Car,17.275019616323306,35,35,100.0
nuscenes_mini_subset,scene-1094_013,0.5,12,Car,19.34191790812858,168,168,100.0
nuscenes_mini_subset,scene-1094_013,0.5,13,Car,39.618711938509136,1,1,100.0
nuscenes_mini_subset,scene-1094_013,1,0,Car,14.267685971502194,126,123,97.61904761904762
nuscenes_mini_subset,scene-1094_013,1,1,Car,27.530062996836534,6,6,100.0
nuscenes_mini_subset,scene-1094_013,1,2,Car,32.34590864505086,10,10,100.0
nuscenes_mini_subset,scene-1094_013,1,3,Pedestrian,13.895560418422836,1,0,0.0
nuscenes_mini_subset,scene-1094_013,1,4,Car,36.55907320684907,15,14,93.33333333333333
nuscenes_mini_subset,scene-1094_013,1,5,Car,10.083494869158182,75,61,81.33333333333333
nuscenes_mini_subset,scene-1094_013,1,6,Pedestrian,14.486901810721426,5,5,100.0
nuscenes_mini_subset,scene-1094_013,1,7,Pedestrian,22.535303856514204,0,0,nan
nuscenes_mini_subset,scene-1094_013,1,8,Car,22.371531882736637,14,13,92.85714285714286
nuscenes_mini_subset,scene-1094_013,1,9,Car,33.25058241670299,3,3,100.0
nuscenes_mini_subset,scene-1094_013,1,10,Car,20.473517322239406,28,28,100.0
nuscenes_mini_subset,scene-1094_013,1,11,Car,17.275019616323306,35,35,100.0
nuscenes_mini_subset,scene-1094_013,1,12,Car,19.34191790812858,168,168,100.0
nuscenes_mini_subset,scene-1094_013,1,13,Car,39.618711938509136,1,1,100.0
nuscenes_mini_subset,scene-1094_013,2,0,Car,14.267685971502194,126,110,87.3015873015873
nuscenes_mini_subset,scene-1094_013,2,1,Car,27.530062996836534,6,6,100.0
nuscenes_mini_subset,scene-1094_013,2,2,Car,32.34590864505086,10,8,80.0
nuscenes_mini_subset,scene-1094_013,2,3,Pedestrian,13.895560418422836,1,0,0.0
nuscenes_mini_subset,scene-1094_013,2,4,Car,36.55907320684907,15,8,53.333333333333336
nuscenes_mini_subset,scene-1094_013,2,5,Car,10.083494869158182,75,47,62.666666666666664
nuscenes_mini_subset,scene-1094_013,2,6,Pedestrian,14.486901810721426,5,2,40.0
nuscenes_mini_subset,scene-1094_013,2,7,Pedestrian,22.535303856514204,0,0,nan
nuscenes_mini_subset,scene-1094_013,2,8,Car,22.371531882736637,14,9,64.28571428571429
nuscenes_mini_subset,scene-1094_013,2,9,Car,33.25058241670299,3,3,100.0
nuscenes_mini_subset,scene-1094_013,2,10,Car,20.473517322239406,28,25,89.28571428571429
nuscenes_mini_subset,scene-1094_013,2,11,Car,17.275019616323306,35,35,100.0
nuscenes_mini_subset,scene-1094_013,2,12,Car,19.34191790812858,168,165,98.21428571428571
nuscenes_mini_subset,scene-1094_013,2,13,Car,39.618711938509136,1,0,0.0
nuscenes_mini_subset,scene-1094_013,3,0,Car,14.267685971502194,126,96,76.19047619047619
nuscenes_mini_subset,scene-1094_013,3,1,Car,27.530062996836534,6,6,100.0
nuscenes_mini_subset,scene-1094_013,3,2,Car,32.34590864505086,10,2,20.0
nuscenes_mini_subset,scene-1094_013,3,3,Pedestrian,13.895560418422836,1,0,0.0
nuscenes_mini_subset,scene-1094_013,3,4,Car,36.55907320684907,15,5,33.333333333333336
nuscenes_mini_subset,scene-1094_013,3,5,Car,10.083494869158182,75,33,44.0
nuscenes_mini_subset,scene-1094_013,3,6,Pedestrian,14.486901810721426,5,0,0.0
nuscenes_mini_subset,scene-1094_013,3,7,Pedestrian,22.535303856514204,0,0,nan
nuscenes_mini_subset,scene-1094_013,3,8,Car,22.371531882736637,14,5,35.714285714285715
nuscenes_mini_subset,scene-1094_013,3,9,Car,33.25058241670299,3,1,33.333333333333336
nuscenes_mini_subset,scene-1094_013,3,10,Car,20.473517322239406,28,20,71.42857142857143
nuscenes_mini_subset,scene-1094_013,3,11,Car,17.275019616323306,35,35,100.0
nuscenes_mini_subset,scene-1094_013,3,12,Car,19.34191790812858,168,156,92.85714285714286
nuscenes_mini_subset,scene-1094_013,3,13,Car,39.618711938509136,1,0,0.0
nuscenes_mini_subset,scene-1094_014,-3,0,Car,12.737927369753734,180,159,88.33333333333333
nuscenes_mini_subset,scene-1094_014,-3,1,Car,27.802932095572064,14,6,42.857142857142854
nuscenes_mini_subset,scene-1094_014,-3,2,Car,32.26699950703802,11,6,54.54545454545455
nuscenes_mini_subset,scene-1094_014,-3,3,Car,37.69677609530738,16,10,62.5
nuscenes_mini_subset,scene-1094_014,-3,4,Car,12.291335655909421,99,65,65.65656565656566
nuscenes_mini_subset,scene-1094_014,-3,5,Pedestrian,20.235286776420626,0,0,nan
nuscenes_mini_subset,scene-1094_014,-3,6,Car,21.397240146668594,11,11,100.0
nuscenes_mini_subset,scene-1094_014,-3,7,Car,34.730346047542,3,0,0.0
nuscenes_mini_subset,scene-1094_014,-3,8,Car,15.331394516876326,48,39,81.25
nuscenes_mini_subset,scene-1094_014,-3,9,Car,16.89016827114227,199,180,90.45226130653266
nuscenes_mini_subset,scene-1094_014,-3,10,Car,42.005341770684986,0,0,nan
nuscenes_mini_subset,scene-1094_014,-2,0,Car,12.737927369753734,180,171,95.0
nuscenes_mini_subset,scene-1094_014,-2,1,Car,27.802932095572064,14,8,57.142857142857146
nuscenes_mini_subset,scene-1094_014,-2,2,Car,32.26699950703802,11,11,100.0
nuscenes_mini_subset,scene-1094_014,-2,3,Car,37.69677609530738,16,13,81.25
nuscenes_mini_subset,scene-1094_014,-2,4,Car,12.291335655909421,99,77,77.77777777777777
nuscenes_mini_subset,scene-1094_014,-2,5,Pedestrian,20.235286776420626,0,0,nan
nuscenes_mini_subset,scene-1094_014,-2,6,Car,21.397240146668594,11,11,100.0
nuscenes_mini_subset,scene-1094_014,-2,7,Car,34.730346047542,3,3,100.0
nuscenes_mini_subset,scene-1094_014,-2,8,Car,15.331394516876326,48,44,91.66666666666667
nuscenes_mini_subset,scene-1094_014,-2,9,Car,16.89016827114227,199,190,95.47738693467336
nuscenes_mini_subset,scene-1094_014,-2,10,Car,42.005341770684986,0,0,nan
nuscenes_mini_subset,scene-1094_014,-1,0,Car,12.737927369753734,180,180,100.0
nuscenes_mini_subset,scene-1094_014,-1,1,Car,27.802932095572064,14,12,85.71428571428571
nuscenes_mini_subset,scene-1094_014,-1,2,Car,32.26699950703802,11,11,100.0
nuscenes_mini_subset,scene-1094_014,-1,3,Car,37.69677609530738,16,16,100.0
nuscenes_mini_subset,scene-1094_014,-1,4,Car,12.291335655909421,99,91,91.91919191919192
nuscenes_mini_subset,scene-1094_014,-1,5,Pedestrian,20.235286776420626,0,0,nan
nuscenes_mini_subset,scene-1094_014,-1,6,Car,21.397240146668594,11,11,100.0
nuscenes_mini_subset,scene-1094_014,-1,7,Car,34.730346047542,3,3,100.0
nuscenes_mini_subset,scene-1094_014,-1,8,Car,15.331394516876326,48,48,100.0
nuscenes_mini_subset,scene-1094_014,-1,9,Car,16.89016827114227,199,196,98.49246231155779
nuscenes_mini_subset,scene-1094_014,-1,10,Car,42.005341770684986,0,0,nan
nuscenes_mini_subset,scene-1094_014,-0.5,0,Car,12.737927369753734,180,180,100.0
nuscenes_mini_subset,scene-1094_014,-0.5,1,Car,27.802932095572064,14,14,100.0
nuscenes_mini_subset,scene-1094_014,-0.5,2,Car,32.26699950703802,11,11,100.0
nuscenes_mini_subset,scene-1094_014,-0.5,3,Car,37.69677609530738,16,16,100.0
nuscenes_mini_subset,scene-1094_014,-0.5,4,Car,12.291335655909421,99,98,98.98989898989899
nuscenes_mini_subset,scene-1094_014,-0.5,5,Pedestrian,20.235286776420626,0,0,nan
nuscenes_mini_subset,scene-1094_014,-0.5,6,Car,21.397240146668594,11,11,100.0
nuscenes_mini_subset,scene-1094_014,-0.5,7,Car,34.730346047542,3,3,100.0
nuscenes_mini_subset,scene-1094_014,-0.5,8,Car,15.331394516876326,48,48,100.0
nuscenes_mini_subset,scene-1094_014,-0.5,9,Car,16.89016827114227,199,199,100.0
nuscenes_mini_subset,scene-1094_014,-0.5,10,Car,42.005341770684986,0,0,nan
nuscenes_mini_subset,scene-1094_014,0,0,Car,12.737927369753734,180,180,100.0
nuscenes_mini_subset,scene-1094_014,0,1,Car,27.802932095572064,14,14,100.0
nuscenes_mini_subset,scene-1094_014,0,2,Car,32.26699950703802,11,11,100.0
nuscenes_mini_subset,scene-1094_014,0,3,Car,37.69677609530738,16,16,100.0
nuscenes_mini_subset,scene-1094_014,0,4,Car,12.291335655909421,99,99,100.0
nuscenes_mini_subset,scene-1094_014,0,5,Pedestrian,20.235286776420626,0,0,nan
nuscenes_mini_subset,scene-1094_014,0,6,Car,21.397240146668594,11,11,100.0
nuscenes_mini_subset,scene-1094_014,0,7,Car,34.730346047542,3,3,100.0
nuscenes_mini_subset,scene-1094_014,0,8,Car,15.331394516876326,48,48,100.0
nuscenes_mini_subset,scene-1094_014,0,9,Car,16.89016827114227,199,199,100.0
nuscenes_mini_subset,scene-1094_014,0,10,Car,42.005341770684986,0,0,nan
nuscenes_mini_subset,scene-1094_014,0.5,0,Car,12.737927369753734,180,180,100.0
nuscenes_mini_subset,scene-1094_014,0.5,1,Car,27.802932095572064,14,14,100.0
nuscenes_mini_subset,scene-1094_014,0.5,2,Car,32.26699950703802,11,11,100.0
nuscenes_mini_subset,scene-1094_014,0.5,3,Car,37.69677609530738,16,16,100.0
nuscenes_mini_subset,scene-1094_014,0.5,4,Car,12.291335655909421,99,99,100.0
nuscenes_mini_subset,scene-1094_014,0.5,5,Pedestrian,20.235286776420626,0,0,nan
nuscenes_mini_subset,scene-1094_014,0.5,6,Car,21.397240146668594,11,11,100.0
nuscenes_mini_subset,scene-1094_014,0.5,7,Car,34.730346047542,3,3,100.0
nuscenes_mini_subset,scene-1094_014,0.5,8,Car,15.331394516876326,48,48,100.0
nuscenes_mini_subset,scene-1094_014,0.5,9,Car,16.89016827114227,199,199,100.0
nuscenes_mini_subset,scene-1094_014,0.5,10,Car,42.005341770684986,0,0,nan
nuscenes_mini_subset,scene-1094_014,1,0,Car,12.737927369753734,180,176,97.77777777777777
nuscenes_mini_subset,scene-1094_014,1,1,Car,27.802932095572064,14,14,100.0
nuscenes_mini_subset,scene-1094_014,1,2,Car,32.26699950703802,11,11,100.0
nuscenes_mini_subset,scene-1094_014,1,3,Car,37.69677609530738,16,15,93.75
nuscenes_mini_subset,scene-1094_014,1,4,Car,12.291335655909421,99,95,95.95959595959596
nuscenes_mini_subset,scene-1094_014,1,5,Pedestrian,20.235286776420626,0,0,nan
nuscenes_mini_subset,scene-1094_014,1,6,Car,21.397240146668594,11,10,90.9090909090909
nuscenes_mini_subset,scene-1094_014,1,7,Car,34.730346047542,3,3,100.0
nuscenes_mini_subset,scene-1094_014,1,8,Car,15.331394516876326,48,48,100.0
nuscenes_mini_subset,scene-1094_014,1,9,Car,16.89016827114227,199,199,100.0
nuscenes_mini_subset,scene-1094_014,1,10,Car,42.005341770684986,0,0,nan
nuscenes_mini_subset,scene-1094_014,2,0,Car,12.737927369753734,180,161,89.44444444444444
nuscenes_mini_subset,scene-1094_014,2,1,Car,27.802932095572064,14,13,92.85714285714286
nuscenes_mini_subset,scene-1094_014,2,2,Car,32.26699950703802,11,7,63.63636363636363
nuscenes_mini_subset,scene-1094_014,2,3,Car,37.69677609530738,16,8,50.0
nuscenes_mini_subset,scene-1094_014,2,4,Car,12.291335655909421,99,82,82.82828282828282
nuscenes_mini_subset,scene-1094_014,2,5,Pedestrian,20.235286776420626,0,0,nan
nuscenes_mini_subset,scene-1094_014,2,6,Car,21.397240146668594,11,8,72.72727272727273
nuscenes_mini_subset,scene-1094_014,2,7,Car,34.730346047542,3,2,66.66666666666667
nuscenes_mini_subset,scene-1094_014,2,8,Car,15.331394516876326,48,48,100.0
nuscenes_mini_subset,scene-1094_014,2,9,Car,16.89016827114227,199,195,97.98994974874371
nuscenes_mini_subset,scene-1094_014,2,10,Car,42.005341770684986,0,0,nan
nuscenes_mini_subset,scene-1094_014,3,0,Car,12.737927369753734,180,143,79.44444444444444
nuscenes_mini_subset,scene-1094_014,3,1,Car,27.802932095572064,14,11,78.57142857142857
nuscenes_mini_subset,scene-1094_014,3,2,Car,32.26699950703802,11,1,9.090909090909092
nuscenes_mini_subset,scene-1094_014,3,3,Car,37.69677609530738,16,5,31.25
nuscenes_mini_subset,scene-1094_014,3,4,Car,12.291335655909421,99,74,74.74747474747475
nuscenes_mini_subset,scene-1094_014,3,5,Pedestrian,20.235286776420626,0,0,nan
nuscenes_mini_subset,scene-1094_014,3,6,Car,21.397240146668594,11,5,45.45454545454545
nuscenes_mini_subset,scene-1094_014,3,7,Car,34.730346047542,3,0,0.0
nuscenes_mini_subset,scene-1094_014,3,8,Car,15.331394516876326,48,48,100.0
nuscenes_mini_subset,scene-1094_014,3,9,Car,16.89016827114227,199,187,93.96984924623115
nuscenes_mini_subset,scene-1094_014,3,10,Car,42.005341770684986,0,0,nan
nuscenes_mini_subset,scene-1094_015,-3,0,Car,10.127898445742177,275,219,79.63636363636364
nuscenes_mini_subset,scene-1094_015,-3,1,Car,26.148670803319305,18,11,61.111111111111114
nuscenes_mini_subset,scene-1094_015,-3,2,Car,30.044955949993696,13,7,53.84615384615385
nuscenes_mini_subset,scene-1094_015,-3,3,Car,36.35344687147077,16,10,62.5
nuscenes_mini_subset,scene-1094_015,-3,4,Car,14.379459655075326,86,60,69.76744186046511
nuscenes_mini_subset,scene-1094_015,-3,5,Car,18.86551659299333,28,28,100.0
nuscenes_mini_subset,scene-1094_015,-3,6,Car,33.85670594459076,3,0,0.0
nuscenes_mini_subset,scene-1094_015,-3,7,Pedestrian,45.441190125970365,1,0,0.0
nuscenes_mini_subset,scene-1094_015,-3,8,Car,12.14877361497429,1,0,0.0
nuscenes_mini_subset,scene-1094_015,-3,9,Car,13.115818773823154,43,12,27.906976744186046
nuscenes_mini_subset,scene-1094_015,-3,10,Car,41.44094590698445,1,0,0.0
nuscenes_mini_subset,scene-1094_015,-2,0,Car,10.127898445742177,275,239,86.9090909090909
nuscenes_mini_subset,scene-1094_015,-2,1,Car,26.148670803319305,18,14,77.77777777777777
nuscenes_mini_subset,scene-1094_015,-2,2,Car,30.044955949993696,13,12,92.3076923076923
nuscenes_mini_subset,scene-1094_015,-2,3,Car,36.35344687147077,16,13,81.25
nuscenes_mini_subset,scene-1094_015,-2,4,Car,14.379459655075326,86,71,82.55813953488372
nuscenes_mini_subset,scene-1094_015,-2,5,Car,18.86551659299333,28,28,100.0
nuscenes_mini_subset,scene-1094_015,-2,6,Car,33.85670594459076,3,3,100.0
nuscenes_mini_subset,scene-1094_015,-2,7,Pedestrian,45.441190125970365,1,0,0.0
nuscenes_mini_subset,scene-1094_015,-2,8,Car,12.14877361497429,1,0,0.0
nuscenes_mini_subset,scene-1094_015,-2,9,Car,13.115818773823154,43,20,46.51162790697674
nuscenes_mini_subset,scene-1094_015,-2,10,Car,41.44094590698445,1,1,100.0
nuscenes_mini_subset,scene-1094_015,-1,0,Car,10.127898445742177,275,257,93.45454545454545
nuscenes_mini_subset,scene-1094_015,-1,1,Car,26.148670803319305,18,17,94.44444444444444
nuscenes_mini_subset,scene-1094_015,-1,2,Car,30.044955949993696,13,13,100.0
nuscenes_mini_subset,scene-1094_015,-1,3,Car,36.35344687147077,16,16,100.0
nuscenes_mini_subset,scene-1094_015,-1,4,Car,14.379459655075326,86,82,95.34883720930233
nuscenes_mini_subset,scene-1094_015,-1,5,Car,18.86551659299333,28,28,100.0
nuscenes_mini_subset,scene-1094_015,-1,6,Car,33.85670594459076,3,3,100.0
nuscenes_mini_subset,scene-1094_015,-1,7,Pedestrian,45.441190125970365,1,0,0.0
nuscenes_mini_subset,scene-1094_015,-1,8,Car,12.14877361497429,1,0,0.0
nuscenes_mini_subset,scene-1094_015,-1,9,Car,13.115818773823154,43,31,72.09302325581395
nuscenes_mini_subset,scene-1094_015,-1,10,Car,41.44094590698445,1,1,100.0
nuscenes_mini_subset,scene-1094_015,-0.5,0,Car,10.127898445742177,275,268,97.45454545454545
nuscenes_mini_subset,scene-1094_015,-0.5,1,Car,26.148670803319305,18,18,100.0
nuscenes_mini_subset,scene-1094_015,-0.5,2,Car,30.044955949993696,13,13,100.0
nuscenes_mini_subset,scene-1094_015,-0.5,3,Car,36.35344687147077,16,16,100.0
nuscenes_mini_subset,scene-1094_015,-0.5,4,Car,14.379459655075326,86,85,98.83720930232558
nuscenes_mini_subset,scene-1094_015,-0.5,5,Car,18.86551659299333,28,28,100.0
nuscenes_mini_subset,scene-1094_015,-0.5,6,Car,33.85670594459076,3,3,100.0
nuscenes_mini_subset,scene-1094_015,-0.5,7,Pedestrian,45.441190125970365,1,0,0.0
nuscenes_mini_subset,scene-1094_015,-0.5,8,Car,12.14877361497429,1,1,100.0
nuscenes_mini_subset,scene-1094_015,-0.5,9,Car,13.115818773823154,43,39,90.69767441860465
nuscenes_mini_subset,scene-1094_015,-0.5,10,Car,41.44094590698445,1,1,100.0
nuscenes_mini_subset,scene-1094_015,0,0,Car,10.127898445742177,275,275,100.0
nuscenes_mini_subset,scene-1094_015,0,1,Car,26.148670803319305,18,18,100.0
nuscenes_mini_subset,scene-1094_015,0,2,Car,30.044955949993696,13,13,100.0
nuscenes_mini_subset,scene-1094_015,0,3,Car,36.35344687147077,16,16,100.0
nuscenes_mini_subset,scene-1094_015,0,4,Car,14.379459655075326,86,86,100.0
nuscenes_mini_subset,scene-1094_015,0,5,Car,18.86551659299333,28,28,100.0
nuscenes_mini_subset,scene-1094_015,0,6,Car,33.85670594459076,3,3,100.0
nuscenes_mini_subset,scene-1094_015,0,7,Pedestrian,45.441190125970365,1,1,100.0
nuscenes_mini_subset,scene-1094_015,0,8,Car,12.14877361497429,1,1,100.0
nuscenes_mini_subset,scene-1094_015,0,9,Car,13.115818773823154,43,43,100.0
nuscenes_mini_subset,scene-1094_015,0,10,Car,41.44094590698445,1,1,100.0
nuscenes_mini_subset,scene-1094_015,0.5,0,Car,10.127898445742177,275,275,100.0
nuscenes_mini_subset,scene-1094_015,0.5,1,Car,26.148670803319305,18,18,100.0
nuscenes_mini_subset,scene-1094_015,0.5,2,Car,30.044955949993696,13,13,100.0
nuscenes_mini_subset,scene-1094_015,0.5,3,Car,36.35344687147077,16,16,100.0
nuscenes_mini_subset,scene-1094_015,0.5,4,Car,14.379459655075326,86,84,97.67441860465117
nuscenes_mini_subset,scene-1094_015,0.5,5,Car,18.86551659299333,28,26,92.85714285714286
nuscenes_mini_subset,scene-1094_015,0.5,6,Car,33.85670594459076,3,3,100.0
nuscenes_mini_subset,scene-1094_015,0.5,7,Pedestrian,45.441190125970365,1,0,0.0
nuscenes_mini_subset,scene-1094_015,0.5,8,Car,12.14877361497429,1,1,100.0
nuscenes_mini_subset,scene-1094_015,0.5,9,Car,13.115818773823154,43,43,100.0
nuscenes_mini_subset,scene-1094_015,0.5,10,Car,41.44094590698445,1,1,100.0
nuscenes_mini_subset,scene-1094_015,1,0,Car,10.127898445742177,275,272,98.9090909090909
nuscenes_mini_subset,scene-1094_015,1,1,Car,26.148670803319305,18,18,100.0
nuscenes_mini_subset,scene-1094_015,1,2,Car,30.044955949993696,13,13,100.0
nuscenes_mini_subset,scene-1094_015,1,3,Car,36.35344687147077,16,15,93.75
nuscenes_mini_subset,scene-1094_015,1,4,Car,14.379459655075326,86,78,90.69767441860465
nuscenes_mini_subset,scene-1094_015,1,5,Car,18.86551659299333,28,24,85.71428571428571
nuscenes_mini_subset,scene-1094_015,1,6,Car,33.85670594459076,3,3,100.0
nuscenes_mini_subset,scene-1094_015,1,7,Pedestrian,45.441190125970365,1,0,0.0
nuscenes_mini_subset,scene-1094_015,1,8,Car,12.14877361497429,1,1,100.0
nuscenes_mini_subset,scene-1094_015,1,9,Car,13.115818773823154,43,43,100.0
nuscenes_mini_subset,scene-1094_015,1,10,Car,41.44094590698445,1,1,100.0
nuscenes_mini_subset,scene-1094_015,2,0,Car,10.127898445742177,275,259,94.18181818181819
nuscenes_mini_subset,scene-1094_015,2,1,Car,26.148670803319305,18,16,88.88888888888889
nuscenes_mini_subset,scene-1094_015,2,2,Car,30.044955949993696,13,12,92.3076923076923
nuscenes_mini_subset,scene-1094_015,2,3,Car,36.35344687147077,16,9,56.25
nuscenes_mini_subset,scene-1094_015,2,4,Car,14.379459655075326,86,76,88.37209302325581
nuscenes_mini_subset,scene-1094_015,2,5,Car,18.86551659299333,28,20,71.42857142857143
nuscenes_mini_subset,scene-1094_015,2,6,Car,33.85670594459076,3,3,100.0
nuscenes_mini_subset,scene-1094_015,2,7,Pedestrian,45.441190125970365,1,0,0.0
nuscenes_mini_subset,scene-1094_015,2,8,Car,12.14877361497429,1,1,100.0
nuscenes_mini_subset,scene-1094_015,2,9,Car,13.115818773823154,43,37,86.04651162790698
nuscenes_mini_subset,scene-1094_015,2,10,Car,41.44094590698445,1,0,0.0
nuscenes_mini_subset,scene-1094_015,3,0,Car,10.127898445742177,275,241,87.63636363636364
nuscenes_mini_subset,scene-1094_015,3,1,Car,26.148670803319305,18,15,83.33333333333333
nuscenes_mini_subset,scene-1094_015,3,2,Car,30.044955949993696,13,6,46.15384615384615
nuscenes_mini_subset,scene-1094_015,3,3,Car,36.35344687147077,16,6,37.5
nuscenes_mini_subset,scene-1094_015,3,4,Car,14.379459655075326,86,64,74.4186046511628
nuscenes_mini_subset,scene-1094_015,3,5,Car,18.86551659299333,28,14,50.0
nuscenes_mini_subset,scene-1094_015,3,6,Car,33.85670594459076,3,0,0.0
nuscenes_mini_subset,scene-1094_015,3,7,Pedestrian,45.441190125970365,1,0,0.0
nuscenes_mini_subset,scene-1094_015,3,8,Car,12.14877361497429,1,1,100.0
nuscenes_mini_subset,scene-1094_015,3,9,Car,13.115818773823154,43,29,67.44186046511628
nuscenes_mini_subset,scene-1094_015,3,10,Car,41.44094590698445,1,0,0.0
nuscenes_mini_subset,scene-1094_016,-3,0,Car,6.901149897640537,16,0,0.0
nuscenes_mini_subset,scene-1094_016,-3,1,Car,23.055057097869998,22,17,77.27272727272727
nuscenes_mini_subset,scene-1094_016,-3,2,Car,26.397104846442588,20,12,60.0
nuscenes_mini_subset,scene-1094_016,-3,3,Car,33.11949091361104,17,13,76.47058823529412
nuscenes_mini_subset,scene-1094_016,-3,4,Car,15.879511611282755,72,44,61.111111111111114
nuscenes_mini_subset,scene-1094_016,-3,5,Car,15.378747877510085,23,13,56.52173913043478
nuscenes_mini_subset,scene-1094_016,-3,6,Car,31.072846144543952,7,1,14.285714285714286
nuscenes_mini_subset,scene-1094_016,-3,7,Pedestrian,45.40959613687033,2,0,0.0
nuscenes_mini_subset,scene-1094_016,-3,8,Car,39.188135324481344,0,0,nan
nuscenes_mini_subset,scene-1094_016,-2,0,Car,6.901149897640537,16,0,0.0
nuscenes_mini_subset,scene-1094_016,-2,1,Car,23.055057097869998,22,21,95.45454545454545
nuscenes_mini_subset,scene-1094_016,-2,2,Car,26.397104846442588,20,18,90.0
nuscenes_mini_subset,scene-1094_016,-2,3,Car,33.11949091361104,17,16,94.11764705882354
nuscenes_mini_subset,scene-1094_016,-2,4,Car,15.879511611282755,72,56,77.77777777777777
nuscenes_mini_subset,scene-1094_016,-2,5,Car,15.378747877510085,23,21,91.30434782608695
nuscenes_mini_subset,scene-1094_016,-2,6,Car,31.072846144543952,7,4,57.142857142857146
nuscenes_mini_subset,scene-1094_016,-2,7,Pedestrian,45.40959613687033,2,0,0.0
nuscenes_mini_subset,scene-1094_016,-2,8,Car,39.188135324481344,0,0,nan
nuscenes_mini_subset,scene-1094_016,-1,0,Car,6.901149897640537,16,0,0.0
nuscenes_mini_subset,scene-1094_016,-1,1,Car,23.055057097869998,22,22,100.0
nuscenes_mini_subset,scene-1094_016,-1,2,Car,26.397104846442588,20,20,100.0
nuscenes_mini_subset,scene-1094_016,-1,3,Car,33.11949091361104,17,17,100.0
nuscenes_mini_subset,scene-1094_016,-1,4,Car,15.879511611282755,72,68,94.44444444444444
nuscenes_mini_subset,scene-1094_016,-1,5,Car,15.378747877510085,23,23,100.0
nuscenes_mini_subset,scene-1094_016,-1,6,Car,31.072846144543952,7,7,100.0
nuscenes_mini_subset,scene-1094_016,-1,7,Pedestrian,45.40959613687033,2,0,0.0
nuscenes_mini_subset,scene-1094_016,-1,8,Car,39.188135324481344,0,0,nan
nuscenes_mini_subset,scene-1094_016,-0.5,0,Car,6.901149897640537,16,5,31.25
nuscenes_mini_subset,scene-1094_016,-0.5,1,Car,23.055057097869998,22,22,100.0
nuscenes_mini_subset,scene-1094_016,-0.5,2,Car,26.397104846442588,20,20,100.0
nuscenes_mini_subset,scene-1094_016,-0.5,3,Car,33.11949091361104,17,17,100.0
nuscenes_mini_subset,scene-1094_016,-0.5,4,Car,15.879511611282755,72,71,98.61111111111111
nuscenes_mini_subset,scene-1094_016,-0.5,5,Car,15.378747877510085,23,23,100.0
nuscenes_mini_subset,scene-1094_016,-0.5,6,Car,31.072846144543952,7,7,100.0
nuscenes_mini_subset,scene-1094_016,-0.5,7,Pedestrian,45.40959613687033,2,1,50.0
nuscenes_mini_subset,scene-1094_016,-0.5,8,Car,39.188135324481344,0,0,nan
nuscenes_mini_subset,scene-1094_016,0,0,Car,6.901149897640537,16,15,93.75
nuscenes_mini_subset,scene-1094_016,0,1,Car,23.055057097869998,22,22,100.0
nuscenes_mini_subset,scene-1094_016,0,2,Car,26.397104846442588,20,20,100.0
nuscenes_mini_subset,scene-1094_016,0,3,Car,33.11949091361104,17,17,100.0
nuscenes_mini_subset,scene-1094_016,0,4,Car,15.879511611282755,72,72,100.0
nuscenes_mini_subset,scene-1094_016,0,5,Car,15.378747877510085,23,23,100.0
nuscenes_mini_subset,scene-1094_016,0,6,Car,31.072846144543952,7,7,100.0
nuscenes_mini_subset,scene-1094_016,0,7,Pedestrian,45.40959613687033,2,2,100.0
nuscenes_mini_subset,scene-1094_016,0,8,Car,39.188135324481344,0,0,nan
nuscenes_mini_subset,scene-1094_016,0.5,0,Car,6.901149897640537,16,16,100.0
nuscenes_mini_subset,scene-1094_016,0.5,1,Car,23.055057097869998,22,22,100.0
nuscenes_mini_subset,scene-1094_016,0.5,2,Car,26.397104846442588,20,20,100.0
nuscenes_mini_subset,scene-1094_016,0.5,3,Car,33.11949091361104,17,17,100.0
nuscenes_mini_subset,scene-1094_016,0.5,4,Car,15.879511611282755,72,71,98.61111111111111
nuscenes_mini_subset,scene-1094_016,0.5,5,Car,15.378747877510085,23,23,100.0
nuscenes_mini_subset,scene-1094_016,0.5,6,Car,31.072846144543952,7,7,100.0
nuscenes_mini_subset,scene-1094_016,0.5,7,Pedestrian,45.40959613687033,2,1,50.0
nuscenes_mini_subset,scene-1094_016,0.5,8,Car,39.188135324481344,0,0,nan
nuscenes_mini_subset,scene-1094_016,1,0,Car,6.901149897640537,16,6,37.5
nuscenes_mini_subset,scene-1094_016,1,1,Car,23.055057097869998,22,22,100.0
nuscenes_mini_subset,scene-1094_016,1,2,Car,26.397104846442588,20,20,100.0
nuscenes_mini_subset,scene-1094_016,1,3,Car,33.11949091361104,17,14,82.3529411764706
nuscenes_mini_subset,scene-1094_016,1,4,Car,15.879511611282755,72,68,94.44444444444444
nuscenes_mini_subset,scene-1094_016,1,5,Car,15.378747877510085,23,23,100.0
nuscenes_mini_subset,scene-1094_016,1,6,Car,31.072846144543952,7,7,100.0
nuscenes_mini_subset,scene-1094_016,1,7,Pedestrian,45.40959613687033,2,0,0.0
nuscenes_mini_subset,scene-1094_016,1,8,Car,39.188135324481344,0,0,nan
nuscenes_mini_subset,scene-1094_016,2,0,Car,6.901149897640537,16,0,0.0
nuscenes_mini_subset,scene-1094_016,2,1,Car,23.055057097869998,22,19,86.36363636363636
nuscenes_mini_subset,scene-1094_016,2,2,Car,26.397104846442588,20,19,95.0
nuscenes_mini_subset,scene-1094_016,2,3,Car,33.11949091361104,17,9,52.94117647058823
nuscenes_mini_subset,scene-1094_016,2,4,Car,15.879511611282755,72,61,84.72222222222223
nuscenes_mini_subset,scene-1094_016,2,5,Car,15.378747877510085,23,22,95.65217391304348
nuscenes_mini_subset,scene-1094_016,2,6,Car,31.072846144543952,7,7,100.0
nuscenes_mini_subset,scene-1094_016,2,7,Pedestrian,45.40959613687033,2,0,0.0
nuscenes_mini_subset,scene-1094_016,2,8,Car,39.188135324481344,0,0,nan
nuscenes_mini_subset,scene-1094_016,3,0,Car,6.901149897640537,16,0,0.0
nuscenes_mini_subset,scene-1094_016,3,1,Car,23.055057097869998,22,16,72.72727272727273
nuscenes_mini_subset,scene-1094_016,3,2,Car,26.397104846442588,20,11,55.0
nuscenes_mini_subset,scene-1094_016,3,3,Car,33.11949091361104,17,6,35.294117647058826
nuscenes_mini_subset,scene-1094_016,3,4,Car,15.879511611282755,72,53,73.61111111111111
nuscenes_mini_subset,scene-1094_016,3,5,Car,15.378747877510085,23,22,95.65217391304348
nuscenes_mini_subset,scene-1094_016,3,6,Car,31.072846144543952,7,4,57.142857142857146
nuscenes_mini_subset,scene-1094_016,3,7,Pedestrian,45.40959613687033,2,0,0.0
nuscenes_mini_subset,scene-1094_016,3,8,Car,39.188135324481344,0,0,nan
nuscenes_mini_subset,scene-1094_017,-3,0,Car,20.02570776625959,27,21,77.77777777777777
nuscenes_mini_subset,scene-1094_017,-3,1,Car,23.156500093434122,22,14,63.63636363636363
nuscenes_mini_subset,scene-1094_017,-3,2,Car,29.967672597735007,16,11,68.75
nuscenes_mini_subset,scene-1094_017,-3,3,Car,17.155228781129416,64,34,53.125
nuscenes_mini_subset,scene-1094_017,-3,4,Car,12.268295851548709,7,0,0.0
nuscenes_mini_subset,scene-1094_017,-3,5,Car,28.076877579525853,6,3,50.0
nuscenes_mini_subset,scene-1094_017,-3,6,Pedestrian,42.88006924330643,3,0,0.0
nuscenes_mini_subset,scene-1094_017,-3,7,Car,36.37857609691371,1,0,0.0
nuscenes_mini_subset,scene-1094_017,-2,0,Car,20.02570776625959,27,24,88.88888888888889
nuscenes_mini_subset,scene-1094_017,-2,1,Car,23.156500093434122,22,19,86.36363636363636
nuscenes_mini_subset,scene-1094_017,-2,2,Car,29.967672597735007,16,14,87.5
nuscenes_mini_subset,scene-1094_017,-2,3,Car,17.155228781129416,64,44,68.75
nuscenes_mini_subset,scene-1094_017,-2,4,Car,12.268295851548709,7,0,0.0
nuscenes_mini_subset,scene-1094_017,-2,5,Car,28.076877579525853,6,5,83.33333333333333
nuscenes_mini_subset,scene-1094_017,-2,6,Pedestrian,42.88006924330643,3,0,0.0
nuscenes_mini_subset,scene-1094_017,-2,7,Car,36.37857609691371,1,1,100.0
nuscenes_mini_subset,scene-1094_017,-1,0,Car,20.02570776625959,27,26,96.29629629629629
nuscenes_mini_subset,scene-1094_017,-1,1,Car,23.156500093434122,22,22,100.0
nuscenes_mini_subset,scene-1094_017,-1,2,Car,29.967672597735007,16,16,100.0
nuscenes_mini_subset,scene-1094_017,-1,3,Car,17.155228781129416,64,55,85.9375
nuscenes_mini_subset,scene-1094_017,-1,4,Car,12.268295851548709,7,1,14.285714285714286
nuscenes_mini_subset,scene-1094_017,-1,5,Car,28.076877579525853,6,5,83.33333333333333
nuscenes_mini_subset,scene-1094_017,-1,6,Pedestrian,42.88006924330643,3,0,0.0
nuscenes_mini_subset,scene-1094_017,-1,7,Car,36.37857609691371,1,1,100.0
nuscenes_mini_subset,scene-1094_017,-0.5,0,Car,20.02570776625959,27,27,100.0
nuscenes_mini_subset,scene-1094_017,-0.5,1,Car,23.156500093434122,22,22,100.0
nuscenes_mini_subset,scene-1094_017,-0.5,2,Car,29.967672597735007,16,16,100.0
nuscenes_mini_subset,scene-1094_017,-0.5,3,Car,17.155228781129416,64,62,96.875
nuscenes_mini_subset,scene-1094_017,-0.5,4,Car,12.268295851548709,7,2,28.571428571428573
nuscenes_mini_subset,scene-1094_017,-0.5,5,Car,28.076877579525853,6,6,100.0
nuscenes_mini_subset,scene-1094_017,-0.5,6,Pedestrian,42.88006924330643,3,2,66.66666666666667
nuscenes_mini_subset,scene-1094_017,-0.5,7,Car,36.37857609691371,1,1,100.0
nuscenes_mini_subset,scene-1094_017,0,0,Car,20.02570776625959,27,27,100.0
nuscenes_mini_subset,scene-1094_017,0,1,Car,23.156500093434122,22,22,100.0
nuscenes_mini_subset,scene-1094_017,0,2,Car,29.967672597735007,16,16,100.0
nuscenes_mini_subset,scene-1094_017,0,3,Car,17.155228781129416,64,64,100.0
nuscenes_mini_subset,scene-1094_017,0,4,Car,12.268295851548709,7,7,100.0
nuscenes_mini_subset,scene-1094_017,0,5,Car,28.076877579525853,6,6,100.0
nuscenes_mini_subset,scene-1094_017,0,6,Pedestrian,42.88006924330643,3,3,100.0
nuscenes_mini_subset,scene-1094_017,0,7,Car,36.37857609691371,1,1,100.0
nuscenes_mini_subset,scene-1094_017,0.5,0,Car,20.02570776625959,27,27,100.0
nuscenes_mini_subset,scene-1094_017,0.5,1,Car,23.156500093434122,22,22,100.0
nuscenes_mini_subset,scene-1094_017,0.5,2,Car,29.967672597735007,16,16,100.0
nuscenes_mini_subset,scene-1094_017,0.5,3,Car,17.155228781129416,64,63,98.4375
nuscenes_mini_subset,scene-1094_017,0.5,4,Car,12.268295851548709,7,7,100.0
nuscenes_mini_subset,scene-1094_017,0.5,5,Car,28.076877579525853,6,6,100.0
nuscenes_mini_subset,scene-1094_017,0.5,6,Pedestrian,42.88006924330643,3,1,33.333333333333336
nuscenes_mini_subset,scene-1094_017,0.5,7,Car,36.37857609691371,1,1,100.0
nuscenes_mini_subset,scene-1094_017,1,0,Car,20.02570776625959,27,27,100.0
nuscenes_mini_subset,scene-1094_017,1,1,Car,23.156500093434122,22,22,100.0
nuscenes_mini_subset,scene-1094_017,1,2,Car,29.967672597735007,16,16,100.0
nuscenes_mini_subset,scene-1094_017,1,3,Car,17.155228781129416,64,56,87.5
nuscenes_mini_subset,scene-1094_017,1,4,Car,12.268295851548709,7,7,100.0
nuscenes_mini_subset,scene-1094_017,1,5,Car,28.076877579525853,6,6,100.0
nuscenes_mini_subset,scene-1094_017,1,6,Pedestrian,42.88006924330643,3,0,0.0
nuscenes_mini_subset,scene-1094_017,1,7,Car,36.37857609691371,1,1,100.0
nuscenes_mini_subset,scene-1094_017,2,0,Car,20.02570776625959,27,24,88.88888888888889
nuscenes_mini_subset,scene-1094_017,2,1,Car,23.156500093434122,22,21,95.45454545454545
nuscenes_mini_subset,scene-1094_017,2,2,Car,29.967672597735007,16,14,87.5
nuscenes_mini_subset,scene-1094_017,2,3,Car,17.155228781129416,64,52,81.25
nuscenes_mini_subset,scene-1094_017,2,4,Car,12.268295851548709,7,3,42.857142857142854
nuscenes_mini_subset,scene-1094_017,2,5,Car,28.076877579525853,6,6,100.0
nuscenes_mini_subset,scene-1094_017,2,6,Pedestrian,42.88006924330643,3,0,0.0
nuscenes_mini_subset,scene-1094_017,2,7,Car,36.37857609691371,1,1,100.0
nuscenes_mini_subset,scene-1094_017,3,0,Car,20.02570776625959,27,21,77.77777777777777
nuscenes_mini_subset,scene-1094_017,3,1,Car,23.156500093434122,22,17,77.27272727272727
nuscenes_mini_subset,scene-1094_017,3,2,Car,29.967672597735007,16,9,56.25
nuscenes_mini_subset,scene-1094_017,3,3,Car,17.155228781129416,64,40,62.5
nuscenes_mini_subset,scene-1094_017,3,4,Car,12.268295851548709,7,0,0.0
nuscenes_mini_subset,scene-1094_017,3,5,Car,28.076877579525853,6,3,50.0
nuscenes_mini_subset,scene-1094_017,3,6,Pedestrian,42.88006924330643,3,0,0.0
nuscenes_mini_subset,scene-1094_017,3,7,Car,36.37857609691371,1,0,0.0
nuscenes_mini_subset,scene-1094_018,-3,0,Car,16.934305388382157,42,25,59.523809523809526
nuscenes_mini_subset,scene-1094_018,-3,1,Car,19.954175917000477,2,0,0.0
nuscenes_mini_subset,scene-1094_018,-3,2,Car,26.80718957951744,10,10,100.0
nuscenes_mini_subset,scene-1094_018,-3,3,Car,18.15613851640718,43,23,53.48837209302326
nuscenes_mini_subset,scene-1094_018,-3,4,Car,25.002427279811858,3,2,66.66666666666667
nuscenes_mini_subset,scene-1094_018,-3,5,Pedestrian,39.75839529620481,2,0,0.0
nuscenes_mini_subset,scene-1094_018,-3,6,Motorcycle,35.816446663472526,3,0,0.0
nuscenes_mini_subset,scene-1094_018,-3,7,Car,33.02706141568237,2,0,0.0
nuscenes_mini_subset,scene-1094_018,-2,0,Car,16.934305388382157,42,32,76.19047619047619
nuscenes_mini_subset,scene-1094_018,-2,1,Car,19.954175917000477,2,0,0.0
nuscenes_mini_subset,scene-1094_018,-2,2,Car,26.80718957951744,10,10,100.0
nuscenes_mini_subset,scene-1094_018,-2,3,Car,18.15613851640718,43,31,72.09302325581395
nuscenes_mini_subset,scene-1094_018,-2,4,Car,25.002427279811858,3,2,66.66666666666667
nuscenes_mini_subset,scene-1094_018,-2,5,Pedestrian,39.75839529620481,2,0,0.0
nuscenes_mini_subset,scene-1094_018,-2,6,Motorcycle,35.816446663472526,3,0,0.0
nuscenes_mini_subset,scene-1094_018,-2,7,Car,33.02706141568237,2,2,100.0
nuscenes_mini_subset,scene-1094_018,-1,0,Car,16.934305388382157,42,36,85.71428571428571
nuscenes_mini_subset,scene-1094_018,-1,1,Car,19.954175917000477,2,0,0.0
nuscenes_mini_subset,scene-1094_018,-1,2,Car,26.80718957951744,10,10,100.0
nuscenes_mini_subset,scene-1094_018,-1,3,Car,18.15613851640718,43,39,90.69767441860465
nuscenes_mini_subset,scene-1094_018,-1,4,Car,25.002427279811858,3,3,100.0
nuscenes_mini_subset,scene-1094_018,-1,5,Pedestrian,39.75839529620481,2,0,0.0
nuscenes_mini_subset,scene-1094_018,-1,6,Motorcycle,35.816446663472526,3,2,66.66666666666667
nuscenes_mini_subset,scene-1094_018,-1,7,Car,33.02706141568237,2,2,100.0
nuscenes_mini_subset,scene-1094_018,-0.5,0,Car,16.934305388382157,42,39,92.85714285714286
nuscenes_mini_subset,scene-1094_018,-0.5,1,Car,19.954175917000477,2,0,0.0
nuscenes_mini_subset,scene-1094_018,-0.5,2,Car,26.80718957951744,10,10,100.0
nuscenes_mini_subset,scene-1094_018,-0.5,3,Car,18.15613851640718,43,43,100.0
nuscenes_mini_subset,scene-1094_018,-0.5,4,Car,25.002427279811858,3,3,100.0
nuscenes_mini_subset,scene-1094_018,-0.5,5,Pedestrian,39.75839529620481,2,1,50.0
nuscenes_mini_subset,scene-1094_018,-0.5,6,Motorcycle,35.816446663472526,3,3,100.0
nuscenes_mini_subset,scene-1094_018,-0.5,7,Car,33.02706141568237,2,2,100.0
nuscenes_mini_subset,scene-1094_018,0,0,Car,16.934305388382157,42,42,100.0
nuscenes_mini_subset,scene-1094_018,0,1,Car,19.954175917000477,2,2,100.0
nuscenes_mini_subset,scene-1094_018,0,2,Car,26.80718957951744,10,10,100.0
nuscenes_mini_subset,scene-1094_018,0,3,Car,18.15613851640718,43,43,100.0
nuscenes_mini_subset,scene-1094_018,0,4,Car,25.002427279811858,3,3,100.0
nuscenes_mini_subset,scene-1094_018,0,5,Pedestrian,39.75839529620481,2,2,100.0
nuscenes_mini_subset,scene-1094_018,0,6,Motorcycle,35.816446663472526,3,3,100.0
nuscenes_mini_subset,scene-1094_018,0,7,Car,33.02706141568237,2,2,100.0
nuscenes_mini_subset,scene-1094_018,0.5,0,Car,16.934305388382157,42,42,100.0
nuscenes_mini_subset,scene-1094_018,0.5,1,Car,19.954175917000477,2,2,100.0
nuscenes_mini_subset,scene-1094_018,0.5,2,Car,26.80718957951744,10,10,100.0
nuscenes_mini_subset,scene-1094_018,0.5,3,Car,18.15613851640718,43,40,93.02325581395348
nuscenes_mini_subset,scene-1094_018,0.5,4,Car,25.002427279811858,3,3,100.0
nuscenes_mini_subset,scene-1094_018,0.5,5,Pedestrian,39.75839529620481,2,1,50.0
nuscenes_mini_subset,scene-1094_018,0.5,6,Motorcycle,35.816446663472526,3,3,100.0
nuscenes_mini_subset,scene-1094_018,0.5,7,Car,33.02706141568237,2,2,100.0
nuscenes_mini_subset,scene-1094_018,1,0,Car,16.934305388382157,42,41,97.61904761904762
nuscenes_mini_subset,scene-1094_018,1,1,Car,19.954175917000477,2,2,100.0
nuscenes_mini_subset,scene-1094_018,1,2,Car,26.80718957951744,10,8,80.0
nuscenes_mini_subset,scene-1094_018,1,3,Car,18.15613851640718,43,40,93.02325581395348
nuscenes_mini_subset,scene-1094_018,1,4,Car,25.002427279811858,3,3,100.0
nuscenes_mini_subset,scene-1094_018,1,5,Pedestrian,39.75839529620481,2,0,0.0
nuscenes_mini_subset,scene-1094_018,1,6,Motorcycle,35.816446663472526,3,2,66.66666666666667
nuscenes_mini_subset,scene-1094_018,1,7,Car,33.02706141568237,2,2,100.0
nuscenes_mini_subset,scene-1094_018,2,0,Car,16.934305388382157,42,39,92.85714285714286
nuscenes_mini_subset,scene-1094_018,2,1,Car,19.954175917000477,2,2,100.0
nuscenes_mini_subset,scene-1094_018,2,2,Car,26.80718957951744,10,8,80.0
nuscenes_mini_subset,scene-1094_018,2,3,Car,18.15613851640718,43,32,74.4186046511628
nuscenes_mini_subset,scene-1094_018,2,4,Car,25.002427279811858,3,3,100.0
nuscenes_mini_subset,scene-1094_018,2,5,Pedestrian,39.75839529620481,2,0,0.0
nuscenes_mini_subset,scene-1094_018,2,6,Motorcycle,35.816446663472526,3,0,0.0
nuscenes_mini_subset,scene-1094_018,2,7,Car,33.02706141568237,2,2,100.0
nuscenes_mini_subset,scene-1094_018,3,0,Car,16.934305388382157,42,36,85.71428571428571
nuscenes_mini_subset,scene-1094_018,3,1,Car,19.954175917000477,2,1,50.0
nuscenes_mini_subset,scene-1094_018,3,2,Car,26.80718957951744,10,5,50.0
nuscenes_mini_subset,scene-1094_018,3,3,Car,18.15613851640718,43,22,51.16279069767442
nuscenes_mini_subset,scene-1094_018,3,4,Car,25.002427279811858,3,3,100.0
nuscenes_mini_subset,scene-1094_018,3,5,Pedestrian,39.75839529620481,2,0,0.0
nuscenes_mini_subset,scene-1094_018,3,6,Motorcycle,35.816446663472526,3,0,0.0
nuscenes_mini_subset,scene-1094_018,3,7,Car,33.02706141568237,2,0,0.0
nuscenes_mini_subset,scene-1094_019,-3,0,Car,13.628188340413221,20,5,25.0
nuscenes_mini_subset,scene-1094_019,-3,1,Car,23.450680812786164,36,32,88.88888888888889
nuscenes_mini_subset,scene-1094_019,-3,2,Car,19.159628273465728,43,26,60.46511627906977
nuscenes_mini_subset,scene-1094_019,-3,3,Car,21.697843302115928,14,8,57.142857142857146
nuscenes_mini_subset,scene-1094_019,-3,4,Car,92.41952490571838,0,0,nan
nuscenes_mini_subset,scene-1094_019,-3,5,Pedestrian,36.205286241706936,3,0,0.0
nuscenes_mini_subset,scene-1094_019,-3,6,Motorcycle,28.7945014139634,2,0,0.0
nuscenes_mini_subset,scene-1094_019,-3,7,Pedestrian,49.8857060567199,1,0,0.0
nuscenes_mini_subset,scene-1094_019,-3,8,Car,29.429047988236892,3,0,0.0
nuscenes_mini_subset,scene-1094_019,-2,0,Car,13.628188340413221,20,11,55.0
nuscenes_mini_subset,scene-1094_019,-2,1,Car,23.450680812786164,36,35,97.22222222222223
nuscenes_mini_subset,scene-1094_019,-2,2,Car,19.159628273465728,43,34,79.06976744186046
nuscenes_mini_subset,scene-1094_019,-2,3,Car,21.697843302115928,14,11,78.57142857142857
nuscenes_mini_subset,scene-1094_019,-2,4,Car,92.41952490571838,0,0,nan
nuscenes_mini_subset,scene-1094_019,-2,5,Pedestrian,36.205286241706936,3,0,0.0
nuscenes_mini_subset,scene-1094_019,-2,6,Motorcycle,28.7945014139634,2,0,0.0
nuscenes_mini_subset,scene-1094_019,-2,7,Pedestrian,49.8857060567199,1,0,0.0
nuscenes_mini_subset,scene-1094_019,-2,8,Car,29.429047988236892,3,0,0.0
nuscenes_mini_subset,scene-1094_019,-1,0,Car,13.628188340413221,20,16,80.0
nuscenes_mini_subset,scene-1094_019,-1,1,Car,23.450680812786164,36,36,100.0
nuscenes_mini_subset,scene-1094_019,-1,2,Car,19.159628273465728,43,40,93.02325581395348
nuscenes_mini_subset,scene-1094_019,-1,3,Car,21.697843302115928,14,14,100.0
nuscenes_mini_subset,scene-1094_019,-1,4,Car,92.41952490571838,0,0,nan
nuscenes_mini_subset,scene-1094_019,-1,5,Pedestrian,36.205286241706936,3,0,0.0
nuscenes_mini_subset,scene-1094_019,-1,6,Motorcycle,28.7945014139634,2,2,100.0
nuscenes_mini_subset,scene-1094_019,-1,7,Pedestrian,49.8857060567199,1,0,0.0
nuscenes_mini_subset,scene-1094_019,-1,8,Car,29.429047988236892,3,2,66.66666666666667
nuscenes_mini_subset,scene-1094_019,-0.5,0,Car,13.628188340413221,20,19,95.0
nuscenes_mini_subset,scene-1094_019,-0.5,1,Car,23.450680812786164,36,36,100.0
nuscenes_mini_subset,scene-1094_019,-0.5,2,Car,19.159628273465728,43,42,97.67441860465117
nuscenes_mini_subset,scene-1094_019,-0.5,3,Car,21.697843302115928,14,14,100.0
nuscenes_mini_subset,scene-1094_019,-0.5,4,Car,92.41952490571838,0,0,nan
nuscenes_mini_subset,scene-1094_019,-0.5,5,Pedestrian,36.205286241706936,3,2,66.66666666666667
nuscenes_mini_subset,scene-1094_019,-0.5,6,Motorcycle,28.7945014139634,2,2,100.0
nuscenes_mini_subset,scene-1094_019,-0.5,7,Pedestrian,49.8857060567199,1,1,100.0
nuscenes_mini_subset,scene-1094_019,-0.5,8,Car,29.429047988236892,3,3,100.0
nuscenes_mini_subset,scene-1094_019,0,0,Car,13.628188340413221,20,20,100.0
nuscenes_mini_subset,scene-1094_019,0,1,Car,23.450680812786164,36,36,100.0
nuscenes_mini_subset,scene-1094_019,0,2,Car,19.159628273465728,43,43,100.0
nuscenes_mini_subset,scene-1094_019,0,3,Car,21.697843302115928,14,14,100.0
nuscenes_mini_subset,scene-1094_019,0,4,Car,92.41952490571838,0,0,nan
nuscenes_mini_subset,scene-1094_019,0,5,Pedestrian,36.205286241706936,3,3,100.0
nuscenes_mini_subset,scene-1094_019,0,6,Motorcycle,28.7945014139634,2,2,100.0
nuscenes_mini_subset,scene-1094_019,0,7,Pedestrian,49.8857060567199,1,1,100.0
nuscenes_mini_subset,scene-1094_019,0,8,Car,29.429047988236892,3,3,100.0
nuscenes_mini_subset,scene-1094_019,0.5,0,Car,13.628188340413221,20,20,100.0
nuscenes_mini_subset,scene-1094_019,0.5,1,Car,23.450680812786164,36,36,100.0
nuscenes_mini_subset,scene-1094_019,0.5,2,Car,19.159628273465728,43,39,90.69767441860465
nuscenes_mini_subset,scene-1094_019,0.5,3,Car,21.697843302115928,14,14,100.0
nuscenes_mini_subset,scene-1094_019,0.5,4,Car,92.41952490571838,0,0,nan
nuscenes_mini_subset,scene-1094_019,0.5,5,Pedestrian,36.205286241706936,3,1,33.333333333333336
nuscenes_mini_subset,scene-1094_019,0.5,6,Motorcycle,28.7945014139634,2,2,100.0
nuscenes_mini_subset,scene-1094_019,0.5,7,Pedestrian,49.8857060567199,1,0,0.0
nuscenes_mini_subset,scene-1094_019,0.5,8,Car,29.429047988236892,3,3,100.0
nuscenes_mini_subset,scene-1094_019,1,0,Car,13.628188340413221,20,19,95.0
nuscenes_mini_subset,scene-1094_019,1,1,Car,23.450680812786164,36,35,97.22222222222223
nuscenes_mini_subset,scene-1094_019,1,2,Car,19.159628273465728,43,37,86.04651162790698
nuscenes_mini_subset,scene-1094_019,1,3,Car,21.697843302115928,14,12,85.71428571428571
nuscenes_mini_subset,scene-1094_019,1,4,Car,92.41952490571838,0,0,nan
nuscenes_mini_subset,scene-1094_019,1,5,Pedestrian,36.205286241706936,3,0,0.0
nuscenes_mini_subset,scene-1094_019,1,6,Motorcycle,28.7945014139634,2,1,50.0
nuscenes_mini_subset,scene-1094_019,1,7,Pedestrian,49.8857060567199,1,0,0.0
nuscenes_mini_subset,scene-1094_019,1,8,Car,29.429047988236892,3,3,100.0
nuscenes_mini_subset,scene-1094_019,2,0,Car,13.628188340413221,20,15,75.0
nuscenes_mini_subset,scene-1094_019,2,1,Car,23.450680812786164,36,32,88.88888888888889
nuscenes_mini_subset,scene-1094_019,2,2,Car,19.159628273465728,43,28,65.11627906976744
nuscenes_mini_subset,scene-1094_019,2,3,Car,21.697843302115928,14,11,78.57142857142857
nuscenes_mini_subset,scene-1094_019,2,4,Car,92.41952490571838,0,0,nan
nuscenes_mini_subset,scene-1094_019,2,5,Pedestrian,36.205286241706936,3,0,0.0
nuscenes_mini_subset,scene-1094_019,2,6,Motorcycle,28.7945014139634,2,0,0.0
nuscenes_mini_subset,scene-1094_019,2,7,Pedestrian,49.8857060567199,1,0,0.0
nuscenes_mini_subset,scene-1094_019,2,8,Car,29.429047988236892,3,3,100.0
nuscenes_mini_subset,scene-1094_019,3,0,Car,13.628188340413221,20,8,40.0
nuscenes_mini_subset,scene-1094_019,3,1,Car,23.450680812786164,36,26,72.22222222222223
nuscenes_mini_subset,scene-1094_019,3,2,Car,19.159628273465728,43,17,39.53488372093023
nuscenes_mini_subset,scene-1094_019,3,3,Car,21.697843302115928,14,11,78.57142857142857
nuscenes_mini_subset,scene-1094_019,3,4,Car,92.41952490571838,0,0,nan
nuscenes_mini_subset,scene-1094_019,3,5,Pedestrian,36.205286241706936,3,0,0.0
nuscenes_mini_subset,scene-1094_019,3,6,Motorcycle,28.7945014139634,2,0,0.0
nuscenes_mini_subset,scene-1094_019,3,7,Pedestrian,49.8857060567199,1,0,0.0
nuscenes_mini_subset,scene-1094_019,3,8,Car,29.429047988236892,3,3,100.0
nuscenes_mini_subset,scene-1094_020,-3,0,Car,98.8317783126774,0,0,nan
nuscenes_mini_subset,scene-1094_020,-3,1,Car,20.357535048666815,21,4,19.047619047619047
nuscenes_mini_subset,scene-1094_020,-3,2,Pedestrian,60.77976034986672,2,0,0.0
nuscenes_mini_subset,scene-1094_020,-3,3,Car,20.013162452766043,37,19,51.351351351351354
nuscenes_mini_subset,scene-1094_020,-3,4,Car,18.652270387229976,25,18,72.0
nuscenes_mini_subset,scene-1094_020,-3,5,Car,86.28451461887673,0,0,nan
nuscenes_mini_subset,scene-1094_020,-3,6,Pedestrian,32.95264680727032,4,0,0.0
nuscenes_mini_subset,scene-1094_020,-3,7,Motorcycle,22.399814214919157,7,0,0.0
nuscenes_mini_subset,scene-1094_020,-3,8,Pedestrian,46.56652785290829,1,0,0.0
nuscenes_mini_subset,scene-1094_020,-3,9,Car,26.12470664558806,0,0,nan
nuscenes_mini_subset,scene-1094_020,-2,0,Car,98.8317783126774,0,0,nan
nuscenes_mini_subset,scene-1094_020,-2,1,Car,20.357535048666815,21,8,38.095238095238095
nuscenes_mini_subset,scene-1094_020,-2,2,Pedestrian,60.77976034986672,2,0,0.0
nuscenes_mini_subset,scene-1094_020,-2,3,Car,20.013162452766043,37,27,72.97297297297297
nuscenes_mini_subset,scene-1094_020,-2,4,Car,18.652270387229976,25,21,84.0
nuscenes_mini_subset,scene-1094_020,-2,5,Car,86.28451461887673,0,0,nan
nuscenes_mini_subset,scene-1094_020,-2,6,Pedestrian,32.95264680727032,4,0,0.0
nuscenes_mini_subset,scene-1094_020,-2,7,Motorcycle,22.399814214919157,7,1,14.285714285714286
nuscenes_mini_subset,scene-1094_020,-2,8,Pedestrian,46.56652785290829,1,0,0.0
nuscenes_mini_subset,scene-1094_020,-2,9,Car,26.12470664558806,0,0,nan
nuscenes_mini_subset,scene-1094_020,-1,0,Car,98.8317783126774,0,0,nan
nuscenes_mini_subset,scene-1094_020,-1,1,Car,20.357535048666815,21,13,61.904761904761905
nuscenes_mini_subset,scene-1094_020,-1,2,Pedestrian,60.77976034986672,2,0,0.0
nuscenes_mini_subset,scene-1094_020,-1,3,Car,20.013162452766043,37,35,94.5945945945946
nuscenes_mini_subset,scene-1094_020,-1,4,Car,18.652270387229976,25,24,96.0
nuscenes_mini_subset,scene-1094_020,-1,5,Car,86.28451461887673,0,0,nan
nuscenes_mini_subset,scene-1094_020,-1,6,Pedestrian,32.95264680727032,4,0,0.0
nuscenes_mini_subset,scene-1094_020,-1,7,Motorcycle,22.399814214919157,7,7,100.0
nuscenes_mini_subset,scene-1094_020,-1,8,Pedestrian,46.56652785290829,1,0,0.0
nuscenes_mini_subset,scene-1094_020,-1,9,Car,26.12470664558806,0,0,nan
nuscenes_mini_subset,scene-1094_020,-0.5,0,Car,98.8317783126774,0,0,nan
nuscenes_mini_subset,scene-1094_020,-0.5,1,Car,20.357535048666815,21,15,71.42857142857143
nuscenes_mini_subset,scene-1094_020,-0.5,2,Pedestrian,60.77976034986672,2,1,50.0
nuscenes_mini_subset,scene-1094_020,-0.5,3,Car,20.013162452766043,37,37,100.0
nuscenes_mini_subset,scene-1094_020,-0.5,4,Car,18.652270387229976,25,25,100.0
nuscenes_mini_subset,scene-1094_020,-0.5,5,Car,86.28451461887673,0,0,nan
nuscenes_mini_subset,scene-1094_020,-0.5,6,Pedestrian,32.95264680727032,4,2,50.0
nuscenes_mini_subset,scene-1094_020,-0.5,7,Motorcycle,22.399814214919157,7,7,100.0
nuscenes_mini_subset,scene-1094_020,-0.5,8,Pedestrian,46.56652785290829,1,1,100.0
nuscenes_mini_subset,scene-1094_020,-0.5,9,Car,26.12470664558806,0,0,nan
nuscenes_mini_subset,scene-1094_020,0,0,Car,98.8317783126774,0,0,nan
nuscenes_mini_subset,scene-1094_020,0,1,Car,20.357535048666815,21,21,100.0
nuscenes_mini_subset,scene-1094_020,0,2,Pedestrian,60.77976034986672,2,2,100.0
nuscenes_mini_subset,scene-1094_020,0,3,Car,20.013162452766043,37,37,100.0
nuscenes_mini_subset,scene-1094_020,0,4,Car,18.652270387229976,25,25,100.0
nuscenes_mini_subset,scene-1094_020,0,5,Car,86.28451461887673,0,0,nan
nuscenes_mini_subset,scene-1094_020,0,6,Pedestrian,32.95264680727032,4,4,100.0
nuscenes_mini_subset,scene-1094_020,0,7,Motorcycle,22.399814214919157,7,7,100.0
nuscenes_mini_subset,scene-1094_020,0,8,Pedestrian,46.56652785290829,1,1,100.0
nuscenes_mini_subset,scene-1094_020,0,9,Car,26.12470664558806,0,0,nan
nuscenes_mini_subset,scene-1094_020,0.5,0,Car,98.8317783126774,0,0,nan
nuscenes_mini_subset,scene-1094_020,0.5,1,Car,20.357535048666815,21,21,100.0
nuscenes_mini_subset,scene-1094_020,0.5,2,Pedestrian,60.77976034986672,2,1,50.0
nuscenes_mini_subset,scene-1094_020,0.5,3,Car,20.013162452766043,37,34,91.89189189189189
nuscenes_mini_subset,scene-1094_020,0.5,4,Car,18.652270387229976,25,25,100.0
nuscenes_mini_subset,scene-1094_020,0.5,5,Car,86.28451461887673,0,0,nan
nuscenes_mini_subset,scene-1094_020,0.5,6,Pedestrian,32.95264680727032,4,2,50.0
nuscenes_mini_subset,scene-1094_020,0.5,7,Motorcycle,22.399814214919157,7,7,100.0
nuscenes_mini_subset,scene-1094_020,0.5,8,Pedestrian,46.56652785290829,1,0,0.0
nuscenes_mini_subset,scene-1094_020,0.5,9,Car,26.12470664558806,0,0,nan
nuscenes_mini_subset,scene-1094_020,1,0,Car,98.8317783126774,0,0,nan
nuscenes_mini_subset,scene-1094_020,1,1,Car,20.357535048666815,21,21,100.0
nuscenes_mini_subset,scene-1094_020,1,2,Pedestrian,60.77976034986672,2,0,0.0
nuscenes_mini_subset,scene-1094_020,1,3,Car,20.013162452766043,37,31,83.78378378378379
nuscenes_mini_subset,scene-1094_020,1,4,Car,18.652270387229976,25,25,100.0
nuscenes_mini_subset,scene-1094_020,1,5,Car,86.28451461887673,0,0,nan
nuscenes_mini_subset,scene-1094_020,1,6,Pedestrian,32.95264680727032,4,0,0.0
nuscenes_mini_subset,scene-1094_020,1,7,Motorcycle,22.399814214919157,7,6,85.71428571428571
nuscenes_mini_subset,scene-1094_020,1,8,Pedestrian,46.56652785290829,1,0,0.0
nuscenes_mini_subset,scene-1094_020,1,9,Car,26.12470664558806,0,0,nan
nuscenes_mini_subset,scene-1094_020,2,0,Car,98.8317783126774,0,0,nan
nuscenes_mini_subset,scene-1094_020,2,1,Car,20.357535048666815,21,18,85.71428571428571
nuscenes_mini_subset,scene-1094_020,2,2,Pedestrian,60.77976034986672,2,0,0.0
nuscenes_mini_subset,scene-1094_020,2,3,Car,20.013162452766043,37,22,59.45945945945946
nuscenes_mini_subset,scene-1094_020,2,4,Car,18.652270387229976,25,23,92.0
nuscenes_mini_subset,scene-1094_020,2,5,Car,86.28451461887673,0,0,nan
nuscenes_mini_subset,scene-1094_020,2,6,Pedestrian,32.95264680727032,4,0,0.0
nuscenes_mini_subset,scene-1094_020,2,7,Motorcycle,22.399814214919157,7,3,42.857142857142854
nuscenes_mini_subset,scene-1094_020,2,8,Pedestrian,46.56652785290829,1,0,0.0
nuscenes_mini_subset,scene-1094_020,2,9,Car,26.12470664558806,0,0,nan
nuscenes_mini_subset,scene-1094_020,3,0,Car,98.8317783126774,0,0,nan
nuscenes_mini_subset,scene-1094_020,3,1,Car,20.357535048666815,21,15,71.42857142857143
nuscenes_mini_subset,scene-1094_020,3,2,Pedestrian,60.77976034986672,2,0,0.0
nuscenes_mini_subset,scene-1094_020,3,3,Car,20.013162452766043,37,16,43.24324324324324
nuscenes_mini_subset,scene-1094_020,3,4,Car,18.652270387229976,25,20,80.0
nuscenes_mini_subset,scene-1094_020,3,5,Car,86.28451461887673,0,0,nan
nuscenes_mini_subset,scene-1094_020,3,6,Pedestrian,32.95264680727032,4,0,0.0
nuscenes_mini_subset,scene-1094_020,3,7,Motorcycle,22.399814214919157,7,0,0.0
nuscenes_mini_subset,scene-1094_020,3,8,Pedestrian,46.56652785290829,1,0,0.0
nuscenes_mini_subset,scene-1094_020,3,9,Car,26.12470664558806,0,0,nan
nuscenes_mini_subset,scene-1094_021,-3,0,Car,90.04487244181297,0,0,nan
nuscenes_mini_subset,scene-1094_021,-3,1,Car,16.720908755464603,0,0,nan
nuscenes_mini_subset,scene-1094_021,-3,2,Pedestrian,57.598923162351255,0,0,nan
nuscenes_mini_subset,scene-1094_021,-3,3,Car,20.95213539428704,40,19,47.5
nuscenes_mini_subset,scene-1094_021,-3,4,Car,15.050549955774166,24,4,16.666666666666668
nuscenes_mini_subset,scene-1094_021,-3,5,Car,79.2508314452676,0,0,nan
nuscenes_mini_subset,scene-1094_021,-3,6,Pedestrian,29.026920294190553,4,0,0.0
nuscenes_mini_subset,scene-1094_021,-3,7,Motorcycle,15.224346294155552,16,8,50.0
nuscenes_mini_subset,scene-1094_021,-3,8,Pedestrian,42.5522333555463,1,0,0.0
nuscenes_mini_subset,scene-1094_021,-3,9,Car,22.237203276996013,3,3,100.0
nuscenes_mini_subset,scene-1094_021,-2,0,Car,90.04487244181297,0,0,nan
nuscenes_mini_subset,scene-1094_021,-2,1,Car,16.720908755464603,0,0,nan
nuscenes_mini_subset,scene-1094_021,-2,2,Pedestrian,57.598923162351255,0,0,nan
nuscenes_mini_subset,scene-1094_021,-2,3,Car,20.95213539428704,40,28,70.0
nuscenes_mini_subset,scene-1094_021,-2,4,Car,15.050549955774166,24,13,54.166666666666664
nuscenes_mini_subset,scene-1094_021,-2,5,Car,79.2508314452676,0,0,nan
nuscenes_mini_subset,scene-1094_021,-2,6,Pedestrian,29.026920294190553,4,0,0.0
nuscenes_mini_subset,scene-1094_021,-2,7,Motorcycle,15.224346294155552,16,13,81.25
nuscenes_mini_subset,scene-1094_021,-2,8,Pedestrian,42.5522333555463,1,0,0.0
nuscenes_mini_subset,scene-1094_021,-2,9,Car,22.237203276996013,3,3,100.0
nuscenes_mini_subset,scene-1094_021,-1,0,Car,90.04487244181297,0,0,nan
nuscenes_mini_subset,scene-1094_021,-1,1,Car,16.720908755464603,0,0,nan
nuscenes_mini_subset,scene-1094_021,-1,2,Pedestrian,57.598923162351255,0,0,nan
nuscenes_mini_subset,scene-1094_021,-1,3,Car,20.95213539428704,40,35,87.5
nuscenes_mini_subset,scene-1094_021,-1,4,Car,15.050549955774166,24,20,83.33333333333333
nuscenes_mini_subset,scene-1094_021,-1,5,Car,79.2508314452676,0,0,nan
nuscenes_mini_subset,scene-1094_021,-1,6,Pedestrian,29.026920294190553,4,1,25.0
nuscenes_mini_subset,scene-1094_021,-1,7,Motorcycle,15.224346294155552,16,16,100.0
nuscenes_mini_subset,scene-1094_021,-1,8,Pedestrian,42.5522333555463,1,0,0.0
nuscenes_mini_subset,scene-1094_021,-1,9,Car,22.237203276996013,3,3,100.0
nuscenes_mini_subset,scene-1094_021,-0.5,0,Car,90.04487244181297,0,0,nan
nuscenes_mini_subset,scene-1094_021,-0.5,1,Car,16.720908755464603,0,0,nan
nuscenes_mini_subset,scene-1094_021,-0.5,2,Pedestrian,57.598923162351255,0,0,nan
nuscenes_mini_subset,scene-1094_021,-0.5,3,Car,20.95213539428704,40,40,100.0
nuscenes_mini_subset,scene-1094_021,-0.5,4,Car,15.050549955774166,24,22,91.66666666666667
nuscenes_mini_subset,scene-1094_021,-0.5,5,Car,79.2508314452676,0,0,nan
nuscenes_mini_subset,scene-1094_021,-0.5,6,Pedestrian,29.026920294190553,4,3,75.0
nuscenes_mini_subset,scene-1094_021,-0.5,7,Motorcycle,15.224346294155552,16,16,100.0
nuscenes_mini_subset,scene-1094_021,-0.5,8,Pedestrian,42.5522333555463,1,1,100.0
nuscenes_mini_subset,scene-1094_021,-0.5,9,Car,22.237203276996013,3,3,100.0
nuscenes_mini_subset,scene-1094_021,0,0,Car,90.04487244181297,0,0,nan
nuscenes_mini_subset,scene-1094_021,0,1,Car,16.720908755464603,0,0,nan
nuscenes_mini_subset,scene-1094_021,0,2,Pedestrian,57.598923162351255,0,0,nan
nuscenes_mini_subset,scene-1094_021,0,3,Car,20.95213539428704,40,40,100.0
nuscenes_mini_subset,scene-1094_021,0,4,Car,15.050549955774166,24,24,100.0
nuscenes_mini_subset,scene-1094_021,0,5,Car,79.2508314452676,0,0,nan
nuscenes_mini_subset,scene-1094_021,0,6,Pedestrian,29.026920294190553,4,4,100.0
nuscenes_mini_subset,scene-1094_021,0,7,Motorcycle,15.224346294155552,16,16,100.0
nuscenes_mini_subset,scene-1094_021,0,8,Pedestrian,42.5522333555463,1,1,100.0
nuscenes_mini_subset,scene-1094_021,0,9,Car,22.237203276996013,3,3,100.0
nuscenes_mini_subset,scene-1094_021,0.5,0,Car,90.04487244181297,0,0,nan
nuscenes_mini_subset,scene-1094_021,0.5,1,Car,16.720908755464603,0,0,nan
nuscenes_mini_subset,scene-1094_021,0.5,2,Pedestrian,57.598923162351255,0,0,nan
nuscenes_mini_subset,scene-1094_021,0.5,3,Car,20.95213539428704,40,36,90.0
nuscenes_mini_subset,scene-1094_021,0.5,4,Car,15.050549955774166,24,24,100.0
nuscenes_mini_subset,scene-1094_021,0.5,5,Car,79.2508314452676,0,0,nan
nuscenes_mini_subset,scene-1094_021,0.5,6,Pedestrian,29.026920294190553,4,3,75.0
nuscenes_mini_subset,scene-1094_021,0.5,7,Motorcycle,15.224346294155552,16,16,100.0
nuscenes_mini_subset,scene-1094_021,0.5,8,Pedestrian,42.5522333555463,1,0,0.0
nuscenes_mini_subset,scene-1094_021,0.5,9,Car,22.237203276996013,3,3,100.0
nuscenes_mini_subset,scene-1094_021,1,0,Car,90.04487244181297,0,0,nan
nuscenes_mini_subset,scene-1094_021,1,1,Car,16.720908755464603,0,0,nan
nuscenes_mini_subset,scene-1094_021,1,2,Pedestrian,57.598923162351255,0,0,nan
nuscenes_mini_subset,scene-1094_021,1,3,Car,20.95213539428704,40,33,82.5
nuscenes_mini_subset,scene-1094_021,1,4,Car,15.050549955774166,24,24,100.0
nuscenes_mini_subset,scene-1094_021,1,5,Car,79.2508314452676,0,0,nan
nuscenes_mini_subset,scene-1094_021,1,6,Pedestrian,29.026920294190553,4,1,25.0
nuscenes_mini_subset,scene-1094_021,1,7,Motorcycle,15.224346294155552,16,15,93.75
nuscenes_mini_subset,scene-1094_021,1,8,Pedestrian,42.5522333555463,1,0,0.0
nuscenes_mini_subset,scene-1094_021,1,9,Car,22.237203276996013,3,3,100.0
nuscenes_mini_subset,scene-1094_021,2,0,Car,90.04487244181297,0,0,nan
nuscenes_mini_subset,scene-1094_021,2,1,Car,16.720908755464603,0,0,nan
nuscenes_mini_subset,scene-1094_021,2,2,Pedestrian,57.598923162351255,0,0,nan
nuscenes_mini_subset,scene-1094_021,2,3,Car,20.95213539428704,40,24,60.0
nuscenes_mini_subset,scene-1094_021,2,4,Car,15.050549955774166,24,17,70.83333333333333
nuscenes_mini_subset,scene-1094_021,2,5,Car,79.2508314452676,0,0,nan
nuscenes_mini_subset,scene-1094_021,2,6,Pedestrian,29.026920294190553,4,0,0.0
nuscenes_mini_subset,scene-1094_021,2,7,Motorcycle,15.224346294155552,16,11,68.75
nuscenes_mini_subset,scene-1094_021,2,8,Pedestrian,42.5522333555463,1,0,0.0
nuscenes_mini_subset,scene-1094_021,2,9,Car,22.237203276996013,3,2,66.66666666666667
nuscenes_mini_subset,scene-1094_021,3,0,Car,90.04487244181297,0,0,nan
nuscenes_mini_subset,scene-1094_021,3,1,Car,16.720908755464603,0,0,nan
nuscenes_mini_subset,scene-1094_021,3,2,Pedestrian,57.598923162351255,0,0,nan
nuscenes_mini_subset,scene-1094_021,3,3,Car,20.95213539428704,40,15,37.5
nuscenes_mini_subset,scene-1094_021,3,4,Car,15.050549955774166,24,9,37.5
nuscenes_mini_subset,scene-1094_021,3,5,Car,79.2508314452676,0,0,nan
nuscenes_mini_subset,scene-1094_021,3,6,Pedestrian,29.026920294190553,4,0,0.0
nuscenes_mini_subset,scene-1094_021,3,7,Motorcycle,15.224346294155552,16,7,43.75
nuscenes_mini_subset,scene-1094_021,3,8,Pedestrian,42.5522333555463,1,0,0.0
nuscenes_mini_subset,scene-1094_021,3,9,Car,22.237203276996013,3,1,33.333333333333336
nuscenes_mini_subset,scene-1094_022,-3,0,Pedestrian,40.327153498402105,1,0,0.0
nuscenes_mini_subset,scene-1094_022,-3,1,Car,81.04163814842417,0,0,nan
nuscenes_mini_subset,scene-1094_022,-3,2,Pedestrian,54.29270734540086,0,0,nan
nuscenes_mini_subset,scene-1094_022,-3,3,Car,21.81727921879607,23,10,43.47826086956522
nuscenes_mini_subset,scene-1094_022,-3,4,Pedestrian,37.38345353532296,2,0,0.0
nuscenes_mini_subset,scene-1094_022,-3,5,Car,72.03254781888738,0,0,nan
nuscenes_mini_subset,scene-1094_022,-3,6,Pedestrian,24.795725841077793,5,0,0.0
nuscenes_mini_subset,scene-1094_022,-3,7,Pedestrian,38.22003881907479,1,0,0.0
nuscenes_mini_subset,scene-1094_022,-3,8,Car,18.181997529648406,24,18,75.0
nuscenes_mini_subset,scene-1094_022,-2,0,Pedestrian,40.327153498402105,1,0,0.0
nuscenes_mini_subset,scene-1094_022,-2,1,Car,81.04163814842417,0,0,nan
nuscenes_mini_subset,scene-1094_022,-2,2,Pedestrian,54.29270734540086,0,0,nan
nuscenes_mini_subset,scene-1094_022,-2,3,Car,21.81727921879607,23,16,69.56521739130434
nuscenes_mini_subset,scene-1094_022,-2,4,Pedestrian,37.38345353532296,2,0,0.0
nuscenes_mini_subset,scene-1094_022,-2,5,Car,72.03254781888738,0,0,nan
nuscenes_mini_subset,scene-1094_022,-2,6,Pedestrian,24.795725841077793,5,0,0.0
nuscenes_mini_subset,scene-1094_022,-2,7,Pedestrian,38.22003881907479,1,0,0.0
nuscenes_mini_subset,scene-1094_022,-2,8,Car,18.181997529648406,24,23,95.83333333333333
nuscenes_mini_subset,scene-1094_022,-1,0,Pedestrian,40.327153498402105,1,0,0.0
nuscenes_mini_subset,scene-1094_022,-1,1,Car,81.04163814842417,0,0,nan
nuscenes_mini_subset,scene-1094_022,-1,2,Pedestrian,54.29270734540086,0,0,nan
nuscenes_mini_subset,scene-1094_022,-1,3,Car,21.81727921879607,23,21,91.30434782608695
nuscenes_mini_subset,scene-1094_022,-1,4,Pedestrian,37.38345353532296,2,0,0.0
nuscenes_mini_subset,scene-1094_022,-1,5,Car,72.03254781888738,0,0,nan
nuscenes_mini_subset,scene-1094_022,-1,6,Pedestrian,24.795725841077793,5,1,20.0
nuscenes_mini_subset,scene-1094_022,-1,7,Pedestrian,38.22003881907479,1,0,0.0
nuscenes_mini_subset,scene-1094_022,-1,8,Car,18.181997529648406,24,24,100.0
nuscenes_mini_subset,scene-1094_022,-0.5,0,Pedestrian,40.327153498402105,1,0,0.0
nuscenes_mini_subset,scene-1094_022,-0.5,1,Car,81.04163814842417,0,0,nan
nuscenes_mini_subset,scene-1094_022,-0.5,2,Pedestrian,54.29270734540086,0,0,nan
nuscenes_mini_subset,scene-1094_022,-0.5,3,Car,21.81727921879607,23,23,100.0
nuscenes_mini_subset,scene-1094_022,-0.5,4,Pedestrian,37.38345353532296,2,2,100.0
nuscenes_mini_subset,scene-1094_022,-0.5,5,Car,72.03254781888738,0,0,nan
nuscenes_mini_subset,scene-1094_022,-0.5,6,Pedestrian,24.795725841077793,5,4,80.0
nuscenes_mini_subset,scene-1094_022,-0.5,7,Pedestrian,38.22003881907479,1,1,100.0
nuscenes_mini_subset,scene-1094_022,-0.5,8,Car,18.181997529648406,24,24,100.0
nuscenes_mini_subset,scene-1094_022,0,0,Pedestrian,40.327153498402105,1,1,100.0
nuscenes_mini_subset,scene-1094_022,0,1,Car,81.04163814842417,0,0,nan
nuscenes_mini_subset,scene-1094_022,0,2,Pedestrian,54.29270734540086,0,0,nan
nuscenes_mini_subset,scene-1094_022,0,3,Car,21.81727921879607,23,23,100.0
nuscenes_mini_subset,scene-1094_022,0,4,Pedestrian,37.38345353532296,2,2,100.0
nuscenes_mini_subset,scene-1094_022,0,5,Car,72.03254781888738,0,0,nan
nuscenes_mini_subset,scene-1094_022,0,6,Pedestrian,24.795725841077793,5,5,100.0
nuscenes_mini_subset,scene-1094_022,0,7,Pedestrian,38.22003881907479,1,1,100.0
nuscenes_mini_subset,scene-1094_022,0,8,Car,18.181997529648406,24,24,100.0
nuscenes_mini_subset,scene-1094_022,0.5,0,Pedestrian,40.327153498402105,1,1,100.0
nuscenes_mini_subset,scene-1094_022,0.5,1,Car,81.04163814842417,0,0,nan
nuscenes_mini_subset,scene-1094_022,0.5,2,Pedestrian,54.29270734540086,0,0,nan
nuscenes_mini_subset,scene-1094_022,0.5,3,Car,21.81727921879607,23,20,86.95652173913044
nuscenes_mini_subset,scene-1094_022,0.5,4,Pedestrian,37.38345353532296,2,1,50.0
nuscenes_mini_subset,scene-1094_022,0.5,5,Car,72.03254781888738,0,0,nan
nuscenes_mini_subset,scene-1094_022,0.5,6,Pedestrian,24.795725841077793,5,4,80.0
nuscenes_mini_subset,scene-1094_022,0.5,7,Pedestrian,38.22003881907479,1,0,0.0
nuscenes_mini_subset,scene-1094_022,0.5,8,Car,18.181997529648406,24,24,100.0
nuscenes_mini_subset,scene-1094_022,1,0,Pedestrian,40.327153498402105,1,1,100.0
nuscenes_mini_subset,scene-1094_022,1,1,Car,81.04163814842417,0,0,nan
nuscenes_mini_subset,scene-1094_022,1,2,Pedestrian,54.29270734540086,0,0,nan
nuscenes_mini_subset,scene-1094_022,1,3,Car,21.81727921879607,23,20,86.95652173913044
nuscenes_mini_subset,scene-1094_022,1,4,Pedestrian,37.38345353532296,2,0,0.0
nuscenes_mini_subset,scene-1094_022,1,5,Car,72.03254781888738,0,0,nan
nuscenes_mini_subset,scene-1094_022,1,6,Pedestrian,24.795725841077793,5,2,40.0
nuscenes_mini_subset,scene-1094_022,1,7,Pedestrian,38.22003881907479,1,0,0.0
nuscenes_mini_subset,scene-1094_022,1,8,Car,18.181997529648406,24,24,100.0
nuscenes_mini_subset,scene-1094_022,2,0,Pedestrian,40.327153498402105,1,0,0.0
nuscenes_mini_subset,scene-1094_022,2,1,Car,81.04163814842417,0,0,nan
nuscenes_mini_subset,scene-1094_022,2,2,Pedestrian,54.29270734540086,0,0,nan
nuscenes_mini_subset,scene-1094_022,2,3,Car,21.81727921879607,23,15,65.21739130434783
nuscenes_mini_subset,scene-1094_022,2,4,Pedestrian,37.38345353532296,2,0,0.0
nuscenes_mini_subset,scene-1094_022,2,5,Car,72.03254781888738,0,0,nan
nuscenes_mini_subset,scene-1094_022,2,6,Pedestrian,24.795725841077793,5,0,0.0
nuscenes_mini_subset,scene-1094_022,2,7,Pedestrian,38.22003881907479,1,0,0.0
nuscenes_mini_subset,scene-1094_022,2,8,Car,18.181997529648406,24,23,95.83333333333333
nuscenes_mini_subset,scene-1094_022,3,0,Pedestrian,40.327153498402105,1,0,0.0
nuscenes_mini_subset,scene-1094_022,3,1,Car,81.04163814842417,0,0,nan
nuscenes_mini_subset,scene-1094_022,3,2,Pedestrian,54.29270734540086,0,0,nan
nuscenes_mini_subset,scene-1094_022,3,3,Car,21.81727921879607,23,9,39.130434782608695
nuscenes_mini_subset,scene-1094_022,3,4,Pedestrian,37.38345353532296,2,0,0.0
nuscenes_mini_subset,scene-1094_022,3,5,Car,72.03254781888738,0,0,nan
nuscenes_mini_subset,scene-1094_022,3,6,Pedestrian,24.795725841077793,5,0,0.0
nuscenes_mini_subset,scene-1094_022,3,7,Pedestrian,38.22003881907479,1,0,0.0
nuscenes_mini_subset,scene-1094_022,3,8,Car,18.181997529648406,24,20,83.33333333333333
nuscenes_mini_subset,scene-1094_023,-3,0,Pedestrian,36.50954210249815,3,0,0.0
nuscenes_mini_subset,scene-1094_023,-3,1,Car,70.813718151395,0,0,nan
nuscenes_mini_subset,scene-1094_023,-3,2,Pedestrian,50.38616206959841,1,0,0.0
nuscenes_mini_subset,scene-1094_023,-3,3,Car,22.84819593252689,18,8,44.44444444444444
nuscenes_mini_subset,scene-1094_023,-3,4,Pedestrian,32.24344204313294,2,0,0.0
nuscenes_mini_subset,scene-1094_023,-3,5,Car,63.57167614583413,0,0,nan
nuscenes_mini_subset,scene-1094_023,-3,6,Pedestrian,19.827014603099656,6,0,0.0
nuscenes_mini_subset,scene-1094_023,-3,7,Pedestrian,33.13629714235464,0,0,nan
nuscenes_mini_subset,scene-1094_023,-3,8,Car,13.434682146031115,10,0,0.0
nuscenes_mini_subset,scene-1094_023,-2,0,Pedestrian,36.50954210249815,3,0,0.0
nuscenes_mini_subset,scene-1094_023,-2,1,Car,70.813718151395,0,0,nan
nuscenes_mini_subset,scene-1094_023,-2,2,Pedestrian,50.38616206959841,1,0,0.0
nuscenes_mini_subset,scene-1094_023,-2,3,Car,22.84819593252689,18,11,61.111111111111114
nuscenes_mini_subset,scene-1094_023,-2,4,Pedestrian,32.24344204313294,2,0,0.0
nuscenes_mini_subset,scene-1094_023,-2,5,Car,63.57167614583413,0,0,nan
nuscenes_mini_subset,scene-1094_023,-2,6,Pedestrian,19.827014603099656,6,0,0.0
nuscenes_mini_subset,scene-1094_023,-2,7,Pedestrian,33.13629714235464,0,0,nan
nuscenes_mini_subset,scene-1094_023,-2,8,Car,13.434682146031115,10,0,0.0
nuscenes_mini_subset,scene-1094_023,-1,0,Pedestrian,36.50954210249815,3,0,0.0
nuscenes_mini_subset,scene-1094_023,-1,1,Car,70.813718151395,0,0,nan
nuscenes_mini_subset,scene-1094_023,-1,2,Pedestrian,50.38616206959841,1,0,0.0
nuscenes_mini_subset,scene-1094_023,-1,3,Car,22.84819593252689,18,15,83.33333333333333
nuscenes_mini_subset,scene-1094_023,-1,4,Pedestrian,32.24344204313294,2,1,50.0
nuscenes_mini_subset,scene-1094_023,-1,5,Car,63.57167614583413,0,0,nan
nuscenes_mini_subset,scene-1094_023,-1,6,Pedestrian,19.827014603099656,6,2,33.333333333333336
nuscenes_mini_subset,scene-1094_023,-1,7,Pedestrian,33.13629714235464,0,0,nan
nuscenes_mini_subset,scene-1094_023,-1,8,Car,13.434682146031115,10,3,30.0
nuscenes_mini_subset,scene-1094_023,-0.5,0,Pedestrian,36.50954210249815,3,2,66.66666666666667
nuscenes_mini_subset,scene-1094_023,-0.5,1,Car,70.813718151395,0,0,nan
nuscenes_mini_subset,scene-1094_023,-0.5,2,Pedestrian,50.38616206959841,1,0,0.0
nuscenes_mini_subset,scene-1094_023,-0.5,3,Car,22.84819593252689,18,17,94.44444444444444
nuscenes_mini_subset,scene-1094_023,-0.5,4,Pedestrian,32.24344204313294,2,2,100.0
nuscenes_mini_subset,scene-1094_023,-0.5,5,Car,63.57167614583413,0,0,nan
nuscenes_mini_subset,scene-1094_023,-0.5,6,Pedestrian,19.827014603099656,6,4,66.66666666666667
nuscenes_mini_subset,scene-1094_023,-0.5,7,Pedestrian,33.13629714235464,0,0,nan
nuscenes_mini_subset,scene-1094_023,-0.5,8,Car,13.434682146031115,10,7,70.0
nuscenes_mini_subset,scene-1094_023,0,0,Pedestrian,36.50954210249815,3,3,100.0
nuscenes_mini_subset,scene-1094_023,0,1,Car,70.813718151395,0,0,nan
nuscenes_mini_subset,scene-1094_023,0,2,Pedestrian,50.38616206959841,1,1,100.0
nuscenes_mini_subset,scene-1094_023,0,3,Car,22.84819593252689,18,18,100.0
nuscenes_mini_subset,scene-1094_023,0,4,Pedestrian,32.24344204313294,2,2,100.0
nuscenes_mini_subset,scene-1094_023,0,5,Car,63.57167614583413,0,0,nan
nuscenes_mini_subset,scene-1094_023,0,6,Pedestrian,19.827014603099656,6,6,100.0
nuscenes_mini_subset,scene-1094_023,0,7,Pedestrian,33.13629714235464,0,0,nan
nuscenes_mini_subset,scene-1094_023,0,8,Car,13.434682146031115,10,10,100.0
nuscenes_mini_subset,scene-1094_023,0.5,0,Pedestrian,36.50954210249815,3,3,100.0
nuscenes_mini_subset,scene-1094_023,0.5,1,Car,70.813718151395,0,0,nan
nuscenes_mini_subset,scene-1094_023,0.5,2,Pedestrian,50.38616206959841,1,1,100.0
nuscenes_mini_subset,scene-1094_023,0.5,3,Car,22.84819593252689,18,16,88.88888888888889
nuscenes_mini_subset,scene-1094_023,0.5,4,Pedestrian,32.24344204313294,2,1,50.0
nuscenes_mini_subset,scene-1094_023,0.5,5,Car,63.57167614583413,0,0,nan
nuscenes_mini_subset,scene-1094_023,0.5,6,Pedestrian,19.827014603099656,6,6,100.0
nuscenes_mini_subset,scene-1094_023,0.5,7,Pedestrian,33.13629714235464,0,0,nan
nuscenes_mini_subset,scene-1094_023,0.5,8,Car,13.434682146031115,10,10,100.0
nuscenes_mini_subset,scene-1094_023,1,0,Pedestrian,36.50954210249815,3,3,100.0
nuscenes_mini_subset,scene-1094_023,1,1,Car,70.813718151395,0,0,nan
nuscenes_mini_subset,scene-1094_023,1,2,Pedestrian,50.38616206959841,1,0,0.0
nuscenes_mini_subset,scene-1094_023,1,3,Car,22.84819593252689,18,15,83.33333333333333
nuscenes_mini_subset,scene-1094_023,1,4,Pedestrian,32.24344204313294,2,0,0.0
nuscenes_mini_subset,scene-1094_023,1,5,Car,63.57167614583413,0,0,nan
nuscenes_mini_subset,scene-1094_023,1,6,Pedestrian,19.827014603099656,6,5,83.33333333333333
nuscenes_mini_subset,scene-1094_023,1,7,Pedestrian,33.13629714235464,0,0,nan
nuscenes_mini_subset,scene-1094_023,1,8,Car,13.434682146031115,10,10,100.0
nuscenes_mini_subset,scene-1094_023,2,0,Pedestrian,36.50954210249815,3,0,0.0
nuscenes_mini_subset,scene-1094_023,2,1,Car,70.813718151395,0,0,nan
nuscenes_mini_subset,scene-1094_023,2,2,Pedestrian,50.38616206959841,1,0,0.0
nuscenes_mini_subset,scene-1094_023,2,3,Car,22.84819593252689,18,10,55.55555555555556
nuscenes_mini_subset,scene-1094_023,2,4,Pedestrian,32.24344204313294,2,0,0.0
nuscenes_mini_subset,scene-1094_023,2,5,Car,63.57167614583413,0,0,nan
nuscenes_mini_subset,scene-1094_023,2,6,Pedestrian,19.827014603099656,6,0,0.0
nuscenes_mini_subset,scene-1094_023,2,7,Pedestrian,33.13629714235464,0,0,nan
nuscenes_mini_subset,scene-1094_023,2,8,Car,13.434682146031115,10,5,50.0
nuscenes_mini_subset,scene-1094_023,3,0,Pedestrian,36.50954210249815,3,0,0.0
nuscenes_mini_subset,scene-1094_023,3,1,Car,70.813718151395,0,0,nan
nuscenes_mini_subset,scene-1094_023,3,2,Pedestrian,50.38616206959841,1,0,0.0
nuscenes_mini_subset,scene-1094_023,3,3,Car,22.84819593252689,18,7,38.888888888888886
nuscenes_mini_subset,scene-1094_023,3,4,Pedestrian,32.24344204313294,2,0,0.0
nuscenes_mini_subset,scene-1094_023,3,5,Car,63.57167614583413,0,0,nan
nuscenes_mini_subset,scene-1094_023,3,6,Pedestrian,19.827014603099656,6,0,0.0
nuscenes_mini_subset,scene-1094_023,3,7,Pedestrian,33.13629714235464,0,0,nan
nuscenes_mini_subset,scene-1094_023,3,8,Car,13.434682146031115,10,0,0.0
nuscenes_mini_subset,scene-1094_024,-3,0,Pedestrian,32.831815887341506,4,0,0.0
nuscenes_mini_subset,scene-1094_024,-3,1,Car,61.381700838350945,0,0,nan
nuscenes_mini_subset,scene-1094_024,-3,2,Pedestrian,46.67008820238091,0,0,nan
nuscenes_mini_subset,scene-1094_024,-3,3,Car,23.500623991578877,30,10,33.333333333333336
nuscenes_mini_subset,scene-1094_024,-3,4,Pedestrian,27.567546197211747,1,0,0.0
nuscenes_mini_subset,scene-1094_024,-3,5,Car,55.722184100829004,0,0,nan
nuscenes_mini_subset,scene-1094_024,-3,6,Pedestrian,15.153954194051938,15,0,0.0
nuscenes_mini_subset,scene-1094_024,-3,7,Pedestrian,28.314485378324616,0,0,nan
nuscenes_mini_subset,scene-1094_024,-2,0,Pedestrian,32.831815887341506,4,0,0.0
nuscenes_mini_subset,scene-1094_024,-2,1,Car,61.381700838350945,0,0,nan
nuscenes_mini_subset,scene-1094_024,-2,2,Pedestrian,46.67008820238091,0,0,nan
nuscenes_mini_subset,scene-1094_024,-2,3,Car,23.500623991578877,30,18,60.0
nuscenes_mini_subset,scene-1094_024,-2,4,Pedestrian,27.567546197211747,1,0,0.0
nuscenes_mini_subset,scene-1094_024,-2,5,Car,55.722184100829004,0,0,nan
nuscenes_mini_subset,scene-1094_024,-2,6,Pedestrian,15.153954194051938,15,2,13.333333333333334
nuscenes_mini_subset,scene-1094_024,-2,7,Pedestrian,28.314485378324616,0,0,nan
nuscenes_mini_subset,scene-1094_024,-1,0,Pedestrian,32.831815887341506,4,2,50.0
nuscenes_mini_subset,scene-1094_024,-1,1,Car,61.381700838350945,0,0,nan
nuscenes_mini_subset,scene-1094_024,-1,2,Pedestrian,46.67008820238091,0,0,nan
nuscenes_mini_subset,scene-1094_024,-1,3,Car,23.500623991578877,30,26,86.66666666666667
nuscenes_mini_subset,scene-1094_024,-1,4,Pedestrian,27.567546197211747,1,0,0.0
nuscenes_mini_subset,scene-1094_024,-1,5,Car,55.722184100829004,0,0,nan
nuscenes_mini_subset,scene-1094_024,-1,6,Pedestrian,15.153954194051938,15,9,60.0
nuscenes_mini_subset,scene-1094_024,-1,7,Pedestrian,28.314485378324616,0,0,nan
nuscenes_mini_subset,scene-1094_024,-0.5,0,Pedestrian,32.831815887341506,4,4,100.0
nuscenes_mini_subset,scene-1094_024,-0.5,1,Car,61.381700838350945,0,0,nan
nuscenes_mini_subset,scene-1094_024,-0.5,2,Pedestrian,46.67008820238091,0,0,nan
nuscenes_mini_subset,scene-1094_024,-0.5,3,Car,23.500623991578877,30,29,96.66666666666667
nuscenes_mini_subset,scene-1094_024,-0.5,4,Pedestrian,27.567546197211747,1,1,100.0
nuscenes_mini_subset,scene-1094_024,-0.5,5,Car,55.722184100829004,0,0,nan
nuscenes_mini_subset,scene-1094_024,-0.5,6,Pedestrian,15.153954194051938,15,13,86.66666666666667
nuscenes_mini_subset,scene-1094_024,-0.5,7,Pedestrian,28.314485378324616,0,0,nan
nuscenes_mini_subset,scene-1094_024,0,0,Pedestrian,32.831815887341506,4,4,100.0
nuscenes_mini_subset,scene-1094_024,0,1,Car,61.381700838350945,0,0,nan
nuscenes_mini_subset,scene-1094_024,0,2,Pedestrian,46.67008820238091,0,0,nan
nuscenes_mini_subset,scene-1094_024,0,3,Car,23.500623991578877,30,30,100.0
nuscenes_mini_subset,scene-1094_024,0,4,Pedestrian,27.567546197211747,1,1,100.0
nuscenes_mini_subset,scene-1094_024,0,5,Car,55.722184100829004,0,0,nan
nuscenes_mini_subset,scene-1094_024,0,6,Pedestrian,15.153954194051938,15,15,100.0
nuscenes_mini_subset,scene-1094_024,0,7,Pedestrian,28.314485378324616,0,0,nan
nuscenes_mini_subset,scene-1094_024,0.5,0,Pedestrian,32.831815887341506,4,3,75.0
nuscenes_mini_subset,scene-1094_024,0.5,1,Car,61.381700838350945,0,0,nan
nuscenes_mini_subset,scene-1094_024,0.5,2,Pedestrian,46.67008820238091,0,0,nan
nuscenes_mini_subset,scene-1094_024,0.5,3,Car,23.500623991578877,30,29,96.66666666666667
nuscenes_mini_subset,scene-1094_024,0.5,4,Pedestrian,27.567546197211747,1,1,100.0
nuscenes_mini_subset,scene-1094_024,0.5,5,Car,55.722184100829004,0,0,nan
nuscenes_mini_subset,scene-1094_024,0.5,6,Pedestrian,15.153954194051938,15,14,93.33333333333333
nuscenes_mini_subset,scene-1094_024,0.5,7,Pedestrian,28.314485378324616,0,0,nan
nuscenes_mini_subset,scene-1094_024,1,0,Pedestrian,32.831815887341506,4,2,50.0
nuscenes_mini_subset,scene-1094_024,1,1,Car,61.381700838350945,0,0,nan
nuscenes_mini_subset,scene-1094_024,1,2,Pedestrian,46.67008820238091,0,0,nan
nuscenes_mini_subset,scene-1094_024,1,3,Car,23.500623991578877,30,26,86.66666666666667
nuscenes_mini_subset,scene-1094_024,1,4,Pedestrian,27.567546197211747,1,0,0.0
nuscenes_mini_subset,scene-1094_024,1,5,Car,55.722184100829004,0,0,nan
nuscenes_mini_subset,scene-1094_024,1,6,Pedestrian,15.153954194051938,15,12,80.0
nuscenes_mini_subset,scene-1094_024,1,7,Pedestrian,28.314485378324616,0,0,nan
nuscenes_mini_subset,scene-1094_024,2,0,Pedestrian,32.831815887341506,4,0,0.0
nuscenes_mini_subset,scene-1094_024,2,1,Car,61.381700838350945,0,0,nan
nuscenes_mini_subset,scene-1094_024,2,2,Pedestrian,46.67008820238091,0,0,nan
nuscenes_mini_subset,scene-1094_024,2,3,Car,23.500623991578877,30,18,60.0
nuscenes_mini_subset,scene-1094_024,2,4,Pedestrian,27.567546197211747,1,0,0.0
nuscenes_mini_subset,scene-1094_024,2,5,Car,55.722184100829004,0,0,nan
nuscenes_mini_subset,scene-1094_024,2,6,Pedestrian,15.153954194051938,15,4,26.666666666666668
nuscenes_mini_subset,scene-1094_024,2,7,Pedestrian,28.314485378324616,0,0,nan
nuscenes_mini_subset,scene-1094_024,3,0,Pedestrian,32.831815887341506,4,0,0.0
nuscenes_mini_subset,scene-1094_024,3,1,Car,61.381700838350945,0,0,nan
nuscenes_mini_subset,scene-1094_024,3,2,Pedestrian,46.67008820238091,0,0,nan
nuscenes_mini_subset,scene-1094_024,3,3,Car,23.500623991578877,30,10,33.333333333333336
nuscenes_mini_subset,scene-1094_024,3,4,Pedestrian,27.567546197211747,1,0,0.0
nuscenes_mini_subset,scene-1094_024,3,5,Car,55.722184100829004,0,0,nan
nuscenes_mini_subset,scene-1094_024,3,6,Pedestrian,15.153954194051938,15,0,0.0
nuscenes_mini_subset,scene-1094_024,3,7,Pedestrian,28.314485378324616,0,0,nan
nuscenes_mini_subset,scene-1094_025,-3,0,Pedestrian,28.984656691535942,6,0,0.0
nuscenes_mini_subset,scene-1094_025,-3,1,Bus,80.31522829633137,1,0,0.0
nuscenes_mini_subset,scene-1094_025,-3,2,Car,51.82776260537925,1,0,0.0
nuscenes_mini_subset,scene-1094_025,-3,3,Pedestrian,42.9661826620024,1,0,0.0
nuscenes_mini_subset,scene-1094_025,-3,4,Car,24.274846359325075,42,13,30.952380952380953
nuscenes_mini_subset,scene-1094_025,-3,5,Pedestrian,22.691900782199063,3,0,0.0
nuscenes_mini_subset,scene-1094_025,-3,6,Car,48.18757334572201,0,0,nan
nuscenes_mini_subset,scene-1094_025,-3,7,Pedestrian,10.27661461517029,19,1,5.2631578947368425
nuscenes_mini_subset,scene-1094_025,-3,8,Pedestrian,23.273769883106677,1,0,0.0
nuscenes_mini_subset,scene-1094_025,-2,0,Pedestrian,28.984656691535942,6,0,0.0
nuscenes_mini_subset,scene-1094_025,-2,1,Bus,80.31522829633137,1,0,0.0
nuscenes_mini_subset,scene-1094_025,-2,2,Car,51.82776260537925,1,1,100.0
nuscenes_mini_subset,scene-1094_025,-2,3,Pedestrian,42.9661826620024,1,0,0.0
nuscenes_mini_subset,scene-1094_025,-2,4,Car,24.274846359325075,42,25,59.523809523809526
nuscenes_mini_subset,scene-1094_025,-2,5,Pedestrian,22.691900782199063,3,0,0.0
nuscenes_mini_subset,scene-1094_025,-2,6,Car,48.18757334572201,0,0,nan
nuscenes_mini_subset,scene-1094_025,-2,7,Pedestrian,10.27661461517029,19,7,36.8421052631579
nuscenes_mini_subset,scene-1094_025,-2,8,Pedestrian,23.273769883106677,1,0,0.0
nuscenes_mini_subset,scene-1094_025,-1,0,Pedestrian,28.984656691535942,6,3,50.0
nuscenes_mini_subset,scene-1094_025,-1,1,Bus,80.31522829633137,1,1,100.0
nuscenes_mini_subset,scene-1094_025,-1,2,Car,51.82776260537925,1,1,100.0
nuscenes_mini_subset,scene-1094_025,-1,3,Pedestrian,42.9661826620024,1,0,0.0
nuscenes_mini_subset,scene-1094_025,-1,4,Car,24.274846359325075,42,37,88.0952380952381
nuscenes_mini_subset,scene-1094_025,-1,5,Pedestrian,22.691900782199063,3,2,66.66666666666667
nuscenes_mini_subset,scene-1094_025,-1,6,Car,48.18757334572201,0,0,nan
nuscenes_mini_subset,scene-1094_025,-1,7,Pedestrian,10.27661461517029,19,16,84.21052631578948
nuscenes_mini_subset,scene-1094_025,-1,8,Pedestrian,23.273769883106677,1,0,0.0
nuscenes_mini_subset,scene-1094_025,-0.5,0,Pedestrian,28.984656691535942,6,6,100.0
nuscenes_mini_subset,scene-1094_025,-0.5,1,Bus,80.31522829633137,1,1,100.0
nuscenes_mini_subset,scene-1094_025,-0.5,2,Car,51.82776260537925,1,1,100.0
nuscenes_mini_subset,scene-1094_025,-0.5,3,Pedestrian,42.9661826620024,1,0,0.0
nuscenes_mini_subset,scene-1094_025,-0.5,4,Car,24.274846359325075,42,39,92.85714285714286
nuscenes_mini_subset,scene-1094_025,-0.5,5,Pedestrian,22.691900782199063,3,3,100.0
nuscenes_mini_subset,scene-1094_025,-0.5,6,Car,48.18757334572201,0,0,nan
nuscenes_mini_subset,scene-1094_025,-0.5,7,Pedestrian,10.27661461517029,19,19,100.0
nuscenes_mini_subset,scene-1094_025,-0.5,8,Pedestrian,23.273769883106677,1,1,100.0
nuscenes_mini_subset,scene-1094_025,0,0,Pedestrian,28.984656691535942,6,6,100.0
nuscenes_mini_subset,scene-1094_025,0,1,Bus,80.31522829633137,1,1,100.0
nuscenes_mini_subset,scene-1094_025,0,2,Car,51.82776260537925,1,1,100.0
nuscenes_mini_subset,scene-1094_025,0,3,Pedestrian,42.9661826620024,1,1,100.0
nuscenes_mini_subset,scene-1094_025,0,4,Car,24.274846359325075,42,42,100.0
nuscenes_mini_subset,scene-1094_025,0,5,Pedestrian,22.691900782199063,3,3,100.0
nuscenes_mini_subset,scene-1094_025,0,6,Car,48.18757334572201,0,0,nan
nuscenes_mini_subset,scene-1094_025,0,7,Pedestrian,10.27661461517029,19,19,100.0
nuscenes_mini_subset,scene-1094_025,0,8,Pedestrian,23.273769883106677,1,1,100.0
nuscenes_mini_subset,scene-1094_025,0.5,0,Pedestrian,28.984656691535942,6,5,83.33333333333333
nuscenes_mini_subset,scene-1094_025,0.5,1,Bus,80.31522829633137,1,1,100.0
nuscenes_mini_subset,scene-1094_025,0.5,2,Car,51.82776260537925,1,0,0.0
nuscenes_mini_subset,scene-1094_025,0.5,3,Pedestrian,42.9661826620024,1,1,100.0
nuscenes_mini_subset,scene-1094_025,0.5,4,Car,24.274846359325075,42,39,92.85714285714286
nuscenes_mini_subset,scene-1094_025,0.5,5,Pedestrian,22.691900782199063,3,2,66.66666666666667
nuscenes_mini_subset,scene-1094_025,0.5,6,Car,48.18757334572201,0,0,nan
nuscenes_mini_subset,scene-1094_025,0.5,7,Pedestrian,10.27661461517029,19,19,100.0
nuscenes_mini_subset,scene-1094_025,0.5,8,Pedestrian,23.273769883106677,1,1,100.0
nuscenes_mini_subset,scene-1094_025,1,0,Pedestrian,28.984656691535942,6,3,50.0
nuscenes_mini_subset,scene-1094_025,1,1,Bus,80.31522829633137,1,1,100.0
nuscenes_mini_subset,scene-1094_025,1,2,Car,51.82776260537925,1,0,0.0
nuscenes_mini_subset,scene-1094_025,1,3,Pedestrian,42.9661826620024,1,0,0.0
nuscenes_mini_subset,scene-1094_025,1,4,Car,24.274846359325075,42,36,85.71428571428571
nuscenes_mini_subset,scene-1094_025,1,5,Pedestrian,22.691900782199063,3,2,66.66666666666667
nuscenes_mini_subset,scene-1094_025,1,6,Car,48.18757334572201,0,0,nan
nuscenes_mini_subset,scene-1094_025,1,7,Pedestrian,10.27661461517029,19,18,94.73684210526316
nuscenes_mini_subset,scene-1094_025,1,8,Pedestrian,23.273769883106677,1,1,100.0
nuscenes_mini_subset,scene-1094_025,2,0,Pedestrian,28.984656691535942,6,0,0.0
nuscenes_mini_subset,scene-1094_025,2,1,Bus,80.31522829633137,1,0,0.0
nuscenes_mini_subset,scene-1094_025,2,2,Car,51.82776260537925,1,0,0.0
nuscenes_mini_subset,scene-1094_025,2,3,Pedestrian,42.9661826620024,1,0,0.0
nuscenes_mini_subset,scene-1094_025,2,4,Car,24.274846359325075,42,25,59.523809523809526
nuscenes_mini_subset,scene-1094_025,2,5,Pedestrian,22.691900782199063,3,0,0.0
nuscenes_mini_subset,scene-1094_025,2,6,Car,48.18757334572201,0,0,nan
nuscenes_mini_subset,scene-1094_025,2,7,Pedestrian,10.27661461517029,19,11,57.89473684210526
nuscenes_mini_subset,scene-1094_025,2,8,Pedestrian,23.273769883106677,1,0,0.0
nuscenes_mini_subset,scene-1094_025,3,0,Pedestrian,28.984656691535942,6,0,0.0
nuscenes_mini_subset,scene-1094_025,3,1,Bus,80.31522829633137,1,0,0.0
nuscenes_mini_subset,scene-1094_025,3,2,Car,51.82776260537925,1,0,0.0
nuscenes_mini_subset,scene-1094_025,3,3,Pedestrian,42.9661826620024,1,0,0.0
nuscenes_mini_subset,scene-1094_025,3,4,Car,24.274846359325075,42,13,30.952380952380953
nuscenes_mini_subset,scene-1094_025,3,5,Pedestrian,22.691900782199063,3,0,0.0
nuscenes_mini_subset,scene-1094_025,3,6,Car,48.18757334572201,0,0,nan
nuscenes_mini_subset,scene-1094_025,3,7,Pedestrian,10.27661461517029,19,2,10.526315789473685
nuscenes_mini_subset,scene-1094_025,3,8,Pedestrian,23.273769883106677,1,0,0.0
nuscenes_mini_subset,scene-1094_026,-3,0,Pedestrian,25.007599740498016,5,0,0.0
nuscenes_mini_subset,scene-1094_026,-3,1,Bus,72.50271744353907,0,0,nan
nuscenes_mini_subset,scene-1094_026,-3,2,Car,42.14292586696822,4,1,25.0
nuscenes_mini_subset,scene-1094_026,-3,3,Pedestrian,39.12153646834996,1,0,0.0
nuscenes_mini_subset,scene-1094_026,-3,4,Car,24.98588408220501,30,7,23.333333333333332
nuscenes_mini_subset,scene-1094_026,-3,5,Pedestrian,17.7145973339349,5,0,0.0
nuscenes_mini_subset,scene-1094_026,-3,6,Car,40.517887559787994,6,1,16.666666666666668
nuscenes_mini_subset,scene-1094_026,-3,7,Pedestrian,18.157451678625886,6,0,0.0
nuscenes_mini_subset,scene-1094_026,-2,0,Pedestrian,25.007599740498016,5,0,0.0
nuscenes_mini_subset,scene-1094_026,-2,1,Bus,72.50271744353907,0,0,nan
nuscenes_mini_subset,scene-1094_026,-2,2,Car,42.14292586696822,4,2,50.0
nuscenes_mini_subset,scene-1094_026,-2,3,Pedestrian,39.12153646834996,1,0,0.0
nuscenes_mini_subset,scene-1094_026,-2,4,Car,24.98588408220501,30,15,50.0
nuscenes_mini_subset,scene-1094_026,-2,5,Pedestrian,17.7145973339349,5,0,0.0
nuscenes_mini_subset,scene-1094_026,-2,6,Car,40.517887559787994,6,3,50.0
nuscenes_mini_subset,scene-1094_026,-2,7,Pedestrian,18.157451678625886,6,0,0.0
nuscenes_mini_subset,scene-1094_026,-1,0,Pedestrian,25.007599740498016,5,4,80.0
nuscenes_mini_subset,scene-1094_026,-1,1,Bus,72.50271744353907,0,0,nan
nuscenes_mini_subset,scene-1094_026,-1,2,Car,42.14292586696822,4,3,75.0
nuscenes_mini_subset,scene-1094_026,-1,3,Pedestrian,39.12153646834996,1,0,0.0
nuscenes_mini_subset,scene-1094_026,-1,4,Car,24.98588408220501,30,24,80.0
nuscenes_mini_subset,scene-1094_026,-1,5,Pedestrian,17.7145973339349,5,2,40.0
nuscenes_mini_subset,scene-1094_026,-1,6,Car,40.517887559787994,6,6,100.0
nuscenes_mini_subset,scene-1094_026,-1,7,Pedestrian,18.157451678625886,6,5,83.33333333333333
nuscenes_mini_subset,scene-1094_026,-0.5,0,Pedestrian,25.007599740498016,5,5,100.0
nuscenes_mini_subset,scene-1094_026,-0.5,1,Bus,72.50271744353907,0,0,nan
nuscenes_mini_subset,scene-1094_026,-0.5,2,Car,42.14292586696822,4,4,100.0
nuscenes_mini_subset,scene-1094_026,-0.5,3,Pedestrian,39.12153646834996,1,0,0.0
nuscenes_mini_subset,scene-1094_026,-0.5,4,Car,24.98588408220501,30,28,93.33333333333333
nuscenes_mini_subset,scene-1094_026,-0.5,5,Pedestrian,17.7145973339349,5,4,80.0
nuscenes_mini_subset,scene-1094_026,-0.5,6,Car,40.517887559787994,6,6,100.0
nuscenes_mini_subset,scene-1094_026,-0.5,7,Pedestrian,18.157451678625886,6,6,100.0
nuscenes_mini_subset,scene-1094_026,0,0,Pedestrian,25.007599740498016,5,5,100.0
nuscenes_mini_subset,scene-1094_026,0,1,Bus,72.50271744353907,0,0,nan
nuscenes_mini_subset,scene-1094_026,0,2,Car,42.14292586696822,4,4,100.0
nuscenes_mini_subset,scene-1094_026,0,3,Pedestrian,39.12153646834996,1,1,100.0
nuscenes_mini_subset,scene-1094_026,0,4,Car,24.98588408220501,30,30,100.0
nuscenes_mini_subset,scene-1094_026,0,5,Pedestrian,17.7145973339349,5,5,100.0
nuscenes_mini_subset,scene-1094_026,0,6,Car,40.517887559787994,6,6,100.0
nuscenes_mini_subset,scene-1094_026,0,7,Pedestrian,18.157451678625886,6,6,100.0
nuscenes_mini_subset,scene-1094_026,0.5,0,Pedestrian,25.007599740498016,5,5,100.0
nuscenes_mini_subset,scene-1094_026,0.5,1,Bus,72.50271744353907,0,0,nan
nuscenes_mini_subset,scene-1094_026,0.5,2,Car,42.14292586696822,4,3,75.0
nuscenes_mini_subset,scene-1094_026,0.5,3,Pedestrian,39.12153646834996,1,1,100.0
nuscenes_mini_subset,scene-1094_026,0.5,4,Car,24.98588408220501,30,28,93.33333333333333
nuscenes_mini_subset,scene-1094_026,0.5,5,Pedestrian,17.7145973339349,5,5,100.0
nuscenes_mini_subset,scene-1094_026,0.5,6,Car,40.517887559787994,6,5,83.33333333333333
nuscenes_mini_subset,scene-1094_026,0.5,7,Pedestrian,18.157451678625886,6,6,100.0
nuscenes_mini_subset,scene-1094_026,1,0,Pedestrian,25.007599740498016,5,2,40.0
nuscenes_mini_subset,scene-1094_026,1,1,Bus,72.50271744353907,0,0,nan
nuscenes_mini_subset,scene-1094_026,1,2,Car,42.14292586696822,4,3,75.0
nuscenes_mini_subset,scene-1094_026,1,3,Pedestrian,39.12153646834996,1,0,0.0
nuscenes_mini_subset,scene-1094_026,1,4,Car,24.98588408220501,30,27,90.0
nuscenes_mini_subset,scene-1094_026,1,5,Pedestrian,17.7145973339349,5,5,100.0
nuscenes_mini_subset,scene-1094_026,1,6,Car,40.517887559787994,6,5,83.33333333333333
nuscenes_mini_subset,scene-1094_026,1,7,Pedestrian,18.157451678625886,6,5,83.33333333333333
nuscenes_mini_subset,scene-1094_026,2,0,Pedestrian,25.007599740498016,5,0,0.0
nuscenes_mini_subset,scene-1094_026,2,1,Bus,72.50271744353907,0,0,nan
nuscenes_mini_subset,scene-1094_026,2,2,Car,42.14292586696822,4,1,25.0
nuscenes_mini_subset,scene-1094_026,2,3,Pedestrian,39.12153646834996,1,0,0.0
nuscenes_mini_subset,scene-1094_026,2,4,Car,24.98588408220501,30,20,66.66666666666667
nuscenes_mini_subset,scene-1094_026,2,5,Pedestrian,17.7145973339349,5,0,0.0
nuscenes_mini_subset,scene-1094_026,2,6,Car,40.517887559787994,6,4,66.66666666666667
nuscenes_mini_subset,scene-1094_026,2,7,Pedestrian,18.157451678625886,6,0,0.0
nuscenes_mini_subset,scene-1094_026,3,0,Pedestrian,25.007599740498016,5,0,0.0
nuscenes_mini_subset,scene-1094_026,3,1,Bus,72.50271744353907,0,0,nan
nuscenes_mini_subset,scene-1094_026,3,2,Car,42.14292586696822,4,0,0.0
nuscenes_mini_subset,scene-1094_026,3,3,Pedestrian,39.12153646834996,1,0,0.0
nuscenes_mini_subset,scene-1094_026,3,4,Car,24.98588408220501,30,11,36.666666666666664
nuscenes_mini_subset,scene-1094_026,3,5,Pedestrian,17.7145973339349,5,0,0.0
nuscenes_mini_subset,scene-1094_026,3,6,Car,40.517887559787994,6,1,16.666666666666668
nuscenes_mini_subset,scene-1094_026,3,7,Pedestrian,18.157451678625886,6,0,0.0
nuscenes_mini_subset,scene-1094_027,-3,0,Pedestrian,20.904335703294368,6,0,0.0
nuscenes_mini_subset,scene-1094_027,-3,1,Bus,64.56205698864146,1,0,0.0
nuscenes_mini_subset,scene-1094_027,-3,2,Car,33.0127520268119,1,0,0.0
nuscenes_mini_subset,scene-1094_027,-3,3,Pedestrian,35.1569112897096,2,0,0.0
nuscenes_mini_subset,scene-1094_027,-3,4,Car,25.74937472727341,29,6,20.689655172413794
nuscenes_mini_subset,scene-1094_027,-3,5,Pedestrian,52.44029325964564,1,0,0.0
nuscenes_mini_subset,scene-1094_027,-3,6,Pedestrian,12.595941783522479,13,0,0.0
nuscenes_mini_subset,scene-1094_027,-3,7,Car,32.52110706341,5,2,40.0
nuscenes_mini_subset,scene-1094_027,-3,8,Pedestrian,12.916594378648627,22,2,9.090909090909092
nuscenes_mini_subset,scene-1094_027,-2,0,Pedestrian,20.904335703294368,6,0,0.0
nuscenes_mini_subset,scene-1094_027,-2,1,Bus,64.56205698864146,1,0,0.0
nuscenes_mini_subset,scene-1094_027,-2,2,Car,33.0127520268119,1,0,0.0
nuscenes_mini_subset,scene-1094_027,-2,3,Pedestrian,35.1569112897096,2,0,0.0
nuscenes_mini_subset,scene-1094_027,-2,4,Car,25.74937472727341,29,15,51.724137931034484
nuscenes_mini_subset,scene-1094_027,-2,5,Pedestrian,52.44029325964564,1,0,0.0
nuscenes_mini_subset,scene-1094_027,-2,6,Pedestrian,12.595941783522479,13,0,0.0
nuscenes_mini_subset,scene-1094_027,-2,7,Car,32.52110706341,5,3,60.0
nuscenes_mini_subset,scene-1094_027,-2,8,Pedestrian,12.916594378648627,22,7,31.818181818181817
nuscenes_mini_subset,scene-1094_027,-1,0,Pedestrian,20.904335703294368,6,4,66.66666666666667
nuscenes_mini_subset,scene-1094_027,-1,1,Bus,64.56205698864146,1,0,0.0
nuscenes_mini_subset,scene-1094_027,-1,2,Car,33.0127520268119,1,1,100.0
nuscenes_mini_subset,scene-1094_027,-1,3,Pedestrian,35.1569112897096,2,0,0.0
nuscenes_mini_subset,scene-1094_027,-1,4,Car,25.74937472727341,29,23,79.3103448275862
nuscenes_mini_subset,scene-1094_027,-1,5,Pedestrian,52.44029325964564,1,0,0.0
nuscenes_mini_subset,scene-1094_027,-1,6,Pedestrian,12.595941783522479,13,5,38.46153846153846
nuscenes_mini_subset,scene-1094_027,-1,7,Car,32.52110706341,5,5,100.0
nuscenes_mini_subset,scene-1094_027,-1,8,Pedestrian,12.916594378648627,22,17,77.27272727272727
nuscenes_mini_subset,scene-1094_027,-0.5,0,Pedestrian,20.904335703294368,6,6,100.0
nuscenes_mini_subset,scene-1094_027,-0.5,1,Bus,64.56205698864146,1,0,0.0
nuscenes_mini_subset,scene-1094_027,-0.5,2,Car,33.0127520268119,1,1,100.0
nuscenes_mini_subset,scene-1094_027,-0.5,3,Pedestrian,35.1569112897096,2,1,50.0
nuscenes_mini_subset,scene-1094_027,-0.5,4,Car,25.74937472727341,29,27,93.10344827586206
nuscenes_mini_subset,scene-1094_027,-0.5,5,Pedestrian,52.44029325964564,1,0,0.0
nuscenes_mini_subset,scene-1094_027,-0.5,6,Pedestrian,12.595941783522479,13,11,84.61538461538461
nuscenes_mini_subset,scene-1094_027,-0.5,7,Car,32.52110706341,5,5,100.0
nuscenes_mini_subset,scene-1094_027,-0.5,8,Pedestrian,12.916594378648627,22,21,95.45454545454545
nuscenes_mini_subset,scene-1094_027,0,0,Pedestrian,20.904335703294368,6,6,100.0
nuscenes_mini_subset,scene-1094_027,0,1,Bus,64.56205698864146,1,1,100.0
nuscenes_mini_subset,scene-1094_027,0,2,Car,33.0127520268119,1,1,100.0
nuscenes_mini_subset,scene-1094_027,0,3,Pedestrian,35.1569112897096,2,2,100.0
nuscenes_mini_subset,scene-1094_027,0,4,Car,25.74937472727341,29,29,100.0
nuscenes_mini_subset,scene-1094_027,0,5,Pedestrian,52.44029325964564,1,1,100.0
nuscenes_mini_subset,scene-1094_027,0,6,Pedestrian,12.595941783522479,13,13,100.0
nuscenes_mini_subset,scene-1094_027,0,7,Car,32.52110706341,5,5,100.0
nuscenes_mini_subset,scene-1094_027,0,8,Pedestrian,12.916594378648627,22,22,100.0
nuscenes_mini_subset,scene-1094_027,0.5,0,Pedestrian,20.904335703294368,6,6,100.0
nuscenes_mini_subset,scene-1094_027,0.5,1,Bus,64.56205698864146,1,1,100.0
nuscenes_mini_subset,scene-1094_027,0.5,2,Car,33.0127520268119,1,1,100.0
nuscenes_mini_subset,scene-1094_027,0.5,3,Pedestrian,35.1569112897096,2,2,100.0
nuscenes_mini_subset,scene-1094_027,0.5,4,Car,25.74937472727341,29,27,93.10344827586206
nuscenes_mini_subset,scene-1094_027,0.5,5,Pedestrian,52.44029325964564,1,1,100.0
nuscenes_mini_subset,scene-1094_027,0.5,6,Pedestrian,12.595941783522479,13,13,100.0
nuscenes_mini_subset,scene-1094_027,0.5,7,Car,32.52110706341,5,5,100.0
nuscenes_mini_subset,scene-1094_027,0.5,8,Pedestrian,12.916594378648627,22,22,100.0
nuscenes_mini_subset,scene-1094_027,1,0,Pedestrian,20.904335703294368,6,3,50.0
nuscenes_mini_subset,scene-1094_027,1,1,Bus,64.56205698864146,1,1,100.0
nuscenes_mini_subset,scene-1094_027,1,2,Car,33.0127520268119,1,1,100.0
nuscenes_mini_subset,scene-1094_027,1,3,Pedestrian,35.1569112897096,2,1,50.0
nuscenes_mini_subset,scene-1094_027,1,4,Car,25.74937472727341,29,25,86.20689655172414
nuscenes_mini_subset,scene-1094_027,1,5,Pedestrian,52.44029325964564,1,0,0.0
nuscenes_mini_subset,scene-1094_027,1,6,Pedestrian,12.595941783522479,13,13,100.0
nuscenes_mini_subset,scene-1094_027,1,7,Car,32.52110706341,5,4,80.0
nuscenes_mini_subset,scene-1094_027,1,8,Pedestrian,12.916594378648627,22,20,90.9090909090909
nuscenes_mini_subset,scene-1094_027,2,0,Pedestrian,20.904335703294368,6,0,0.0
nuscenes_mini_subset,scene-1094_027,2,1,Bus,64.56205698864146,1,1,100.0
nuscenes_mini_subset,scene-1094_027,2,2,Car,33.0127520268119,1,1,100.0
nuscenes_mini_subset,scene-1094_027,2,3,Pedestrian,35.1569112897096,2,0,0.0
nuscenes_mini_subset,scene-1094_027,2,4,Car,25.74937472727341,29,17,58.62068965517241
nuscenes_mini_subset,scene-1094_027,2,5,Pedestrian,52.44029325964564,1,0,0.0
nuscenes_mini_subset,scene-1094_027,2,6,Pedestrian,12.595941783522479,13,6,46.15384615384615
nuscenes_mini_subset,scene-1094_027,2,7,Car,32.52110706341,5,3,60.0
nuscenes_mini_subset,scene-1094_027,2,8,Pedestrian,12.916594378648627,22,13,59.09090909090909
nuscenes_mini_subset,scene-1094_027,3,0,Pedestrian,20.904335703294368,6,0,0.0
nuscenes_mini_subset,scene-1094_027,3,1,Bus,64.56205698864146,1,1,100.0
nuscenes_mini_subset,scene-1094_027,3,2,Car,33.0127520268119,1,0,0.0
nuscenes_mini_subset,scene-1094_027,3,3,Pedestrian,35.1569112897096,2,0,0.0
nuscenes_mini_subset,scene-1094_027,3,4,Car,25.74937472727341,29,9,31.03448275862069
nuscenes_mini_subset,scene-1094_027,3,5,Pedestrian,52.44029325964564,1,0,0.0
nuscenes_mini_subset,scene-1094_027,3,6,Pedestrian,12.595941783522479,13,0,0.0
nuscenes_mini_subset,scene-1094_027,3,7,Car,32.52110706341,5,2,40.0
nuscenes_mini_subset,scene-1094_027,3,8,Pedestrian,12.916594378648627,22,4,18.181818181818183
nuscenes_mini_subset,scene-1094_028,-3,0,Pedestrian,16.72924897578223,9,0,0.0
nuscenes_mini_subset,scene-1094_028,-3,1,Bus,56.84797525907241,2,1,50.0
nuscenes_mini_subset,scene-1094_028,-3,2,Car,23.746868822027423,7,3,42.857142857142854
nuscenes_mini_subset,scene-1094_028,-3,3,Pedestrian,31.017785324631202,2,0,0.0
nuscenes_mini_subset,scene-1094_028,-3,4,Car,26.585298460092968,9,2,22.22222222222222
nuscenes_mini_subset,scene-1094_028,-3,5,Pedestrian,47.188247310555646,1,0,0.0
nuscenes_mini_subset,scene-1094_028,-3,6,Pedestrian,7.364570166391271,49,9,18.367346938775512
nuscenes_mini_subset,scene-1094_028,-3,7,Car,24.54286901468,9,4,44.44444444444444
nuscenes_mini_subset,scene-1094_028,-2,0,Pedestrian,16.72924897578223,9,3,33.333333333333336
nuscenes_mini_subset,scene-1094_028,-2,1,Bus,56.84797525907241,2,2,100.0
nuscenes_mini_subset,scene-1094_028,-2,2,Car,23.746868822027423,7,4,57.142857142857146
nuscenes_mini_subset,scene-1094_028,-2,3,Pedestrian,31.017785324631202,2,0,0.0
nuscenes_mini_subset,scene-1094_028,-2,4,Car,26.585298460092968,9,3,33.333333333333336
nuscenes_mini_subset,scene-1094_028,-2,5,Pedestrian,47.188247310555646,1,0,0.0
nuscenes_mini_subset,scene-1094_028,-2,6,Pedestrian,7.364570166391271,49,19,38.775510204081634
nuscenes_mini_subset,scene-1094_028,-2,7,Car,24.54286901468,9,6,66.66666666666667
nuscenes_mini_subset,scene-1094_028,-1,0,Pedestrian,16.72924897578223,9,9,100.0
nuscenes_mini_subset,scene-1094_028,-1,1,Bus,56.84797525907241,2,2,100.0
nuscenes_mini_subset,scene-1094_028,-1,2,Car,23.746868822027423,7,7,100.0
nuscenes_mini_subset,scene-1094_028,-1,3,Pedestrian,31.017785324631202,2,0,0.0
nuscenes_mini_subset,scene-1094_028,-1,4,Car,26.585298460092968,9,7,77.77777777777777
nuscenes_mini_subset,scene-1094_028,-1,5,Pedestrian,47.188247310555646,1,0,0.0
nuscenes_mini_subset,scene-1094_028,-1,6,Pedestrian,7.364570166391271,49,41,83.6734693877551
nuscenes_mini_subset,scene-1094_028,-1,7,Car,24.54286901468,9,9,100.0
nuscenes_mini_subset,scene-1094_028,-0.5,0,Pedestrian,16.72924897578223,9,9,100.0
nuscenes_mini_subset,scene-1094_028,-0.5,1,Bus,56.84797525907241,2,2,100.0
nuscenes_mini_subset,scene-1094_028,-0.5,2,Car,23.746868822027423,7,7,100.0
nuscenes_mini_subset,scene-1094_028,-0.5,3,Pedestrian,31.017785324631202,2,2,100.0
nuscenes_mini_subset,scene-1094_028,-0.5,4,Car,26.585298460092968,9,9,100.0
nuscenes_mini_subset,scene-1094_028,-0.5,5,Pedestrian,47.188247310555646,1,0,0.0
nuscenes_mini_subset,scene-1094_028,-0.5,6,Pedestrian,7.364570166391271,49,47,95.91836734693878
nuscenes_mini_subset,scene-1094_028,-0.5,7,Car,24.54286901468,9,9,100.0
nuscenes_mini_subset,scene-1094_028,0,0,Pedestrian,16.72924897578223,9,9,100.0
nuscenes_mini_subset,scene-1094_028,0,1,Bus,56.84797525907241,2,2,100.0
nuscenes_mini_subset,scene-1094_028,0,2,Car,23.746868822027423,7,7,100.0
nuscenes_mini_subset,scene-1094_028,0,3,Pedestrian,31.017785324631202,2,2,100.0
nuscenes_mini_subset,scene-1094_028,0,4,Car,26.585298460092968,9,9,100.0
nuscenes_mini_subset,scene-1094_028,0,5,Pedestrian,47.188247310555646,1,1,100.0
nuscenes_mini_subset,scene-1094_028,0,6,Pedestrian,7.364570166391271,49,49,100.0
nuscenes_mini_subset,scene-1094_028,0,7,Car,24.54286901468,9,9,100.0
nuscenes_mini_subset,scene-1094_028,0.5,0,Pedestrian,16.72924897578223,9,9,100.0
nuscenes_mini_subset,scene-1094_028,0.5,1,Bus,56.84797525907241,2,2,100.0
nuscenes_mini_subset,scene-1094_028,0.5,2,Car,23.746868822027423,7,7,100.0
nuscenes_mini_subset,scene-1094_028,0.5,3,Pedestrian,31.017785324631202,2,2,100.0
nuscenes_mini_subset,scene-1094_028,0.5,4,Car,26.585298460092968,9,8,88.88888888888889
nuscenes_mini_subset,scene-1094_028,0.5,5,Pedestrian,47.188247310555646,1,1,100.0
nuscenes_mini_subset,scene-1094_028,0.5,6,Pedestrian,7.364570166391271,49,49,100.0
nuscenes_mini_subset,scene-1094_028,0.5,7,Car,24.54286901468,9,9,100.0
nuscenes_mini_subset,scene-1094_028,1,0,Pedestrian,16.72924897578223,9,8,88.88888888888889
nuscenes_mini_subset,scene-1094_028,1,1,Bus,56.84797525907241,2,2,100.0
nuscenes_mini_subset,scene-1094_028,1,2,Car,23.746868822027423,7,7,100.0
nuscenes_mini_subset,scene-1094_028,1,3,Pedestrian,31.017785324631202,2,0,0.0
nuscenes_mini_subset,scene-1094_028,1,4,Car,26.585298460092968,9,7,77.77777777777777
nuscenes_mini_subset,scene-1094_028,1,5,Pedestrian,47.188247310555646,1,0,0.0
nuscenes_mini_subset,scene-1094_028,1,6,Pedestrian,7.364570166391271,49,46,93.87755102040816
nuscenes_mini_subset,scene-1094_028,1,7,Car,24.54286901468,9,9,100.0
nuscenes_mini_subset,scene-1094_028,2,0,Pedestrian,16.72924897578223,9,1,11.11111111111111
nuscenes_mini_subset,scene-1094_028,2,1,Bus,56.84797525907241,2,1,50.0
nuscenes_mini_subset,scene-1094_028,2,2,Car,23.746868822027423,7,7,100.0
nuscenes_mini_subset,scene-1094_028,2,3,Pedestrian,31.017785324631202,2,0,0.0
nuscenes_mini_subset,scene-1094_028,2,4,Car,26.585298460092968,9,6,66.66666666666667
nuscenes_mini_subset,scene-1094_028,2,5,Pedestrian,47.188247310555646,1,0,0.0
nuscenes_mini_subset,scene-1094_028,2,6,Pedestrian,7.364570166391271,49,43,87.75510204081633
nuscenes_mini_subset,scene-1094_028,2,7,Car,24.54286901468,9,9,100.0
nuscenes_mini_subset,scene-1094_028,3,0,Pedestrian,16.72924897578223,9,0,0.0
nuscenes_mini_subset,scene-1094_028,3,1,Bus,56.84797525907241,2,0,0.0
nuscenes_mini_subset,scene-1094_028,3,2,Car,23.746868822027423,7,6,85.71428571428571
nuscenes_mini_subset,scene-1094_028,3,3,Pedestrian,31.017785324631202,2,0,0.0
nuscenes_mini_subset,scene-1094_028,3,4,Car,26.585298460092968,9,3,33.333333333333336
nuscenes_mini_subset,scene-1094_028,3,5,Pedestrian,47.188247310555646,1,0,0.0
nuscenes_mini_subset,scene-1094_028,3,6,Pedestrian,7.364570166391271,49,34,69.38775510204081
nuscenes_mini_subset,scene-1094_028,3,7,Car,24.54286901468,9,8,88.88888888888889
nuscenes_mini_subset,scene-1094_029,-3,0,Pedestrian,12.474411175012358,19,3,15.789473684210526
nuscenes_mini_subset,scene-1094_029,-3,1,Bus,49.0735387635653,6,6,100.0
nuscenes_mini_subset,scene-1094_029,-3,2,Car,14.733459430849795,6,2,33.333333333333336
nuscenes_mini_subset,scene-1094_029,-3,3,Car,27.31136589007118,19,3,15.789473684210526
nuscenes_mini_subset,scene-1094_029,-3,4,Pedestrian,41.84248320378104,3,0,0.0
nuscenes_mini_subset,scene-1094_029,-3,5,Car,16.568527805106633,0,0,nan
nuscenes_mini_subset,scene-1094_029,-2,0,Pedestrian,12.474411175012358,19,15,78.94736842105263
nuscenes_mini_subset,scene-1094_029,-2,1,Bus,49.0735387635653,6,6,100.0
nuscenes_mini_subset,scene-1094_029,-2,2,Car,14.733459430849795,6,3,50.0
nuscenes_mini_subset,scene-1094_029,-2,3,Car,27.31136589007118,19,8,42.10526315789474
nuscenes_mini_subset,scene-1094_029,-2,4,Pedestrian,41.84248320378104,3,0,0.0
nuscenes_mini_subset,scene-1094_029,-2,5,Car,16.568527805106633,0,0,nan
nuscenes_mini_subset,scene-1094_029,-1,0,Pedestrian,12.474411175012358,19,19,100.0
nuscenes_mini_subset,scene-1094_029,-1,1,Bus,49.0735387635653,6,6,100.0
nuscenes_mini_subset,scene-1094_029,-1,2,Car,14.733459430849795,6,5,83.33333333333333
nuscenes_mini_subset,scene-1094_029,-1,3,Car,27.31136589007118,19,16,84.21052631578948
nuscenes_mini_subset,scene-1094_029,-1,4,Pedestrian,41.84248320378104,3,0,0.0
nuscenes_mini_subset,scene-1094_029,-1,5,Car,16.568527805106633,0,0,nan
nuscenes_mini_subset,scene-1094_029,-0.5,0,Pedestrian,12.474411175012358,19,19,100.0
nuscenes_mini_subset,scene-1094_029,-0.5,1,Bus,49.0735387635653,6,6,100.0
nuscenes_mini_subset,scene-1094_029,-0.5,2,Car,14.733459430849795,6,5,83.33333333333333
nuscenes_mini_subset,scene-1094_029,-0.5,3,Car,27.31136589007118,19,19,100.0
nuscenes_mini_subset,scene-1094_029,-0.5,4,Pedestrian,41.84248320378104,3,1,33.333333333333336
nuscenes_mini_subset,scene-1094_029,-0.5,5,Car,16.568527805106633,0,0,nan
nuscenes_mini_subset,scene-1094_029,0,0,Pedestrian,12.474411175012358,19,19,100.0
nuscenes_mini_subset,scene-1094_029,0,1,Bus,49.0735387635653,6,6,100.0
nuscenes_mini_subset,scene-1094_029,0,2,Car,14.733459430849795,6,6,100.0
nuscenes_mini_subset,scene-1094_029,0,3,Car,27.31136589007118,19,19,100.0
nuscenes_mini_subset,scene-1094_029,0,4,Pedestrian,41.84248320378104,3,3,100.0
nuscenes_mini_subset,scene-1094_029,0,5,Car,16.568527805106633,0,0,nan
nuscenes_mini_subset,scene-1094_029,0.5,0,Pedestrian,12.474411175012358,19,19,100.0
nuscenes_mini_subset,scene-1094_029,0.5,1,Bus,49.0735387635653,6,6,100.0
nuscenes_mini_subset,scene-1094_029,0.5,2,Car,14.733459430849795,6,6,100.0
nuscenes_mini_subset,scene-1094_029,0.5,3,Car,27.31136589007118,19,18,94.73684210526316
nuscenes_mini_subset,scene-1094_029,0.5,4,Pedestrian,41.84248320378104,3,2,66.66666666666667
nuscenes_mini_subset,scene-1094_029,0.5,5,Car,16.568527805106633,0,0,nan
nuscenes_mini_subset,scene-1094_029,1,0,Pedestrian,12.474411175012358,19,17,89.47368421052632
nuscenes_mini_subset,scene-1094_029,1,1,Bus,49.0735387635653,6,6,100.0
nuscenes_mini_subset,scene-1094_029,1,2,Car,14.733459430849795,6,6,100.0
nuscenes_mini_subset,scene-1094_029,1,3,Car,27.31136589007118,19,16,84.21052631578948
nuscenes_mini_subset,scene-1094_029,1,4,Pedestrian,41.84248320378104,3,0,0.0
nuscenes_mini_subset,scene-1094_029,1,5,Car,16.568527805106633,0,0,nan
nuscenes_mini_subset,scene-1094_029,2,0,Pedestrian,12.474411175012358,19,5,26.31578947368421
nuscenes_mini_subset,scene-1094_029,2,1,Bus,49.0735387635653,6,3,50.0
nuscenes_mini_subset,scene-1094_029,2,2,Car,14.733459430849795,6,5,83.33333333333333
nuscenes_mini_subset,scene-1094_029,2,3,Car,27.31136589007118,19,11,57.89473684210526
nuscenes_mini_subset,scene-1094_029,2,4,Pedestrian,41.84248320378104,3,0,0.0
nuscenes_mini_subset,scene-1094_029,2,5,Car,16.568527805106633,0,0,nan
nuscenes_mini_subset,scene-1094_029,3,0,Pedestrian,12.474411175012358,19,0,0.0
nuscenes_mini_subset,scene-1094_029,3,1,Bus,49.0735387635653,6,1,16.666666666666668
nuscenes_mini_subset,scene-1094_029,3,2,Car,14.733459430849795,6,5,83.33333333333333
nuscenes_mini_subset,scene-1094_029,3,3,Car,27.31136589007118,19,3,15.789473684210526
nuscenes_mini_subset,scene-1094_029,3,4,Pedestrian,41.84248320378104,3,0,0.0
nuscenes_mini_subset,scene-1094_029,3,5,Car,16.568527805106633,0,0,nan
nuscenes_mini_subset,scene-1094_030,-3,0,Pedestrian,7.995678935700871,42,27,64.28571428571429
nuscenes_mini_subset,scene-1094_030,-3,1,Bus,40.77797535536317,32,24,75.0
nuscenes_mini_subset,scene-1094_030,-3,2,Car,28.169520560346275,8,1,12.5
nuscenes_mini_subset,scene-1094_030,-3,3,Pedestrian,36.313649757380745,2,0,0.0
nuscenes_mini_subset,scene-1094_030,-2,0,Pedestrian,7.995678935700871,42,37,88.0952380952381
nuscenes_mini_subset,scene-1094_030,-2,1,Bus,40.77797535536317,32,27,84.375
nuscenes_mini_subset,scene-1094_030,-2,2,Car,28.169520560346275,8,4,50.0
nuscenes_mini_subset,scene-1094_030,-2,3,Pedestrian,36.313649757380745,2,0,0.0
nuscenes_mini_subset,scene-1094_030,-1,0,Pedestrian,7.995678935700871,42,41,97.61904761904762
nuscenes_mini_subset,scene-1094_030,-1,1,Bus,40.77797535536317,32,30,93.75
nuscenes_mini_subset,scene-1094_030,-1,2,Car,28.169520560346275,8,7,87.5
nuscenes_mini_subset,scene-1094_030,-1,3,Pedestrian,36.313649757380745,2,0,0.0
nuscenes_mini_subset,scene-1094_030,-0.5,0,Pedestrian,7.995678935700871,42,42,100.0
nuscenes_mini_subset,scene-1094_030,-0.5,1,Bus,40.77797535536317,32,32,100.0
nuscenes_mini_subset,scene-1094_030,-0.5,2,Car,28.169520560346275,8,8,100.0
nuscenes_mini_subset,scene-1094_030,-0.5,3,Pedestrian,36.313649757380745,2,2,100.0
nuscenes_mini_subset,scene-1094_030,0,0,Pedestrian,7.995678935700871,42,42,100.0
nuscenes_mini_subset,scene-1094_030,0,1,Bus,40.77797535536317,32,32,100.0
nuscenes_mini_subset,scene-1094_030,0,2,Car,28.169520560346275,8,8,100.0
nuscenes_mini_subset,scene-1094_030,0,3,Pedestrian,36.313649757380745,2,2,100.0
nuscenes_mini_subset,scene-1094_030,0.5,0,Pedestrian,7.995678935700871,42,42,100.0
nuscenes_mini_subset,scene-1094_030,0.5,1,Bus,40.77797535536317,32,32,100.0
nuscenes_mini_subset,scene-1094_030,0.5,2,Car,28.169520560346275,8,7,87.5
nuscenes_mini_subset,scene-1094_030,0.5,3,Pedestrian,36.313649757380745,2,1,50.0
nuscenes_mini_subset,scene-1094_030,1,0,Pedestrian,7.995678935700871,42,39,92.85714285714286
nuscenes_mini_subset,scene-1094_030,1,1,Bus,40.77797535536317,32,30,93.75
nuscenes_mini_subset,scene-1094_030,1,2,Car,28.169520560346275,8,7,87.5
nuscenes_mini_subset,scene-1094_030,1,3,Pedestrian,36.313649757380745,2,0,0.0
nuscenes_mini_subset,scene-1094_030,2,0,Pedestrian,7.995678935700871,42,19,45.23809523809524
nuscenes_mini_subset,scene-1094_030,2,1,Bus,40.77797535536317,32,22,68.75
nuscenes_mini_subset,scene-1094_030,2,2,Car,28.169520560346275,8,4,50.0
nuscenes_mini_subset,scene-1094_030,2,3,Pedestrian,36.313649757380745,2,0,0.0
nuscenes_mini_subset,scene-1094_030,3,0,Pedestrian,7.995678935700871,42,8,19.047619047619047
nuscenes_mini_subset,scene-1094_030,3,1,Bus,40.77797535536317,32,17,53.125
nuscenes_mini_subset,scene-1094_030,3,2,Car,28.169520560346275,8,1,12.5
nuscenes_mini_subset,scene-1094_030,3,3,Pedestrian,36.313649757380745,2,0,0.0
nuscenes_mini_subset,scene-1094_031,-3,0,Bus,32.16359741050136,47,39,82.97872340425532
nuscenes_mini_subset,scene-1094_031,-3,1,Car,28.690920727342316,9,3,33.333333333333336
nuscenes_mini_subset,scene-1094_031,-3,2,Pedestrian,30.54115605952543,3,0,0.0
nuscenes_mini_subset,scene-1094_031,-2,0,Bus,32.16359741050136,47,42,89.36170212765957
nuscenes_mini_subset,scene-1094_031,-2,1,Car,28.690920727342316,9,5,55.55555555555556
nuscenes_mini_subset,scene-1094_031,-2,2,Pedestrian,30.54115605952543,3,0,0.0
nuscenes_mini_subset,scene-1094_031,-1,0,Bus,32.16359741050136,47,45,95.74468085106383
nuscenes_mini_subset,scene-1094_031,-1,1,Car,28.690920727342316,9,7,77.77777777777777
nuscenes_mini_subset,scene-1094_031,-1,2,Pedestrian,30.54115605952543,3,1,33.333333333333336
nuscenes_mini_subset,scene-1094_031,-0.5,0,Bus,32.16359741050136,47,47,100.0
nuscenes_mini_subset,scene-1094_031,-0.5,1,Car,28.690920727342316,9,9,100.0
nuscenes_mini_subset,scene-1094_031,-0.5,2,Pedestrian,30.54115605952543,3,2,66.66666666666667
nuscenes_mini_subset,scene-1094_031,0,0,Bus,32.16359741050136,47,47,100.0
nuscenes_mini_subset,scene-1094_031,0,1,Car,28.690920727342316,9,9,100.0
nuscenes_mini_subset,scene-1094_031,0,2,Pedestrian,30.54115605952543,3,3,100.0
nuscenes_mini_subset,scene-1094_031,0.5,0,Bus,32.16359741050136,47,46,97.87234042553192
nuscenes_mini_subset,scene-1094_031,0.5,1,Car,28.690920727342316,9,8,88.88888888888889
nuscenes_mini_subset,scene-1094_031,0.5,2,Pedestrian,30.54115605952543,3,2,66.66666666666667
nuscenes_mini_subset,scene-1094_031,1,0,Bus,32.16359741050136,47,44,93.61702127659575
nuscenes_mini_subset,scene-1094_031,1,1,Car,28.690920727342316,9,6,66.66666666666667
nuscenes_mini_subset,scene-1094_031,1,2,Pedestrian,30.54115605952543,3,1,33.333333333333336
nuscenes_mini_subset,scene-1094_031,2,0,Bus,32.16359741050136,47,35,74.46808510638297
nuscenes_mini_subset,scene-1094_031,2,1,Car,28.690920727342316,9,3,33.333333333333336
nuscenes_mini_subset,scene-1094_031,2,2,Pedestrian,30.54115605952543,3,0,0.0
nuscenes_mini_subset,scene-1094_031,3,0,Bus,32.16359741050136,47,27,57.4468085106383
nuscenes_mini_subset,scene-1094_031,3,1,Car,28.690920727342316,9,1,11.11111111111111
nuscenes_mini_subset,scene-1094_031,3,2,Pedestrian,30.54115605952543,3,0,0.0
nuscenes_mini_subset,scene-1094_032,-3,0,Bus,23.585678102762586,108,89,82.4074074074074
nuscenes_mini_subset,scene-1094_032,-3,1,Car,29.22317221158839,7,1,14.285714285714286
nuscenes_mini_subset,scene-1094_032,-3,2,Pedestrian,24.61236231608417,2,0,0.0
nuscenes_mini_subset,scene-1094_032,-2,0,Bus,23.585678102762586,108,100,92.5925925925926
nuscenes_mini_subset,scene-1094_032,-2,1,Car,29.22317221158839,7,2,28.571428571428573
nuscenes_mini_subset,scene-1094_032,-2,2,Pedestrian,24.61236231608417,2,0,0.0
nuscenes_mini_subset,scene-1094_032,-1,0,Bus,23.585678102762586,108,108,100.0
nuscenes_mini_subset,scene-1094_032,-1,1,Car,29.22317221158839,7,5,71.42857142857143
nuscenes_mini_subset,scene-1094_032,-1,2,Pedestrian,24.61236231608417,2,0,0.0
nuscenes_mini_subset,scene-1094_032,-0.5,0,Bus,23.585678102762586,108,108,100.0
nuscenes_mini_subset,scene-1094_032,-0.5,1,Car,29.22317221158839,7,6,85.71428571428571
nuscenes_mini_subset,scene-1094_032,-0.5,2,Pedestrian,24.61236231608417,2,2,100.0
nuscenes_mini_subset,scene-1094_032,0,0,Bus,23.585678102762586,108,108,100.0
nuscenes_mini_subset,scene-1094_032,0,1,Car,29.22317221158839,7,7,100.0
nuscenes_mini_subset,scene-1094_032,0,2,Pedestrian,24.61236231608417,2,2,100.0
nuscenes_mini_subset,scene-1094_032,0.5,0,Bus,23.585678102762586,108,108,100.0
nuscenes_mini_subset,scene-1094_032,0.5,1,Car,29.22317221158839,7,7,100.0
nuscenes_mini_subset,scene-1094_032,0.5,2,Pedestrian,24.61236231608417,2,2,100.0
nuscenes_mini_subset,scene-1094_032,1,0,Bus,23.585678102762586,108,104,96.29629629629629
nuscenes_mini_subset,scene-1094_032,1,1,Car,29.22317221158839,7,6,85.71428571428571
nuscenes_mini_subset,scene-1094_032,1,2,Pedestrian,24.61236231608417,2,1,50.0
nuscenes_mini_subset,scene-1094_032,2,0,Bus,23.585678102762586,108,95,87.96296296296296
nuscenes_mini_subset,scene-1094_032,2,1,Car,29.22317221158839,7,4,57.142857142857146
nuscenes_mini_subset,scene-1094_032,2,2,Pedestrian,24.61236231608417,2,0,0.0
nuscenes_mini_subset,scene-1094_032,3,0,Bus,23.585678102762586,108,87,80.55555555555556
nuscenes_mini_subset,scene-1094_032,3,1,Car,29.22317221158839,7,1,14.285714285714286
nuscenes_mini_subset,scene-1094_032,3,2,Pedestrian,24.61236231608417,2,0,0.0
nuscenes_mini_subset,scene-1094_033,-3,0,Bus,14.963410981643936,73,38,52.054794520547944
nuscenes_mini_subset,scene-1094_033,-3,1,Car,29.66525633402354,17,2,11.764705882352942
nuscenes_mini_subset,scene-1094_033,-3,2,Pedestrian,18.392618514518464,6,0,0.0
nuscenes_mini_subset,scene-1094_033,-3,3,Motorcycle,58.37699667907868,0,0,nan
nuscenes_mini_subset,scene-1094_033,-2,0,Bus,14.963410981643936,73,47,64.38356164383562
nuscenes_mini_subset,scene-1094_033,-2,1,Car,29.66525633402354,17,8,47.05882352941177
nuscenes_mini_subset,scene-1094_033,-2,2,Pedestrian,18.392618514518464,6,0,0.0
nuscenes_mini_subset,scene-1094_033,-2,3,Motorcycle,58.37699667907868,0,0,nan
nuscenes_mini_subset,scene-1094_033,-1,0,Bus,14.963410981643936,73,61,83.56164383561644
nuscenes_mini_subset,scene-1094_033,-1,1,Car,29.66525633402354,17,14,82.3529411764706
nuscenes_mini_subset,scene-1094_033,-1,2,Pedestrian,18.392618514518464,6,5,83.33333333333333
nuscenes_mini_subset,scene-1094_033,-1,3,Motorcycle,58.37699667907868,0,0,nan
nuscenes_mini_subset,scene-1094_033,-0.5,0,Bus,14.963410981643936,73,69,94.52054794520548
nuscenes_mini_subset,scene-1094_033,-0.5,1,Car,29.66525633402354,17,16,94.11764705882354
nuscenes_mini_subset,scene-1094_033,-0.5,2,Pedestrian,18.392618514518464,6,6,100.0
nuscenes_mini_subset,scene-1094_033,-0.5,3,Motorcycle,58.37699667907868,0,0,nan
nuscenes_mini_subset,scene-1094_033,0,0,Bus,14.963410981643936,73,73,100.0
nuscenes_mini_subset,scene-1094_033,0,1,Car,29.66525633402354,17,17,100.0
nuscenes_mini_subset,scene-1094_033,0,2,Pedestrian,18.392618514518464,6,6,100.0
nuscenes_mini_subset,scene-1094_033,0,3,Motorcycle,58.37699667907868,0,0,nan
nuscenes_mini_subset,scene-1094_033,0.5,0,Bus,14.963410981643936,73,73,100.0
nuscenes_mini_subset,scene-1094_033,0.5,1,Car,29.66525633402354,17,17,100.0
nuscenes_mini_subset,scene-1094_033,0.5,2,Pedestrian,18.392618514518464,6,6,100.0
nuscenes_mini_subset,scene-1094_033,0.5,3,Motorcycle,58.37699667907868,0,0,nan
nuscenes_mini_subset,scene-1094_033,1,0,Bus,14.963410981643936,73,70,95.89041095890411
nuscenes_mini_subset,scene-1094_033,1,1,Car,29.66525633402354,17,13,76.47058823529412
nuscenes_mini_subset,scene-1094_033,1,2,Pedestrian,18.392618514518464,6,6,100.0
nuscenes_mini_subset,scene-1094_033,1,3,Motorcycle,58.37699667907868,0,0,nan
nuscenes_mini_subset,scene-1094_033,2,0,Bus,14.963410981643936,73,59,80.82191780821918
nuscenes_mini_subset,scene-1094_033,2,1,Car,29.66525633402354,17,7,41.1764705882353
nuscenes_mini_subset,scene-1094_033,2,2,Pedestrian,18.392618514518464,6,0,0.0
nuscenes_mini_subset,scene-1094_033,2,3,Motorcycle,58.37699667907868,0,0,nan
nuscenes_mini_subset,scene-1094_033,3,0,Bus,14.963410981643936,73,46,63.013698630136986
nuscenes_mini_subset,scene-1094_033,3,1,Car,29.66525633402354,17,1,5.882352941176471
nuscenes_mini_subset,scene-1094_033,3,2,Pedestrian,18.392618514518464,6,0,0.0
nuscenes_mini_subset,scene-1094_033,3,3,Motorcycle,58.37699667907868,0,0,nan
nuscenes_mini_subset,scene-1094_034,-3,0,Car,29.96978863453135,7,0,0.0
nuscenes_mini_subset,scene-1094_034,-3,1,Pedestrian,12.125704836669449,13,0,0.0
nuscenes_mini_subset,scene-1094_034,-3,2,Motorcycle,47.87799331724227,3,0,0.0
nuscenes_mini_subset,scene-1094_034,-2,0,Car,29.96978863453135,7,3,42.857142857142854
nuscenes_mini_subset,scene-1094_034,-2,1,Pedestrian,12.125704836669449,13,6,46.15384615384615
nuscenes_mini_subset,scene-1094_034,-2,2,Motorcycle,47.87799331724227,3,0,0.0
nuscenes_mini_subset,scene-1094_034,-1,0,Car,29.96978863453135,7,6,85.71428571428571
nuscenes_mini_subset,scene-1094_034,-1,1,Pedestrian,12.125704836669449,13,13,100.0
nuscenes_mini_subset,scene-1094_034,-1,2,Motorcycle,47.87799331724227,3,1,33.333333333333336
nuscenes_mini_subset,scene-1094_034,-0.5,0,Car,29.96978863453135,7,7,100.0
nuscenes_mini_subset,scene-1094_034,-0.5,1,Pedestrian,12.125704836669449,13,13,100.0
nuscenes_mini_subset,scene-1094_034,-0.5,2,Motorcycle,47.87799331724227,3,2,66.66666666666667
nuscenes_mini_subset,scene-1094_034,0,0,Car,29.96978863453135,7,7,100.0
nuscenes_mini_subset,scene-1094_034,0,1,Pedestrian,12.125704836669449,13,13,100.0
nuscenes_mini_subset,scene-1094_034,0,2,Motorcycle,47.87799331724227,3,3,100.0
nuscenes_mini_subset,scene-1094_034,0.5,0,Car,29.96978863453135,7,7,100.0
nuscenes_mini_subset,scene-1094_034,0.5,1,Pedestrian,12.125704836669449,13,13,100.0
nuscenes_mini_subset,scene-1094_034,0.5,2,Motorcycle,47.87799331724227,3,2,66.66666666666667
nuscenes_mini_subset,scene-1094_034,1,0,Car,29.96978863453135,7,6,85.71428571428571
nuscenes_mini_subset,scene-1094_034,1,1,Pedestrian,12.125704836669449,13,13,100.0
nuscenes_mini_subset,scene-1094_034,1,2,Motorcycle,47.87799331724227,3,1,33.333333333333336
nuscenes_mini_subset,scene-1094_034,2,0,Car,29.96978863453135,7,3,42.857142857142854
nuscenes_mini_subset,scene-1094_034,2,1,Pedestrian,12.125704836669449,13,7,53.84615384615385
nuscenes_mini_subset,scene-1094_034,2,2,Motorcycle,47.87799331724227,3,0,0.0
nuscenes_mini_subset,scene-1094_034,3,0,Car,29.96978863453135,7,0,0.0
nuscenes_mini_subset,scene-1094_034,3,1,Pedestrian,12.125704836669449,13,1,7.6923076923076925
nuscenes_mini_subset,scene-1094_034,3,2,Motorcycle,47.87799331724227,3,0,0.0
nuscenes_mini_subset,scene-1094_035,-3,0,Car,29.97151664584746,8,0,0.0
nuscenes_mini_subset,scene-1094_035,-3,1,Motorcycle,37.1915068685263,3,0,0.0
nuscenes_mini_subset,scene-1094_035,-3,2,Car,53.08554228852998,1,0,0.0
nuscenes_mini_subset,scene-1094_035,-2,0,Car,29.97151664584746,8,3,37.5
nuscenes_mini_subset,scene-1094_035,-2,1,Motorcycle,37.1915068685263,3,0,0.0
nuscenes_mini_subset,scene-1094_035,-2,2,Car,53.08554228852998,1,0,0.0
nuscenes_mini_subset,scene-1094_035,-1,0,Car,29.97151664584746,8,6,75.0
nuscenes_mini_subset,scene-1094_035,-1,1,Motorcycle,37.1915068685263,3,2,66.66666666666667
nuscenes_mini_subset,scene-1094_035,-1,2,Car,53.08554228852998,1,1,100.0
nuscenes_mini_subset,scene-1094_035,-0.5,0,Car,29.97151664584746,8,7,87.5
nuscenes_mini_subset,scene-1094_035,-0.5,1,Motorcycle,37.1915068685263,3,3,100.0
nuscenes_mini_subset,scene-1094_035,-0.5,2,Car,53.08554228852998,1,1,100.0
nuscenes_mini_subset,scene-1094_035,0,0,Car,29.97151664584746,8,8,100.0
nuscenes_mini_subset,scene-1094_035,0,1,Motorcycle,37.1915068685263,3,3,100.0
nuscenes_mini_subset,scene-1094_035,0,2,Car,53.08554228852998,1,1,100.0
nuscenes_mini_subset,scene-1094_035,0.5,0,Car,29.97151664584746,8,8,100.0
nuscenes_mini_subset,scene-1094_035,0.5,1,Motorcycle,37.1915068685263,3,3,100.0
nuscenes_mini_subset,scene-1094_035,0.5,2,Car,53.08554228852998,1,1,100.0
nuscenes_mini_subset,scene-1094_035,1,0,Car,29.97151664584746,8,7,87.5
nuscenes_mini_subset,scene-1094_035,1,1,Motorcycle,37.1915068685263,3,1,33.333333333333336
nuscenes_mini_subset,scene-1094_035,1,2,Car,53.08554228852998,1,0,0.0
nuscenes_mini_subset,scene-1094_035,2,0,Car,29.97151664584746,8,4,50.0
nuscenes_mini_subset,scene-1094_035,2,1,Motorcycle,37.1915068685263,3,0,0.0
nuscenes_mini_subset,scene-1094_035,2,2,Car,53.08554228852998,1,0,0.0
nuscenes_mini_subset,scene-1094_035,3,0,Car,29.97151664584746,8,1,12.5
nuscenes_mini_subset,scene-1094_035,3,1,Motorcycle,37.1915068685263,3,0,0.0
nuscenes_mini_subset,scene-1094_035,3,2,Car,53.08554228852998,1,0,0.0
nuscenes_mini_subset,scene-1094_036,-3,0,Car,30.003217733318582,17,1,5.882352941176471
nuscenes_mini_subset,scene-1094_036,-3,1,Motorcycle,25.73940201320229,4,0,0.0
nuscenes_mini_subset,scene-1094_036,-3,2,Car,41.16914102911737,0,0,nan
nuscenes_mini_subset,scene-1094_036,-2,0,Car,30.003217733318582,17,7,41.1764705882353
nuscenes_mini_subset,scene-1094_036,-2,1,Motorcycle,25.73940201320229,4,1,25.0
nuscenes_mini_subset,scene-1094_036,-2,2,Car,41.16914102911737,0,0,nan
nuscenes_mini_subset,scene-1094_036,-1,0,Car,30.003217733318582,17,13,76.47058823529412
nuscenes_mini_subset,scene-1094_036,-1,1,Motorcycle,25.73940201320229,4,4,100.0
nuscenes_mini_subset,scene-1094_036,-1,2,Car,41.16914102911737,0,0,nan
nuscenes_mini_subset,scene-1094_036,-0.5,0,Car,30.003217733318582,17,17,100.0
nuscenes_mini_subset,scene-1094_036,-0.5,1,Motorcycle,25.73940201320229,4,4,100.0
nuscenes_mini_subset,scene-1094_036,-0.5,2,Car,41.16914102911737,0,0,nan
nuscenes_mini_subset,scene-1094_036,0,0,Car,30.003217733318582,17,17,100.0
nuscenes_mini_subset,scene-1094_036,0,1,Motorcycle,25.73940201320229,4,4,100.0
nuscenes_mini_subset,scene-1094_036,0,2,Car,41.16914102911737,0,0,nan
nuscenes_mini_subset,scene-1094_036,0.5,0,Car,30.003217733318582,17,17,100.0
nuscenes_mini_subset,scene-1094_036,0.5,1,Motorcycle,25.73940201320229,4,4,100.0
nuscenes_mini_subset,scene-1094_036,0.5,2,Car,41.16914102911737,0,0,nan
nuscenes_mini_subset,scene-1094_036,1,0,Car,30.003217733318582,17,14,82.3529411764706
nuscenes_mini_subset,scene-1094_036,1,1,Motorcycle,25.73940201320229,4,4,100.0
nuscenes_mini_subset,scene-1094_036,1,2,Car,41.16914102911737,0,0,nan
nuscenes_mini_subset,scene-1094_036,2,0,Car,30.003217733318582,17,8,47.05882352941177
nuscenes_mini_subset,scene-1094_036,2,1,Motorcycle,25.73940201320229,4,1,25.0
nuscenes_mini_subset,scene-1094_036,2,2,Car,41.16914102911737,0,0,nan
nuscenes_mini_subset,scene-1094_036,3,0,Car,30.003217733318582,17,2,11.764705882352942
nuscenes_mini_subset,scene-1094_036,3,1,Motorcycle,25.73940201320229,4,0,0.0
nuscenes_mini_subset,scene-1094_036,3,2,Car,41.16914102911737,0,0,nan
nuscenes_mini_subset,scene-1094_037,-3,0,Car,30.00173377134191,7,0,0.0
nuscenes_mini_subset,scene-1094_037,-3,1,Pedestrian,32.6184645813222,1,0,0.0
nuscenes_mini_subset,scene-1094_037,-3,2,Motorcycle,14.415438502550998,0,0,nan
nuscenes_mini_subset,scene-1094_037,-3,3,Pedestrian,28.14680930923339,3,0,0.0
nuscenes_mini_subset,scene-1094_037,-3,4,Car,29.085525265487867,5,2,40.0
nuscenes_mini_subset,scene-1094_037,-3,5,Pedestrian,30.446359574223834,1,0,0.0
nuscenes_mini_subset,scene-1094_037,-2,0,Car,30.00173377134191,7,2,28.571428571428573
nuscenes_mini_subset,scene-1094_037,-2,1,Pedestrian,32.6184645813222,1,0,0.0
nuscenes_mini_subset,scene-1094_037,-2,2,Motorcycle,14.415438502550998,0,0,nan
nuscenes_mini_subset,scene-1094_037,-2,3,Pedestrian,28.14680930923339,3,0,0.0
nuscenes_mini_subset,scene-1094_037,-2,4,Car,29.085525265487867,5,2,40.0
nuscenes_mini_subset,scene-1094_037,-2,5,Pedestrian,30.446359574223834,1,0,0.0
nuscenes_mini_subset,scene-1094_037,-1,0,Car,30.00173377134191,7,5,71.42857142857143
nuscenes_mini_subset,scene-1094_037,-1,1,Pedestrian,32.6184645813222,1,0,0.0
nuscenes_mini_subset,scene-1094_037,-1,2,Motorcycle,14.415438502550998,0,0,nan
nuscenes_mini_subset,scene-1094_037,-1,3,Pedestrian,28.14680930923339,3,0,0.0
nuscenes_mini_subset,scene-1094_037,-1,4,Car,29.085525265487867,5,3,60.0
nuscenes_mini_subset,scene-1094_037,-1,5,Pedestrian,30.446359574223834,1,0,0.0
nuscenes_mini_subset,scene-1094_037,-0.5,0,Car,30.00173377134191,7,7,100.0
nuscenes_mini_subset,scene-1094_037,-0.5,1,Pedestrian,32.6184645813222,1,1,100.0
nuscenes_mini_subset,scene-1094_037,-0.5,2,Motorcycle,14.415438502550998,0,0,nan
nuscenes_mini_subset,scene-1094_037,-0.5,3,Pedestrian,28.14680930923339,3,2,66.66666666666667
nuscenes_mini_subset,scene-1094_037,-0.5,4,Car,29.085525265487867,5,4,80.0
nuscenes_mini_subset,scene-1094_037,-0.5,5,Pedestrian,30.446359574223834,1,1,100.0
nuscenes_mini_subset,scene-1094_037,0,0,Car,30.00173377134191,7,7,100.0
nuscenes_mini_subset,scene-1094_037,0,1,Pedestrian,32.6184645813222,1,1,100.0
nuscenes_mini_subset,scene-1094_037,0,2,Motorcycle,14.415438502550998,0,0,nan
nuscenes_mini_subset,scene-1094_037,0,3,Pedestrian,28.14680930923339,3,3,100.0
nuscenes_mini_subset,scene-1094_037,0,4,Car,29.085525265487867,5,5,100.0
nuscenes_mini_subset,scene-1094_037,0,5,Pedestrian,30.446359574223834,1,1,100.0
nuscenes_mini_subset,scene-1094_037,0.5,0,Car,30.00173377134191,7,7,100.0
nuscenes_mini_subset,scene-1094_037,0.5,1,Pedestrian,32.6184645813222,1,1,100.0
nuscenes_mini_subset,scene-1094_037,0.5,2,Motorcycle,14.415438502550998,0,0,nan
nuscenes_mini_subset,scene-1094_037,0.5,3,Pedestrian,28.14680930923339,3,3,100.0
nuscenes_mini_subset,scene-1094_037,0.5,4,Car,29.085525265487867,5,4,80.0
nuscenes_mini_subset,scene-1094_037,0.5,5,Pedestrian,30.446359574223834,1,1,100.0
nuscenes_mini_subset,scene-1094_037,1,0,Car,30.00173377134191,7,7,100.0
nuscenes_mini_subset,scene-1094_037,1,1,Pedestrian,32.6184645813222,1,0,0.0
nuscenes_mini_subset,scene-1094_037,1,2,Motorcycle,14.415438502550998,0,0,nan
nuscenes_mini_subset,scene-1094_037,1,3,Pedestrian,28.14680930923339,3,1,33.333333333333336
nuscenes_mini_subset,scene-1094_037,1,4,Car,29.085525265487867,5,4,80.0
nuscenes_mini_subset,scene-1094_037,1,5,Pedestrian,30.446359574223834,1,0,0.0
nuscenes_mini_subset,scene-1094_037,2,0,Car,30.00173377134191,7,4,57.142857142857146
nuscenes_mini_subset,scene-1094_037,2,1,Pedestrian,32.6184645813222,1,0,0.0
nuscenes_mini_subset,scene-1094_037,2,2,Motorcycle,14.415438502550998,0,0,nan
nuscenes_mini_subset,scene-1094_037,2,3,Pedestrian,28.14680930923339,3,0,0.0
nuscenes_mini_subset,scene-1094_037,2,4,Car,29.085525265487867,5,4,80.0
nuscenes_mini_subset,scene-1094_037,2,5,Pedestrian,30.446359574223834,1,0,0.0
nuscenes_mini_subset,scene-1094_037,3,0,Car,30.00173377134191,7,1,14.285714285714286
nuscenes_mini_subset,scene-1094_037,3,1,Pedestrian,32.6184645813222,1,0,0.0
nuscenes_mini_subset,scene-1094_037,3,2,Motorcycle,14.415438502550998,0,0,nan
nuscenes_mini_subset,scene-1094_037,3,3,Pedestrian,28.14680930923339,3,0,0.0
nuscenes_mini_subset,scene-1094_037,3,4,Car,29.085525265487867,5,3,60.0
nuscenes_mini_subset,scene-1094_037,3,5,Pedestrian,30.446359574223834,1,0,0.0
nuscenes_mini_subset,scene-1094_038,-3,0,Car,29.964016796112574,18,3,16.666666666666668
nuscenes_mini_subset,scene-1094_038,-3,1,Pedestrian,25.765808410002013,5,0,0.0
nuscenes_mini_subset,scene-1094_038,-3,2,Pedestrian,21.226477926794576,4,0,0.0
nuscenes_mini_subset,scene-1094_038,-3,3,Car,17.080022895630176,42,29,69.04761904761905
nuscenes_mini_subset,scene-1094_038,-3,4,Pedestrian,24.89463992746106,3,0,0.0
nuscenes_mini_subset,scene-1094_038,-2,0,Car,29.964016796112574,18,8,44.44444444444444
nuscenes_mini_subset,scene-1094_038,-2,1,Pedestrian,25.765808410002013,5,0,0.0
nuscenes_mini_subset,scene-1094_038,-2,2,Pedestrian,21.226477926794576,4,0,0.0
nuscenes_mini_subset,scene-1094_038,-2,3,Car,17.080022895630176,42,34,80.95238095238095
nuscenes_mini_subset,scene-1094_038,-2,4,Pedestrian,24.89463992746106,3,0,0.0
nuscenes_mini_subset,scene-1094_038,-1,0,Car,29.964016796112574,18,14,77.77777777777777
nuscenes_mini_subset,scene-1094_038,-1,1,Pedestrian,25.765808410002013,5,2,40.0
nuscenes_mini_subset,scene-1094_038,-1,2,Pedestrian,21.226477926794576,4,0,0.0
nuscenes_mini_subset,scene-1094_038,-1,3,Car,17.080022895630176,42,40,95.23809523809524
nuscenes_mini_subset,scene-1094_038,-1,4,Pedestrian,24.89463992746106,3,0,0.0
nuscenes_mini_subset,scene-1094_038,-0.5,0,Car,29.964016796112574,18,18,100.0
nuscenes_mini_subset,scene-1094_038,-0.5,1,Pedestrian,25.765808410002013,5,4,80.0
nuscenes_mini_subset,scene-1094_038,-0.5,2,Pedestrian,21.226477926794576,4,3,75.0
nuscenes_mini_subset,scene-1094_038,-0.5,3,Car,17.080022895630176,42,42,100.0
nuscenes_mini_subset,scene-1094_038,-0.5,4,Pedestrian,24.89463992746106,3,2,66.66666666666667
nuscenes_mini_subset,scene-1094_038,0,0,Car,29.964016796112574,18,18,100.0
nuscenes_mini_subset,scene-1094_038,0,1,Pedestrian,25.765808410002013,5,5,100.0
nuscenes_mini_subset,scene-1094_038,0,2,Pedestrian,21.226477926794576,4,4,100.0
nuscenes_mini_subset,scene-1094_038,0,3,Car,17.080022895630176,42,42,100.0
nuscenes_mini_subset,scene-1094_038,0,4,Pedestrian,24.89463992746106,3,3,100.0
nuscenes_mini_subset,scene-1094_038,0.5,0,Car,29.964016796112574,18,15,83.33333333333333
nuscenes_mini_subset,scene-1094_038,0.5,1,Pedestrian,25.765808410002013,5,3,60.0
nuscenes_mini_subset,scene-1094_038,0.5,2,Pedestrian,21.226477926794576,4,4,100.0
nuscenes_mini_subset,scene-1094_038,0.5,3,Car,17.080022895630176,42,42,100.0
nuscenes_mini_subset,scene-1094_038,0.5,4,Pedestrian,24.89463992746106,3,3,100.0
nuscenes_mini_subset,scene-1094_038,1,0,Car,29.964016796112574,18,14,77.77777777777777
nuscenes_mini_subset,scene-1094_038,1,1,Pedestrian,25.765808410002013,5,1,20.0
nuscenes_mini_subset,scene-1094_038,1,2,Pedestrian,21.226477926794576,4,4,100.0
nuscenes_mini_subset,scene-1094_038,1,3,Car,17.080022895630176,42,41,97.61904761904762
nuscenes_mini_subset,scene-1094_038,1,4,Pedestrian,24.89463992746106,3,1,33.333333333333336
nuscenes_mini_subset,scene-1094_038,2,0,Car,29.964016796112574,18,8,44.44444444444444
nuscenes_mini_subset,scene-1094_038,2,1,Pedestrian,25.765808410002013,5,0,0.0
nuscenes_mini_subset,scene-1094_038,2,2,Pedestrian,21.226477926794576,4,0,0.0
nuscenes_mini_subset,scene-1094_038,2,3,Car,17.080022895630176,42,38,90.47619047619048
nuscenes_mini_subset,scene-1094_038,2,4,Pedestrian,24.89463992746106,3,0,0.0
nuscenes_mini_subset,scene-1094_038,3,0,Car,29.964016796112574,18,2,11.11111111111111
nuscenes_mini_subset,scene-1094_038,3,1,Pedestrian,25.765808410002013,5,0,0.0
nuscenes_mini_subset,scene-1094_038,3,2,Pedestrian,21.226477926794576,4,0,0.0
nuscenes_mini_subset,scene-1094_038,3,3,Car,17.080022895630176,42,30,71.42857142857143
nuscenes_mini_subset,scene-1094_038,3,4,Pedestrian,24.89463992746106,3,0,0.0
nuscenes_mini_subset,scene-1094_039,-3,0,Car,29.836410273495154,10,1,10.0
nuscenes_mini_subset,scene-1094_039,-3,1,Pedestrian,18.830186687180035,11,0,0.0
nuscenes_mini_subset,scene-1094_039,-3,2,Pedestrian,14.307649736625,7,0,0.0
nuscenes_mini_subset,scene-1094_039,-3,3,Pedestrian,19.210833763883475,4,0,0.0
nuscenes_mini_subset,scene-1094_039,-2,0,Car,29.836410273495154,10,4,40.0
nuscenes_mini_subset,scene-1094_039,-2,1,Pedestrian,18.830186687180035,11,0,0.0
nuscenes_mini_subset,scene-1094_039,-2,2,Pedestrian,14.307649736625,7,0,0.0
nuscenes_mini_subset,scene-1094_039,-2,3,Pedestrian,19.210833763883475,4,0,0.0
nuscenes_mini_subset,scene-1094_039,-1,0,Car,29.836410273495154,10,7,70.0
nuscenes_mini_subset,scene-1094_039,-1,1,Pedestrian,18.830186687180035,11,6,54.54545454545455
nuscenes_mini_subset,scene-1094_039,-1,2,Pedestrian,14.307649736625,7,6,85.71428571428571
nuscenes_mini_subset,scene-1094_039,-1,3,Pedestrian,19.210833763883475,4,3,75.0
nuscenes_mini_subset,scene-1094_039,-0.5,0,Car,29.836410273495154,10,9,90.0
nuscenes_mini_subset,scene-1094_039,-0.5,1,Pedestrian,18.830186687180035,11,10,90.9090909090909
nuscenes_mini_subset,scene-1094_039,-0.5,2,Pedestrian,14.307649736625,7,7,100.0
nuscenes_mini_subset,scene-1094_039,-0.5,3,Pedestrian,19.210833763883475,4,4,100.0
nuscenes_mini_subset,scene-1094_039,0,0,Car,29.836410273495154,10,10,100.0
nuscenes_mini_subset,scene-1094_039,0,1,Pedestrian,18.830186687180035,11,11,100.0
nuscenes_mini_subset,scene-1094_039,0,2,Pedestrian,14.307649736625,7,7,100.0
nuscenes_mini_subset,scene-1094_039,0,3,Pedestrian,19.210833763883475,4,4,100.0
nuscenes_mini_subset,scene-1094_039,0.5,0,Car,29.836410273495154,10,9,90.0
nuscenes_mini_subset,scene-1094_039,0.5,1,Pedestrian,18.830186687180035,11,11,100.0
nuscenes_mini_subset,scene-1094_039,0.5,2,Pedestrian,14.307649736625,7,7,100.0
nuscenes_mini_subset,scene-1094_039,0.5,3,Pedestrian,19.210833763883475,4,4,100.0
nuscenes_mini_subset,scene-1094_039,1,0,Car,29.836410273495154,10,8,80.0
nuscenes_mini_subset,scene-1094_039,1,1,Pedestrian,18.830186687180035,11,7,63.63636363636363
nuscenes_mini_subset,scene-1094_039,1,2,Pedestrian,14.307649736625,7,7,100.0
nuscenes_mini_subset,scene-1094_039,1,3,Pedestrian,19.210833763883475,4,1,25.0
nuscenes_mini_subset,scene-1094_039,2,0,Car,29.836410273495154,10,5,50.0
nuscenes_mini_subset,scene-1094_039,2,1,Pedestrian,18.830186687180035,11,0,0.0
nuscenes_mini_subset,scene-1094_039,2,2,Pedestrian,14.307649736625,7,0,0.0
nuscenes_mini_subset,scene-1094_039,2,3,Pedestrian,19.210833763883475,4,0,0.0
nuscenes_mini_subset,scene-1094_039,3,0,Car,29.836410273495154,10,2,20.0
nuscenes_mini_subset,scene-1094_039,3,1,Pedestrian,18.830186687180035,11,0,0.0
nuscenes_mini_subset,scene-1094_039,3,2,Pedestrian,14.307649736625,7,0,0.0
nuscenes_mini_subset,scene-1094_039,3,3,Pedestrian,19.210833763883475,4,0,0.0
