dataset,frame_id,yaw_deg,n_points,visible_points,fov_pct,any_box_pct,common_points,lost_baseline_pct,shift_mean_px,shift_p95_px,object_pairs,matched_pairs,object_retained_pct,edge_distance_px,edge_baseline_common_px,edge_delta_px
kitti_mini,000001,-3,120268,18637,15.496225097282734,0.19316413585877557,17813,4.385399892646269,46.30108843298398,60.75238826087957,97,0,0.0,14.711799621582031,15.20128059387207,-0.48948097229003906
kitti_mini,000001,-2,120268,18627,15.48791033358832,0.21474204112310086,18080,2.952227589908749,31.017977136992027,41.00924590455049,97,13,13.402061855670103,14.798606872558594,15.124265670776367,-0.32565879821777344
kitti_mini,000001,-1,120268,18635,15.494562144543853,0.4400321974778642,18357,1.465378421900161,15.590652677804833,20.771858865291005,97,54,55.670103092783506,14.919645309448242,15.082114219665527,-0.16246891021728516
kitti_mini,000001,-0.5,120268,18633,15.492899191804968,0.5205817635378093,18499,0.703166935050993,7.816907206629426,10.453218831212967,97,76,78.35051546391753,15.00887680053711,15.080029487609863,-0.0711526870727539
kitti_mini,000001,0,120268,18630,15.490404762696643,0.6172839506172839,18630,0.0,0.0,0.0,97,97,100.0,15.092598915100098,15.092598915100098,0.0
kitti_mini,000001,0.5,120268,18629,15.489573286327202,0.5153255676633206,18492,0.7407407407407407,7.81431813695119,10.455353586314907,97,72,74.22680412371135,15.072494506835938,14.99425220489502,0.07824230194091797
kitti_mini,000001,1,120268,18630,15.490404762696643,0.40257648953301123,18360,1.4492753623188406,15.58550051516185,20.777973090118056,97,41,42.2680412371134,15.095014572143555,14.911645889282227,0.18336868286132812
kitti_mini,000001,2,120268,18633,15.492899191804968,0.2307733590940804,18089,2.903918411164788,31.00162049609033,41.019910638575055,97,7,7.216494845360825,15.14433479309082,14.757670402526855,0.38666439056396484
kitti_mini,000001,3,120268,18635,15.494562144543853,0.20391735980681513,17815,4.374664519592056,46.25314552181422,60.76806898618586,97,0,0.0,15.194808006286621,14.644718170166016,0.5500898361206055
kitti_mini,000004,-3,115976,19049,16.424949989653033,1.2074124625964617,18255,4.238577348790852,46.16437919330687,60.55256224962722,103,18,17.475728155339805,11.050864219665527,11.07365894317627,-0.022794723510742188
kitti_mini,000004,-2,115976,19067,16.440470442160446,1.1380919913987517,18537,2.75927188795048,30.934875725894532,40.974224247678954,103,47,45.63106796116505,11.074077606201172,11.046703338623047,0.027374267578125
kitti_mini,000004,-1,115976,19080,16.451679657860247,1.0482180293501049,18806,1.3481613597020405,15.544472799634269,20.703029584362962,103,80,77.66990291262135,11.04311752319336,11.062704086303711,-0.019586563110351562
kitti_mini,000004,-0.5,115976,19076,16.448230668414155,0.9802893688404278,18938,0.655720505691654,7.7921050294935235,10.426574178654658,103,95,92.23300970873787,11.043543815612793,11.052298545837402,-0.008754730224609375
kitti_mini,000004,0,115976,19063,16.437021452714355,0.9127629439227825,19063,0.0,0.0,0.0,103,103,100.0,11.041879653930664,11.041879653930664,0.0
kitti_mini,000004,0.5,115976,19053,16.428398979099125,0.8660053534876397,18929,0.702932382101453,7.789305161102552,10.411536254680472,103,97,94.1747572815534,11.042573928833008,11.04642105102539,-0.0038471221923828125
kitti_mini,000004,1,115976,19032,16.410291784507137,0.819672131147541,18793,1.4163562922939725,15.536418253604118,20.689682798805645,103,82,79.6116504854369,11.054920196533203,11.049867630004883,0.0050525665283203125
kitti_mini,000004,2,115976,18975,16.361143684900327,0.8115942028985508,18518,2.8589414048156114,30.90685560055947,40.84539195580657,103,56,54.36893203883495,11.044023513793945,11.064844131469727,-0.02082061767578125
kitti_mini,000004,3,115976,18965,16.352521211285094,0.7276562088056947,18244,4.296280753291717,46.121569903454805,60.53161968377269,103,21,20.388349514563107,11.006562232971191,11.073677062988281,-0.06711483001708984
kitti_mini,000007,-3,122798,19515,15.891952637665108,1.64488854727133,18712,3.6606085568655717,45.96104804649056,60.45009802860015,240,46,19.166666666666668,6.88583517074585,7.3689284324646,-0.48309326171875
kitti_mini,000007,-2,122798,19508,15.886252219091515,1.6454787779372566,18977,2.2962467178087835,30.791392525085406,40.81689883516886,240,105,43.75,7.005864143371582,7.342142105102539,-0.33627796173095703
kitti_mini,000007,-1,122798,19363,15.768172120067103,1.6939523834116614,19095,1.6887195592853832,15.425471357375486,20.502498627006496,240,177,73.75,7.172766208648682,7.3417649269104,-0.16899871826171875
kitti_mini,000007,-0.5,122798,19351,15.758399973940943,1.663996692677381,19221,1.0400041188281934,7.733387870998255,10.31262476951188,240,222,92.5,7.245182514190674,7.332127094268799,-0.086944580078125
kitti_mini,000007,0,122798,19423,15.817032850697894,1.5806003192091849,19423,0.0,0.0,0.0,240,240,100.0,7.314589023590088,7.314589023590088,0.0
kitti_mini,000007,0.5,122798,19433,15.825176305803026,1.5489116451397107,19285,0.7104978633578747,7.74739195374617,10.353094842091645,240,212,88.33333333333333,7.329288482666016,7.255029201507568,0.07425928115844727
kitti_mini,000007,1,122798,19388,15.788530757829932,1.5989271714462554,19144,1.4364413324409206,15.452331573208946,20.56585682085789,240,172,71.66666666666667,7.320834636688232,7.184715270996094,0.13611936569213867
kitti_mini,000007,2,122798,19236,15.664750240231925,1.6323559991682262,18870,2.8471399886732223,30.74949202403888,40.623794534775584,240,99,41.25,7.351400375366211,7.059988498687744,0.2914118766784668
kitti_mini,000007,3,122798,19268,15.690809296568348,1.7074942910525224,18593,4.273284250630695,45.89640637402046,60.16931763397362,240,42,17.5,7.385904788970947,6.97226095199585,0.41364383697509766
kitti_mini,000008,-3,122555,17099,13.952103137366898,53.86864728931516,16465,4.484278918668059,45.44687897807611,60.77895018377784,5127,4276,83.40159937585332,6.062266826629639,6.36965799331665,-0.3073911666870117
kitti_mini,000008,-2,122555,17106,13.957814858634897,53.647842862153624,16695,3.1500174034110686,30.454934408830837,41.12595481519869,5127,4646,90.61829529939536,6.114526271820068,6.332798957824707,-0.21827268600463867
kitti_mini,000008,-1,122555,17161,14.00269266859777,53.505040498805435,16959,1.6185172293769579,15.320559260479886,20.8946516240469,5127,4973,96.99629412912034,6.185662269592285,6.3021674156188965,-0.11650514602661133
kitti_mini,000008,-0.5,122555,17198,14.03288319530007,53.5643679497616,17098,0.8121591831999072,7.685740965220034,10.539652189859444,5127,5070,98.88823873610298,6.241351127624512,6.284721851348877,-0.043370723724365234
kitti_mini,000008,0,122555,17238,14.065521602545797,53.747534516765285,17238,0.0,0.0,0.0,5127,5108,99.62941291203433,6.291767120361328,6.291767120361328,0.0
kitti_mini,000008,0.5,122555,17281,14.10060789033495,54.00150454256119,17138,0.580113702285648,7.693172066864535,10.56458039250108,5127,5067,98.82972498537156,6.305574893951416,6.21092414855957,0.0946507453918457
kitti_mini,000008,1,122555,17316,14.129166496674964,54.123354123354126,17033,1.1892330896855783,15.345433936929783,20.990973596322004,5127,4978,97.09381704700604,6.345244407653809,6.144731044769287,0.20051336288452148
kitti_mini,000008,2,122555,17384,14.184651788992698,54.55016106764842,16835,2.3378582202111615,30.551158419625708,41.46495411289482,5127,4709,91.84708406475522,6.473099231719971,6.082587242126465,0.39051198959350586
kitti_mini,000008,3,122555,17436,14.22708171841214,55.402615278733656,16622,3.5735004060795914,45.612215032618664,61.552936858004244,5127,4443,86.65886483323581,6.632064342498779,6.036243438720703,0.5958209037780762
kitti_mini,000009,-3,123928,19443,15.688948421664191,1.2138044540451576,18619,4.080160733604657,46.02898401172601,60.55573891110558,224,70,31.25,12.459977149963379,13.338493347167969,-0.8785161972045898
kitti_mini,000009,-2,123928,19440,15.686527661222646,1.1934156378600824,18890,2.6840451290505385,30.840514299118595,40.86557959829341,224,124,55.357142857142854,12.647200584411621,13.231289863586426,-0.5840892791748047
kitti_mini,000009,-1,123928,19429,15.67765153960364,1.2352668691131814,19157,1.3085363968883623,15.498408707229531,20.68290302452665,224,180,80.35714285714286,12.830989837646484,13.123307228088379,-0.29231739044189453
kitti_mini,000009,-0.5,123928,19427,15.676037699309276,1.2611314150409223,19285,0.6491164803461954,7.76870534564593,10.402953602282196,224,209,93.30357142857143,12.931443214416504,13.072051048278809,-0.1406078338623047
kitti_mini,000009,0,123928,19411,15.663126976954361,1.267322652104477,19411,0.0,0.0,0.0,224,224,100.0,13.030168533325195,13.030168533325195,0.0
kitti_mini,000009,0.5,123928,19412,15.663933897101542,1.2518030084483824,19279,0.6800267889341095,7.7680752303335066,10.400343449938921,224,207,92.41071428571429,13.081706047058105,12.943097114562988,0.1386089324951172
kitti_mini,000009,1,123928,19395,15.650216254599444,1.2271203918535705,19140,1.3961156045541188,15.49461331243646,20.663012319910933,224,181,80.80357142857143,13.153560638427734,12.86507511138916,0.2884855270385742
kitti_mini,000009,2,123928,19381,15.638919372538892,1.2176874258294206,18871,2.7819277729122662,30.83311631188233,40.8173215795703,224,120,53.57142857142857,13.282034873962402,12.730470657348633,0.5515642166137695
kitti_mini,000009,3,123928,19381,15.638919372538892,1.2331665032764048,18598,4.188346813662356,46.02152153542389,60.479536734159865,224,66,29.464285714285715,13.385091781616211,12.610664367675781,0.7744274139404297
kitti_mini,000010,-3,115875,16717,14.426752966558793,27.008434527726266,15983,2.9215257531584062,45.613542224023014,59.68745977560307,2064,1381,66.90891472868218,11.658093452453613,11.720529556274414,-0.06243610382080078
kitti_mini,000010,-2,115875,16646,14.365480043149947,26.366694701429772,16142,1.9557823129251701,30.511117934824828,40.315726900911294,2064,1629,78.92441860465117,11.728104591369629,11.790571212768555,-0.06246662139892578
kitti_mini,000010,-1,115875,16555,14.286947141316073,25.829054666263968,16304,0.9718172983479106,15.312380168728177,20.42799011941092,2064,1901,92.10271317829458,11.80776596069336,11.827507972717285,-0.01974201202392578
kitti_mini,000010,-0.5,115875,16501,14.2403451995685,25.665111205381493,16380,0.5102040816326531,7.67034103430443,10.282436569111063,2064,2004,97.09302325581395,11.828519821166992,11.851685523986816,-0.02316570281982422
kitti_mini,000010,0,115875,16464,14.2084142394822,25.564868804664727,16464,0.0,0.0,0.0,2064,2058,99.70930232558139,11.883584976196289,11.883584976196289,0.0
kitti_mini,000010,0.5,115875,16412,14.16353829557713,25.41433097733366,16334,0.7896015549076774,7.664075763559846,10.311163120185968,2064,2051,99.37015503875969,11.856195449829102,11.819174766540527,0.03702068328857422
kitti_mini,000010,1,115875,16369,14.126429341963323,25.401673895778604,16212,1.530612244897959,15.285691532701195,20.49053980465764,2064,1975,95.68798449612403,11.831422805786133,11.754376411437988,0.07704639434814453
kitti_mini,000010,2,115875,16299,14.066019417475728,25.492361494570222,15949,3.128036929057337,30.395729976692255,40.27462279466188,2064,1775,85.99806201550388,11.862011909484863,11.658477783203125,0.20353412628173828
kitti_mini,000010,3,115875,16271,14.04185544768069,25.70216950402557,15707,4.597910592808552,45.357067199041936,59.630309024267824,2064,1536,74.4186046511628,11.861286163330078,11.58724308013916,0.27404308319091797
kitti_mini,000011,-3,108004,19832,18.36228287841191,7.714804356595402,19169,3.895517898325479,45.8322262681808,60.515549909217064,725,136,18.75862068965517,26.211788177490234,25.43960189819336,0.772186279296875
kitti_mini,000011,-2,108004,19876,18.403022110292213,7.753069027973434,19432,2.57695778602226,30.700187519821213,40.87763759192541,725,331,45.6551724137931,26.187192916870117,25.6190242767334,0.5681686401367188
kitti_mini,000011,-1,108004,19933,18.455797933409873,7.826217829729594,19709,1.1882081620375013,15.42953100195343,20.693203980527088,725,565,77.93103448275862,26.12775230407715,25.80945587158203,0.3182964324951172
kitti_mini,000011,-0.5,108004,19955,18.476167549350023,7.977950388373841,19846,0.501353654868144,7.734910181953767,10.411460946549836,725,672,92.6896551724138,26.062414169311523,25.913087844848633,0.14932632446289062
kitti_mini,000011,0,108004,19946,18.467834524647238,8.162037501253385,19946,0.0,0.0,0.0,725,721,99.44827586206897,26.02260398864746,26.02260398864746,0.0
kitti_mini,000011,0.5,108004,19946,18.467834524647238,8.267321768775695,19823,0.6166649954878171,7.7306127875335795,10.394514117663295,725,634,87.44827586206897,25.85400390625,26.059274673461914,-0.20527076721191406
kitti_mini,000011,1,108004,19952,18.473389874449094,8.299919807538092,19700,1.2333299909756341,15.424019030756547,20.65863930092618,725,508,70.06896551724138,25.7078800201416,26.121776580810547,-0.4138965606689453
kitti_mini,000011,2,108004,19963,18.48357468241917,8.630967289485548,19447,2.5017547377920386,30.700584443806658,40.73119784762159,725,269,37.10344827586207,25.49620819091797,26.239643096923828,-0.7434349060058594
kitti_mini,000011,3,108004,19948,18.46968630791452,8.792861439743332,19180,3.8403689962899827,45.82815269770593,60.38710919499007,725,114,15.724137931034482,25.277841567993164,26.305164337158203,-1.027322769165039
kitti_mini,000012,-3,120007,18664,15.552426108477006,0.04286326618088298,17874,4.442662389735365,45.990002502102044,60.5031666180487,52,0,0.0,6.610008239746094,6.401913642883301,0.20809459686279297
kitti_mini,000012,-2,120007,18666,15.55409267792712,0.04285867352405443,18150,2.967121090617482,30.808919538491086,40.83957630428266,52,5,9.615384615384615,6.662239074707031,6.457285404205322,0.20495367050170898
kitti_mini,000012,-1,120007,18666,15.55409267792712,0.16072002571520413,18425,1.4969259556268377,15.481688775804091,20.690817736373745,52,28,53.84615384615385,6.650216102600098,6.539158821105957,0.11105728149414062
kitti_mini,000012,-0.5,120007,18677,15.563258809902756,0.25700058895968303,18568,0.7324244854317028,7.761299312949817,10.41815739904354,52,46,88.46153846153847,6.670714855194092,6.602077484130859,0.06863737106323242
kitti_mini,000012,0,120007,18705,15.586590782204372,0.29403902699812884,18705,0.0,0.0,0.0,52,52,100.0,6.673864841461182,6.673864841461182,0.0
kitti_mini,000012,0.5,120007,18688,15.57242494187839,0.3478167808219178,18579,0.673616680032077,7.759646218126657,10.420758991417749,52,48,92.3076923076923,6.630573272705078,6.658329963684082,-0.027756690979003906
kitti_mini,000012,1,120007,18698,15.580757789128969,0.3422825970692053,18440,1.4167334937182572,15.472855562781506,20.71989409714132,52,34,65.38461538461539,6.572171211242676,6.647866249084473,-0.07569503784179688
kitti_mini,000012,2,120007,18699,15.581591073854026,0.34761217177389164,18164,2.89227479283614,30.76679408915112,40.85519532973907,52,5,9.615384615384615,6.49168062210083,6.629922389984131,-0.13824176788330078
kitti_mini,000012,3,120007,18713,15.593257060004834,0.3420082295730241,17905,4.276931301790965,45.90406982911595,60.48517769998206,52,0,0.0,6.3647141456604,6.596701145172119,-0.23198699951171875
kitti_mini,000015,-3,122583,18302,14.930292128598582,21.483990820675338,17618,3.9053125340896693,45.452958537698755,60.13380132815566,2227,1673,75.12348450830714,13.993102073669434,12.493180274963379,1.4999217987060547
kitti_mini,000015,-2,122583,18327,14.950686473654585,21.760244448082062,17867,2.5471801025417258,30.432698427204798,40.512553241273764,2227,1923,86.34934889986529,13.912067413330078,12.925970077514648,0.9860973358154297
kitti_mini,000015,-1,122583,18347,14.967001949699387,21.970894424156537,18127,1.1290498527326278,15.289039412323968,20.55988469163168,2227,2117,95.06061966771442,13.915143013000488,13.398499488830566,0.5166435241699219
kitti_mini,000015,-0.5,122583,18347,14.967001949699387,22.205265165967187,18243,0.49634558743318424,7.660961372266281,10.335998174256304,2227,2195,98.56308935788056,13.802424430847168,13.550548553466797,0.2518758773803711
kitti_mini,000015,0,122583,18334,14.956396890270266,22.428275335442347,18334,0.0,0.0,0.0,2227,2182,97.97934440951953,13.700177192687988,13.700177192687988,0.0
kitti_mini,000015,0.5,122583,18379,14.993106711371071,22.59644159094619,18250,0.4581651576306316,7.655110876709542,10.326814163085594,2227,2042,91.69286035024697,13.457023620605469,13.719783782958984,-0.2627601623535156
kitti_mini,000015,1,122583,18441,15.043684687109959,22.87294615259476,18165,0.9217846623759136,15.27626336327854,20.548811984317606,2227,1881,84.46340368208352,13.222131729125977,13.744002342224121,-0.5218706130981445
kitti_mini,000015,2,122583,18470,15.067342127374921,23.51922035733622,17978,1.941747572815534,30.4163331835736,40.550465434459134,2227,1673,75.12348450830714,12.807819366455078,13.76518726348877,-0.9573678970336914
kitti_mini,000015,3,122583,18540,15.12444629353173,23.66774541531823,17797,2.928984400567252,45.431246002088756,60.1807258820798,2227,1538,69.06151773686574,12.346208572387695,13.7596435546875,-1.4134349822998047
kitti_mini,000016,-3,113070,17840,15.777836738303705,29.882286995515695,17151,4.012760241773002,45.77432932770655,60.74677034393467,3824,3484,91.10878661087867,16.030914306640625,14.542860984802246,1.488053321838379
kitti_mini,000016,-2,113070,17869,15.803484567082338,30.28149308858918,17394,2.6527871054398924,30.65369550050756,40.99547485465904,3824,3651,95.47594142259415,16.054685592651367,15.056565284729004,0.9981203079223633
kitti_mini,000016,-1,113070,17879,15.81232864597152,30.493875496392413,17628,1.3431833445265278,15.397253019205712,20.766432214709,3824,3789,99.0847280334728,16.032136917114258,15.584304809570312,0.4478321075439453
kitti_mini,000016,-0.5,113070,17881,15.81409746174936,30.46250209719814,17750,0.6603984777255428,7.7172996109317555,10.449096403339489,3824,3822,99.94769874476988,16.08122444152832,15.86202621459961,0.21919822692871094
kitti_mini,000016,0,113070,17868,15.80260015919342,30.32796059995523,17868,0.0,0.0,0.0,3824,3819,99.86924686192468,16.136676788330078,16.136676788330078,0.0
kitti_mini,000016,0.5,113070,17872,15.806137790749094,29.991047448522828,17752,0.6492052831878218,7.714340507789449,10.444443752815435,3824,3742,97.85564853556485,15.857519149780273,16.106182098388672,-0.24866294860839844
kitti_mini,000016,1,113070,17871,15.805253382860174,29.82485591181243,17625,1.3599731363331096,15.382106618037124,20.709486710529944,3824,3630,94.92677824267783,15.56783676147461,16.073869705200195,-0.5060329437255859
kitti_mini,000016,2,113070,17883,15.815866277527196,29.575574568025498,17388,2.6863666890530555,30.59387292139296,40.77254461396309,3824,3411,89.19979079497908,14.919156074523926,16.02863883972168,-1.109482765197754
kitti_mini,000016,3,113070,17899,15.830016803749889,29.442985641655962,17169,3.9120214909335123,45.662529164415155,60.36167528349218,3824,3200,83.68200836820084,14.279287338256836,15.984903335571289,-1.7056159973144531
kitti_mini,000019,-3,115697,18613,16.087711868069178,40.05802396174716,17988,4.278416347381865,46.21011902077555,61.49291853063759,6228,5490,88.15028901734104,15.185774803161621,14.434527397155762,0.7512474060058594
kitti_mini,000019,-2,115697,18699,16.162043959653232,40.27488100967966,18258,2.841634738186462,30.956887594859676,41.51150052506983,6228,5855,94.01091843288376,15.206422805786133,14.650897979736328,0.5555248260498047
kitti_mini,000019,-1,115697,18740,16.197481352152607,40.47491995731057,18523,1.431460195828012,15.554119306806644,21.019229161817528,6228,6159,98.89210019267823,15.234854698181152,14.888066291809082,0.3467884063720703
kitti_mini,000019,-0.5,115697,18765,16.21908951831076,40.532907007727154,18659,0.7077479778629204,7.797344665638773,10.575197530535487,6228,6213,99.75915221579962,15.257866859436035,15.071459770202637,0.18640708923339844
kitti_mini,000019,0,115697,18792,16.242426337761568,40.61834823329076,18792,0.0,0.0,0.0,6228,6223,99.91971740526654,15.265405654907227,15.265405654907227,0.0
kitti_mini,000019,0.5,115697,18828,16.27354209702931,40.62566390482261,18688,0.5534269902085994,7.798597410349643,10.58599371308944,6228,6113,98.15350032113038,15.0591459274292,15.256223678588867,-0.19707775115966797
kitti_mini,000019,1,115697,18859,16.300336223065422,40.83461477278753,18589,1.0802469135802468,15.562287889068957,21.058752305719175,6228,5993,96.2267180475273,14.861227989196777,15.225566864013672,-0.36433887481689453
kitti_mini,000019,2,115697,18912,16.34614553532071,41.01628595600677,18369,2.2509578544061304,30.966771983835827,41.572044726022966,6228,5691,91.37764932562621,14.666632652282715,15.198081970214844,-0.5314493179321289
kitti_mini,000019,3,115697,18936,16.366889374832535,41.36037177862273,18139,3.4748829289059175,46.21595328698724,61.61599026196882,6228,5394,86.60886319845858,14.511918067932129,15.123295783996582,-0.6113777160644531
kitti_mini,000021,-3,125260,19920,15.902921922401406,25.722891566265062,19110,3.6016949152542375,46.00157389785721,60.450284250995225,2605,1720,66.02687140115164,13.024565696716309,16.71192741394043,-3.687361717224121
kitti_mini,000021,-2,125260,19860,15.855021555165255,25.42799597180262,19322,2.53228410008071,30.784369045172777,40.67751898760062,2605,2045,78.50287907869482,14.130559921264648,16.623966217041016,-2.493406295776367
kitti_mini,000021,-1,125260,19815,15.819096279738146,25.137522079232905,19548,1.3922518159806296,15.45996259795963,20.60105032112083,2605,2353,90.32629558541267,15.267242431640625,16.509008407592773,-1.2417659759521484
kitti_mini,000021,-0.5,125260,19814,15.818297940284209,25.158978500050473,19676,0.7465698143664246,7.7502384547200585,10.37865598691892,2605,2514,96.50671785028791,15.828153610229492,16.450178146362305,-0.6220245361328125
kitti_mini,000021,0,125260,19824,15.826281334823566,25.17655367231638,19824,0.0,0.0,0.0,2605,2595,99.61612284069098,16.4063720703125,16.4063720703125,0.0
kitti_mini,000021,0.5,125260,19818,15.821491298099952,25.290140276516297,19684,0.7062146892655368,7.75405914786639,10.401660588332557,2605,2600,99.8080614203455,16.439289093017578,15.82222843170166,0.617060661315918
kitti_mini,000021,1,125260,19827,15.828676353185376,25.298834922075958,19544,1.4124293785310735,15.466814917599418,20.66730707141846,2605,2534,97.27447216890594,16.504240036010742,15.255570411682129,1.2486696243286133
kitti_mini,000021,2,125260,19841,15.839853105540474,25.46242628899753,19273,2.7794592413236483,30.780948389515594,40.833800609688495,2605,2367,90.8637236084453,16.6773681640625,14.173643112182617,2.503725051879883
kitti_mini,000021,3,125260,19863,15.857416573527065,25.39394854755072,18996,4.176755447941889,45.94529992209992,60.50442715210135,2605,2097,80.49904030710172,16.846837997436523,13.105928421020508,3.7409095764160156
kitti_mini,000023,-3,120412,18578,15.428694814470317,0.2691355366562601,17762,4.438586108570506,46.29330729926279,60.75132358505698,107,0,0.0,15.244098663330078,15.528867721557617,-0.28476905822753906
kitti_mini,000023,-2,120412,18581,15.431186260505598,0.36058339163661807,18042,2.932156883843547,31.02201057006171,41.047169049188604,107,17,15.88785046728972,15.248351097106934,15.509683609008789,-0.26133251190185547
kitti_mini,000023,-1,120412,18584,15.433677706540877,0.5165733964700818,18315,1.4633883897347608,15.591074316056135,20.7877969605243,107,56,52.33644859813084,15.307806015014648,15.461647033691406,-0.1538410186767578
kitti_mini,000023,-0.5,120412,18595,15.442813008670232,0.634579187953751,18456,0.7047936729972561,7.817555823973538,10.468001651155411,107,82,76.6355140186916,15.362128257751465,15.437360763549805,-0.07523250579833984
kitti_mini,000023,0,120412,18587,15.436169152576154,0.7370742992414052,18587,0.0,0.0,0.0,107,107,100.0,15.435184478759766,15.435184478759766,0.0
kitti_mini,000023,0.5,120412,18585,15.434508188552638,0.6133979015334947,18453,0.7209339861193307,7.815358045573264,10.461004399063567,107,84,78.50467289719626,15.456998825073242,15.366108894348145,0.09088993072509766
kitti_mini,000023,1,120412,18583,15.432847224529118,0.5004574073077545,18314,1.4687684941087857,15.586161633727398,20.781211036780363,107,50,46.728971962616825,15.492783546447754,15.302831649780273,0.18995189666748047
kitti_mini,000023,2,120412,18592,15.440321562634955,0.3119621342512909,18048,2.8998762575993973,31.005088866805075,41.04741495890524,107,10,9.345794392523365,15.556678771972656,15.224384307861328,0.3322944641113281
kitti_mini,000023,3,120412,18594,15.441982526658474,0.26890394750994945,17777,4.357884542960133,46.26094300320061,60.81841417235717,107,0,0.0,15.544334411621094,15.184958457946777,0.3593759536743164
kitti_mini,000025,-3,115780,17549,15.157194679564693,26.559917944042393,17001,3.012151292144446,45.189213876624564,60.25221264756363,1686,1277,75.74139976275208,7.852740287780762,7.762127876281738,0.09061241149902344
kitti_mini,000025,-2,115780,17528,15.139056831922613,25.690324052943865,17166,2.0708540133493067,30.22992060740382,40.6096257089998,1686,1441,85.4685646500593,7.804275035858154,7.7269392013549805,0.07733583450317383
kitti_mini,000025,-1,115780,17543,15.15201243738124,24.904520321495756,17358,0.9755262707513264,15.182975277828639,20.554663207731835,1686,1598,94.78054567022538,7.783928871154785,7.729615688323975,0.05431318283081055
kitti_mini,000025,-0.5,115780,17538,15.147693902228365,24.5181890751511,17441,0.5020252153574077,7.6069695220762386,10.340866853866686,1686,1654,98.10201660735468,7.774394512176514,7.737549304962158,0.03684520721435547
kitti_mini,000025,0,115780,17529,15.139920538953186,24.245535968965715,17529,0.0,0.0,0.0,1686,1684,99.88137603795967,7.765566825866699,7.765566825866699,0.0
kitti_mini,000025,0.5,115780,17534,15.144239074106064,23.896429793543973,17439,0.5134348793428034,7.607029290650622,10.349188404826448,1686,1645,97.56820877817319,7.694902420043945,7.729395866394043,-0.034493446350097656
kitti_mini,000025,1,115780,17540,15.149421316289516,23.78563283922463,17346,1.0439842546637002,15.18195892312829,20.591294629109363,1686,1578,93.59430604982207,7.655193328857422,7.70026969909668,-0.04507637023925781
kitti_mini,000025,2,115780,17541,15.15028502332009,23.482127586796647,17162,2.0936733413200983,30.241321632713706,40.76963714923836,1686,1405,83.33333333333333,7.66474723815918,7.676661968231201,-0.011914730072021484
kitti_mini,000025,3,115780,17514,15.126964933494557,23.198583989950897,16956,3.268868731815848,45.17083679073404,60.49185081529126,1686,1234,73.19098457888494,7.740642070770264,7.687417984008789,0.05322408676147461
kitti_mini,000031,-3,121291,18968,15.638423296040102,26.892661324335727,18148,3.9585097375105844,45.96163603250471,60.62347003548717,3074,2332,75.86206896551724,7.05255651473999,7.883621692657471,-0.8310651779174805
kitti_mini,000031,-2,121291,18931,15.607918147265668,26.68638740689874,18389,2.6831075359864522,30.795916718794928,40.99012977533335,3074,2648,86.14183474300586,7.27036190032959,7.80616569519043,-0.5358037948608398
kitti_mini,000031,-1,121291,18905,15.586482096775523,26.813012430573924,18634,1.3865368331922099,15.478692798875734,20.749849239102815,3074,2948,95.90110605074821,7.4716477394104,7.7419819831848145,-0.27033424377441406
kitti_mini,000031,-0.5,121291,18907,15.588131023736304,26.905378960173483,18768,0.6773920406435224,7.762335410121501,10.455970822224915,3074,3039,98.86141834743006,7.571080207824707,7.707160472869873,-0.13608026504516602
kitti_mini,000031,0,121291,18896,15.579061925452011,26.995131244707878,18896,0.0,0.0,0.0,3074,3074,100.0,7.681455612182617,7.681455612182617,0.0
kitti_mini,000031,0.5,121291,18877,15.563397119324598,27.048789532234995,18757,0.7356054191363252,7.763047890307514,10.454271950955324,3074,3040,98.8939492517892,7.699260711669922,7.539794921875,0.15946578979492188
kitti_mini,000031,1,121291,18837,15.530418580108993,27.005361787970482,18626,1.4288738357324302,15.487843310392511,20.772695831245645,3074,2941,95.67338972023423,7.774047374725342,7.427546501159668,0.34650087356567383
kitti_mini,000031,2,121291,18783,15.485897552167927,26.976521322472447,18351,2.884208298052498,30.821594316521875,40.95694858180164,3074,2638,85.81652569941444,7.864804744720459,7.184086322784424,0.6807184219360352
kitti_mini,000031,3,121291,18731,15.443025451187639,27.035395867812717,18088,4.276037256562235,46.01938927860086,60.64290710804502,3074,2343,76.21990891346779,7.982034683227539,6.977041721343994,1.004992961883545
kitti_mini,000032,-3,118661,19537,16.464550273468113,42.45790039412397,18729,4.125927821858204,45.86289622446674,60.604855622813,4987,4036,80.93041908963305,19.203636169433594,23.502582550048828,-4.298946380615234
kitti_mini,000032,-2,118661,19540,16.467078484084915,42.558853633572156,19005,2.7130790888149474,30.734227729291934,40.93793802379816,4987,4484,89.91377581712452,20.25577735900879,23.301143646240234,-3.0453662872314453
kitti_mini,000032,-1,118661,19539,16.46623574721265,42.6070935052971,19272,1.3463015101100588,15.446783108223297,20.727351394331674,4987,4842,97.09244034489673,21.45027732849121,23.06414031982422,-1.6138629913330078
kitti_mini,000032,-0.5,118661,19536,16.463707536595848,42.782555282555286,19399,0.696186332224213,7.7432041406908345,10.428824563394354,4987,4946,99.1778624423501,22.116872787475586,22.952335357666016,-0.8354625701904297
kitti_mini,000032,0,118661,19535,16.46286479972358,42.702841054517535,19535,0.0,0.0,0.0,4987,4985,99.95989572889513,22.84762191772461,22.84762191772461,0.0
kitti_mini,000032,0.5,118661,19547,16.472977642190777,42.71243669105233,19410,0.6398771435884311,7.7453935394614755,10.428906784276037,4987,4963,99.51874874674152,23.0421199798584,22.192289352416992,0.8498306274414062
kitti_mini,000032,1,118661,19546,16.472134905318512,42.91415123298884,19276,1.325825441515229,15.449776370953938,20.7312423880225,4987,4873,97.71405654702225,23.176481246948242,21.52539825439453,1.651082992553711
kitti_mini,000032,2,118661,19548,16.473820379063046,42.94556987927154,19005,2.7130790888149474,30.74044423664455,40.883155509366894,4987,4625,92.74112693001804,23.457796096801758,20.282381057739258,3.1754150390625
kitti_mini,000032,3,118661,19552,16.47719132655211,42.98281505728314,18737,4.084975684668543,45.88525870349837,60.58392141402135,4987,4343,87.086424704231,23.663888931274414,19.17992401123047,4.483964920043945
kitti_mini,000043,-3,122591,19565,15.959572888711243,4.65627395859954,18917,3.7547697786822694,45.80851501906428,60.59753729225039,514,0,0.0,13.433639526367188,13.754864692687988,-0.3212251663208008
kitti_mini,000043,-2,122591,19572,15.965282932678582,4.853872879623953,19174,2.4472144492495547,30.68112264721577,40.82547465038995,514,36,7.003891050583658,13.523024559020996,13.72934341430664,-0.20631885528564453
kitti_mini,000043,-1,122591,19623,16.00688468158348,4.846353768536921,19401,1.292292037649453,15.405330139044406,20.63834770645611,514,337,65.56420233463035,13.642064094543457,13.762222290039062,-0.12015819549560547
kitti_mini,000043,-0.5,122591,19619,16.003621799316427,4.888118660482186,19516,0.7071991859577715,7.719690948937336,10.36762108519124,514,473,92.02334630350195,13.737386703491211,13.778627395629883,-0.041240692138671875
kitti_mini,000043,0,122591,19655,16.032987739719882,4.919867718137878,19655,0.0,0.0,0.0,514,503,97.85992217898833,13.807552337646484,13.807552337646484,0.0
kitti_mini,000043,0.5,122591,19689,16.06072223898981,4.946924678754635,19557,0.4986008649198677,7.725815280721725,10.383269137897324,514,419,81.51750972762646,13.758797645568848,13.786593437194824,-0.027795791625976562
kitti_mini,000043,1,122591,19713,16.080299532592115,4.986557094303252,19445,1.0684304248282879,15.418086570649749,20.634500502358673,514,252,49.02723735408561,13.737297058105469,13.752902030944824,-0.015604972839355469
kitti_mini,000043,2,122591,19769,16.125979884330825,4.9926652840305525,19227,2.177562961078606,30.707355022321046,40.808870639309184,514,17,3.307392996108949,13.663602828979492,13.711944580078125,-0.04834175109863281
kitti_mini,000043,3,122591,19811,16.160240148134854,4.9871283630306396,19001,3.327397608750954,45.86733204783073,60.520841060777855,514,0,0.0,13.702381134033203,13.655613899230957,0.046767234802246094
kitti_mini,000048,-3,122675,19795,16.13613205624618,3.364485981308411,19069,3.7891019172552975,45.82321102688715,60.833826940697676,402,0,0.0,5.371690273284912,5.258611679077148,0.11307859420776367
kitti_mini,000048,-2,122675,19848,16.17933564295904,3.2345828295042325,19364,2.3007063572149344,30.72192299970631,41.11865393596986,402,61,15.17412935323383,5.356526851654053,5.2320237159729,0.12450313568115234
kitti_mini,000048,-1,122675,19870,16.19726920725494,3.3719174635128337,19614,1.0393541876892027,15.434567929511598,20.81714478481591,402,310,77.11442786069652,5.300544261932373,5.22033166885376,0.08021259307861328
kitti_mini,000048,-0.5,122675,19824,16.159771754636235,3.5209846650524614,19690,0.6559031281533805,7.727808568903479,10.44261848667736,402,380,94.5273631840796,5.248515605926514,5.226478576660156,0.022037029266357422
kitti_mini,000048,0,122675,19820,16.156511106582432,3.557013118062563,19820,0.0,0.0,0.0,402,370,92.03980099502488,5.280205249786377,5.280205249786377,0.0
kitti_mini,000048,0.5,122675,19841,16.173629508864888,3.5482082556322765,19685,0.6811301715438951,7.728121733109739,10.446169326724446,402,286,71.14427860696517,5.231586456298828,5.290289402008057,-0.058702945709228516
kitti_mini,000048,1,122675,19852,16.18259629101284,3.4203102961918197,19547,1.3773965691220988,15.414017103635071,20.752237342974542,402,142,35.32338308457712,5.2156476974487305,5.300852298736572,-0.0852046012878418
kitti_mini,000048,2,122675,19883,16.207866313429793,3.6513604586832975,19270,2.7749747729566097,30.66630311785312,40.96432072027098,402,2,0.4975124378109453,5.192099571228027,5.3146796226501465,-0.12258005142211914
kitti_mini,000048,3,122675,19897,16.219278581618095,3.789516007438307,19008,4.096871846619576,45.77777859485968,60.693722268786296,402,0,0.0,5.222079277038574,5.32462215423584,-0.10254287719726562
kitti_mini,000049,-3,113691,17790,15.647676597092119,42.158516020236085,17343,4.14524954402255,45.76994859644562,60.19588461158815,4557,3501,76.82685977616853,14.982925415039062,14.993911743164062,-0.010986328125
kitti_mini,000049,-2,113691,17890,15.735634307025181,42.33650083845723,17592,2.7690266954070637,30.665491593792456,40.582404379368874,4557,3928,86.19705946894886,15.026474952697754,15.006797790527344,0.019677162170410156
kitti_mini,000049,-1,113691,17986,15.820073708560924,42.866674079839875,17847,1.3596418504393966,15.41298878800287,20.509984390388826,4557,4373,95.96225587008998,15.117799758911133,15.058794975280762,0.059004783630371094
kitti_mini,000049,-0.5,113691,18033,15.861413832229465,42.987855598070205,17971,0.6742939258276681,7.726271579410164,10.311469710469973,4557,4497,98.68334430546412,15.138985633850098,15.099061012268066,0.03992462158203125
kitti_mini,000049,0,113691,18093,15.914188458189301,43.09954125905046,18093,0.0,0.0,0.0,4557,4523,99.25389510642967,15.144211769104004,15.144211769104004,0.0
kitti_mini,000049,0.5,113691,18134,15.95025111926186,43.34950920922025,18023,0.3868899574421047,7.734419992935705,10.307325616333332,4557,4443,97.49835418038182,15.080341339111328,15.14763069152832,-0.06728935241699219
kitti_mini,000049,1,113691,18174,15.985434203235085,43.38065368108286,17948,0.8014149118443596,15.444633755127612,20.5030082362434,4557,4255,93.37283300416941,15.038050651550293,15.160334587097168,-0.122283935546875
kitti_mini,000049,2,113691,18229,16.03381094369827,43.540512370398815,17790,1.6746808157851103,30.798702266463824,40.707877548395125,4557,3823,83.89291200351109,14.890851974487305,15.15951919555664,-0.26866722106933594
kitti_mini,000049,3,113691,18231,16.03557009789693,43.7112610388898,17594,2.7579726966230034,46.03304266653865,60.47929451811595,4557,3318,72.8110599078341,14.801718711853027,15.168075561523438,-0.36635684967041016
kitti_mini,000061,-3,125247,19657,15.694587495109664,8.65340591138017,18963,4.183719872669395,45.12592218552876,60.192431090140474,1348,669,49.62908011869436,11.162437438964844,11.224151611328125,-0.06171417236328125
kitti_mini,000061,-2,125247,19690,15.720935431587183,8.593194514982224,19234,2.814410590672528,30.224054617389676,40.601806217386184,1348,855,63.4272997032641,11.222880363464355,11.277047157287598,-0.05416679382324219
kitti_mini,000061,-1,125247,19733,15.755267591239711,8.635281001368266,19507,1.4349957051184883,15.18526618266302,20.56457097204279,1348,1145,84.9406528189911,11.297844886779785,11.319683074951172,-0.02183818817138672
kitti_mini,000061,-0.5,125247,19765,15.78081710539973,8.580824690108777,19649,0.7174978525592441,7.612399454742827,10.353945344893333,1348,1287,95.47477744807122,11.334397315979004,11.341796875,-0.007399559020996094
kitti_mini,000061,0,125247,19791,15.801576085654744,8.655449446718205,19791,0.0,0.0,0.0,1348,1348,100.0,11.360818862915039,11.360818862915039,0.0
kitti_mini,000061,0.5,125247,19813,15.81914137663976,8.66602735577651,19677,0.5760194027588298,7.611996499135529,10.369708996236767,1348,1299,96.36498516320475,11.33256721496582,11.313485145568848,0.019082069396972656
kitti_mini,000061,1,125247,19825,15.828722444449767,8.741488020176545,19559,1.1722500126320043,15.183102122046055,20.616075516706044,1348,1213,89.98516320474778,11.287443161010742,11.275184631347656,0.012258529663085938
kitti_mini,000061,2,125247,19866,15.861457759467292,8.688211013792408,19326,2.349552827042595,30.208585634900537,40.715963004484294,1348,1022,75.8160237388724,11.18975830078125,11.200520515441895,-0.010762214660644531
kitti_mini,000061,3,125247,19899,15.887805695944813,8.523041358862255,19088,3.5521196503461168,45.08170680918585,60.121879677799136,1348,818,60.682492581602375,11.051416397094727,11.141897201538086,-0.09048080444335938
nuscenes_mini_subset,scene-0103_000,-3,34752,3054,8.787983425414364,3.8965291421087103,2872,3.753351206434316,76.21667739402777,90.18386013309939,48,0,0.0,75.6345443725586,75.57508087158203,0.0594635009765625
nuscenes_mini_subset,scene-0103_000,-2,34752,3035,8.733310313075506,3.9209225700164745,2913,2.3793565683646114,51.00330764030252,60.64240099686668,48,2,4.166666666666667,75.6449203491211,75.76454162597656,-0.11962127685546875
nuscenes_mini_subset,scene-0103_000,-1,34752,3009,8.658494475138122,3.9215686274509802,2951,1.1058981233243967,25.59638979878347,30.601961992323417,48,17,35.416666666666664,75.80109405517578,75.94615173339844,-0.14505767822265625
nuscenes_mini_subset,scene-0103_000,-0.5,34752,3000,8.632596685082873,3.933333333333333,2972,0.40214477211796246,12.825281240587787,15.39071594936564,48,38,79.16666666666667,76.09553527832031,76.18504333496094,-0.089508056640625
nuscenes_mini_subset,scene-0103_000,0,34752,2984,8.586556169429098,4.3565683646112605,2984,0.0,0.0,0.0,48,48,100.0,76.32023620605469,76.32023620605469,0.0
nuscenes_mini_subset,scene-0103_000,0.5,34752,2972,8.552025782688766,4.27321668909825,2951,1.1058981233243967,12.817312798083632,15.373894197481395,48,42,87.5,76.46550750732422,76.36558532714844,0.09992218017578125
nuscenes_mini_subset,scene-0103_000,1,34752,2959,8.514617863720074,4.393376140588036,2922,2.0777479892761392,25.59030433969262,30.596036481878848,48,24,50.0,76.58209991455078,76.48001861572266,0.102081298828125
nuscenes_mini_subset,scene-0103_000,2,34752,2934,8.44267955801105,4.4989775051124745,2863,4.054959785522788,51.003874907259316,60.50864544497949,48,3,6.25,76.62510681152344,76.61853790283203,0.00656890869140625
nuscenes_mini_subset,scene-0103_000,3,34752,2914,8.38512891344383,4.564172958133151,2805,5.998659517426273,76.26001481364692,89.82478764485157,48,1,2.0833333333333335,76.78233337402344,76.76555633544922,0.01677703857421875
nuscenes_mini_subset,scene-0103_001,-3,34688,3102,8.942573800738007,5.286911669890394,2926,3.9711191335740073,76.2857269585757,89.86630010921468,67,1,1.492537313432836,70.067138671875,66.89590454101562,3.171234130859375
nuscenes_mini_subset,scene-0103_001,-2,34688,3083,8.887799815498155,5.4816736944534545,2965,2.6911716442402365,51.02797470297447,60.50981346826266,67,4,5.970149253731344,70.31829833984375,68.33613586425781,1.9821624755859375
nuscenes_mini_subset,scene-0103_001,-1,34688,3057,8.81284594095941,5.528295714753026,3002,1.4768624876928127,25.602661390613846,30.56536967601815,67,27,40.298507462686565,70.95330047607422,70.0411376953125,0.9121627807617188
nuscenes_mini_subset,scene-0103_001,-0.5,34688,3051,8.795548892988931,5.506391347099312,3027,0.6563833278634723,12.829469719769257,15.351991322193479,67,56,83.58208955223881,71.2939453125,70.81539154052734,0.47855377197265625
nuscenes_mini_subset,scene-0103_001,0,34688,3047,8.784017527675276,5.644896619625862,3047,0.0,0.0,0.0,67,67,100.0,71.93431091308594,71.93431091308594,0.0
nuscenes_mini_subset,scene-0103_001,0.5,34688,3036,8.75230627306273,5.500658761528326,3020,0.8861174926156875,12.83274310824635,15.349559213748819,67,58,86.56716417910448,71.19931030273438,71.68949127197266,-0.49018096923828125
nuscenes_mini_subset,scene-0103_001,1,34688,3023,8.714829335793358,5.226596096592789,2991,1.8378733180177222,25.620263978122413,30.54548867578895,67,37,55.223880597014926,70.33167266845703,71.34829711914062,-1.0166244506835938
nuscenes_mini_subset,scene-0103_001,2,34688,3005,8.662938191881919,5.091514143094842,2938,3.577289136855924,51.083328921528405,60.52847145148303,67,14,20.895522388059703,68.82537841796875,70.89347839355469,-2.0680999755859375
nuscenes_mini_subset,scene-0103_001,3,34688,2994,8.631226937269371,5.110220440881764,2882,5.415162454873646,76.38719037648575,90.09002861875832,67,0,0.0,67.58231353759766,70.6941146850586,-3.1118011474609375
nuscenes_mini_subset,scene-0103_002,-3,34752,3093,8.900207182320443,4.784998383446492,2930,4.993514915693904,76.26875457536906,89.78142268873802,60,1,1.6666666666666667,48.27857208251953,50.71670150756836,-2.438129425048828
nuscenes_mini_subset,scene-0103_002,-2,34752,3080,8.862799263351748,4.675324675324675,2965,3.8586251621271077,51.000981402305456,60.407072409044716,60,5,8.333333333333334,48.842674255371094,50.88043975830078,-2.0377655029296875
nuscenes_mini_subset,scene-0103_002,-1,34752,3088,8.885819521178636,4.566062176165803,3029,1.7833981841763944,25.629824791955453,30.521609044094127,60,29,48.333333333333336,50.00902557373047,51.00904846191406,-1.0000228881835938
nuscenes_mini_subset,scene-0103_002,-0.5,34752,3092,8.89732965009208,4.592496765847348,3062,0.7133592736705577,12.848639789550578,15.318146794466273,60,51,85.0,50.67581558227539,51.15724563598633,-0.4814300537109375
nuscenes_mini_subset,scene-0103_002,0,34752,3084,8.874309392265193,4.636835278858626,3084,0.0,0.0,0.0,60,60,100.0,51.33368682861328,51.33368682861328,0.0
nuscenes_mini_subset,scene-0103_002,0.5,34752,3078,8.857044198895029,4.450942170240416,3056,0.9079118028534371,12.850804763618298,15.341359258655297,60,48,80.0,51.14198684692383,50.83689880371094,0.3050880432128906
nuscenes_mini_subset,scene-0103_002,1,34752,3071,8.8369014732965,4.330836860957342,3027,1.8482490272373542,25.65469963678958,30.56609642970456,60,21,35.0,51.00783157348633,50.4696159362793,0.5382156372070312
nuscenes_mini_subset,scene-0103_002,2,34752,3050,8.776473296500921,4.360655737704918,2963,3.9234760051880673,51.107851175993694,60.527975910831735,60,2,3.3333333333333335,50.96485900878906,49.82514572143555,1.1397132873535156
nuscenes_mini_subset,scene-0103_002,3,34752,3033,8.727555248618785,4.484009231783713,2906,5.7717250324254215,76.41039230020735,89.95460950132181,60,0,0.0,50.97935485839844,49.4715690612793,1.5077857971191406
nuscenes_mini_subset,scene-0103_003,-3,34720,3097,8.919930875576036,7.3296738779464,2921,5.774193548387097,76.2994495871872,89.67881932094346,76,10,13.157894736842104,40.34416580200195,43.67496871948242,-3.3308029174804688
nuscenes_mini_subset,scene-0103_003,-2,34720,3092,8.90552995391705,7.115135834411385,2975,4.032258064516129,51.069545548816386,60.35094846244103,76,22,28.94736842105263,41.08784484863281,43.36005401611328,-2.2722091674804688
nuscenes_mini_subset,scene-0103_003,-1,34720,3097,8.919930875576036,6.716176945431062,3037,2.032258064516129,25.650368803661284,30.479766432156936,76,48,63.1578947368421,41.98026657104492,43.070777893066406,-1.0905113220214844
nuscenes_mini_subset,scene-0103_003,-0.5,34720,3091,8.902649769585254,7.020381753477839,3063,1.1935483870967742,12.850165908895214,15.285193609279267,76,68,89.47368421052632,42.414100646972656,42.94807434082031,-0.5339736938476562
nuscenes_mini_subset,scene-0103_003,0,34720,3100,8.928571428571429,6.806451612903226,3100,0.0,0.0,0.0,76,76,100.0,42.8371467590332,42.8371467590332,0.0
nuscenes_mini_subset,scene-0103_003,0.5,34720,3100,8.928571428571429,6.806451612903226,3074,0.8387096774193549,12.862372355521039,15.316920856396859,76,70,92.10526315789474,42.9268798828125,42.53229522705078,0.39458465576171875
nuscenes_mini_subset,scene-0103_003,1,34720,3104,8.940092165898617,6.475515463917526,3047,1.7096774193548387,25.679288169653855,30.492322250692965,76,51,67.10526315789474,43.039039611816406,42.28561019897461,0.7534294128417969
nuscenes_mini_subset,scene-0103_003,2,34720,3102,8.934331797235023,6.479690522243714,2992,3.4838709677419355,51.181685395510385,60.440744159035184,76,18,23.68421052631579,43.43833541870117,41.7651481628418,1.673187255859375
nuscenes_mini_subset,scene-0103_003,3,34720,3089,8.896889400921658,6.5717060537390735,2933,5.387096774193548,76.49698841343937,89.89584016637968,76,6,7.894736842105263,43.63718795776367,41.16672897338867,2.470458984375
nuscenes_mini_subset,scene-0103_004,-3,34784,3062,8.802897884084636,12.998040496407576,2899,5.323318092749837,76.62420901516798,89.99314332521746,126,47,37.301587301587304,34.58312225341797,37.550537109375,-2.9674148559570312
nuscenes_mini_subset,scene-0103_004,-2,34784,3075,8.840271389144434,12.585365853658537,2954,3.527106466361855,51.28089935612935,60.53273493238631,126,52,41.26984126984127,35.57002639770508,37.31538772583008,-1.745361328125
nuscenes_mini_subset,scene-0103_004,-1,34784,3063,8.805772769089236,12.308194580476657,3003,1.9268451992161986,25.734851199452056,30.586105494112047,126,89,70.63492063492063,36.41730499267578,37.214263916015625,-0.7969589233398438
nuscenes_mini_subset,scene-0103_004,-0.5,34784,3061,8.800022999080037,11.95687683763476,3032,0.9797517962116263,12.895278601787327,15.38704001213509,126,117,92.85714285714286,36.82568359375,37.18565368652344,-0.3599700927734375
nuscenes_mini_subset,scene-0103_004,0,34784,3062,8.802897884084636,11.985630306988897,3062,0.0,0.0,0.0,126,126,100.0,37.264678955078125,37.264678955078125,0.0
nuscenes_mini_subset,scene-0103_004,0.5,34784,3052,8.77414903403864,11.66448230668414,3025,1.2083605486610058,12.89052468682151,15.349684762731417,126,112,88.88888888888889,37.36941909790039,37.01169967651367,0.35771942138671875
nuscenes_mini_subset,scene-0103_004,1,34784,3056,8.785648574057038,11.616492146596858,2999,2.057478772044415,25.737775756138884,30.552114128514454,126,92,73.01587301587301,37.27457046508789,36.61736297607422,0.6572074890136719
nuscenes_mini_subset,scene-0103_004,2,34784,3065,8.811522539098435,11.68026101141925,2945,3.821032005225343,51.295137053595106,60.52556304356282,126,60,47.61904761904762,37.4842643737793,36.13300704956055,1.35125732421875
nuscenes_mini_subset,scene-0103_004,3,34784,3073,8.834521619135234,11.617312072892938,2893,5.519268451992162,76.69011154236745,90.11411198586326,126,47,37.301587301587304,38.090789794921875,35.63284683227539,2.4579429626464844
nuscenes_mini_subset,scene-0103_005,-3,34720,3055,8.798963133640553,19.410801963993453,2917,5.384365877392151,76.18094580565747,89.60542434260609,133,80,60.150375939849624,23.75905990600586,26.09816551208496,-2.3391056060791016
nuscenes_mini_subset,scene-0103_005,-2,34720,3064,8.824884792626728,19.451697127937337,2977,3.438209536166072,50.98442997045208,60.28517178056077,133,86,64.66165413533835,24.37738037109375,26.361831665039062,-1.9844512939453125
nuscenes_mini_subset,scene-0103_005,-1,34720,3074,8.853686635944701,19.746258945998697,3033,1.621796951021732,25.588082762635505,30.415090591241032,133,107,80.45112781954887,25.382165908813477,26.62213134765625,-1.2399654388427734
nuscenes_mini_subset,scene-0103_005,-0.5,34720,3077,8.862327188940093,19.59701007474813,3057,0.8433344145313006,12.816105093567378,15.28093336769937,133,123,92.4812030075188,26.1431827545166,26.7584285736084,-0.6152458190917969
nuscenes_mini_subset,scene-0103_005,0,34720,3083,8.879608294930875,19.91566655854687,3083,0.0,0.0,0.0,133,133,100.0,26.91154670715332,26.91154670715332,0.0
nuscenes_mini_subset,scene-0103_005,0.5,34720,3089,8.896889400921658,19.747491097442538,3065,0.5838469023678236,12.822440353403984,15.291078956320899,133,125,93.98496240601504,27.107521057128906,26.56340217590332,0.5441188812255859
nuscenes_mini_subset,scene-0103_005,1,34720,3087,8.891129032258064,19.792678976352445,3040,1.3947453778786896,25.59336938945383,30.423421886724626,133,106,79.69924812030075,26.747928619384766,25.84682846069336,0.9011001586914062
nuscenes_mini_subset,scene-0103_005,2,34720,3109,8.954493087557603,20.263750402058538,2999,2.7246188777165097,51.03462292906969,60.3443408968818,133,76,57.142857142857146,26.63338851928711,25.050899505615234,1.582489013671875
nuscenes_mini_subset,scene-0103_005,3,34720,3122,8.991935483870968,20.787956438180654,2955,4.151800194615634,76.32078464664816,89.8259811677967,133,61,45.86466165413534,26.728635787963867,24.408559799194336,2.3200759887695312
nuscenes_mini_subset,scene-0103_006,-3,34688,3175,9.153021217712178,4.094488188976378,3003,5.566037735849057,76.63645449689413,89.90693681062409,65,24,36.92307692307692,39.83141326904297,40.61940002441406,-0.7879867553710938
nuscenes_mini_subset,scene-0103_006,-2,34688,3175,9.153021217712178,4.125984251968504,3063,3.6792452830188678,51.29505216809495,60.46281067580582,65,38,58.46153846153846,40.22982406616211,41.148765563964844,-0.9189414978027344
nuscenes_mini_subset,scene-0103_006,-1,34688,3177,9.158786900369003,3.840100723953415,3124,1.7610062893081762,25.755134773396524,30.530481596818607,65,46,70.76923076923077,40.91973876953125,41.4921760559082,-0.5724372863769531
nuscenes_mini_subset,scene-0103_006,-0.5,34688,3176,9.15590405904059,3.7783375314861463,3151,0.9119496855345912,12.902129737043442,15.329835755302742,65,56,86.15384615384616,41.48113250732422,41.75507354736328,-0.2739410400390625
nuscenes_mini_subset,scene-0103_006,0,34688,3180,9.167435424354244,3.710691823899371,3180,0.0,0.0,0.0,65,64,98.46153846153847,41.884605407714844,41.884605407714844,0.0
nuscenes_mini_subset,scene-0103_006,0.5,34688,3183,9.176083948339484,3.6757775683317626,3151,0.9119496855345912,12.905140342762431,15.35894148972563,65,61,93.84615384615384,41.85293197631836,41.61664581298828,0.23628616333007812
nuscenes_mini_subset,scene-0103_006,1,34688,3183,9.176083948339484,3.5186930568645933,3120,1.8867924528301887,25.75682392622033,30.555598371330905,65,53,81.53846153846153,41.685909271240234,41.31767272949219,0.3682365417480469
nuscenes_mini_subset,scene-0103_006,2,34688,3183,9.176083948339484,3.4872761545711595,3059,3.8050314465408803,51.31249795598918,60.537369411984486,65,36,55.38461538461539,41.222442626953125,40.99761199951172,0.22483062744140625
nuscenes_mini_subset,scene-0103_006,3,34688,3183,9.176083948339484,3.2045240339302548,2998,5.723270440251572,76.67862643327771,89.99707551573911,65,28,43.07692307692308,40.60546875,40.86028289794922,-0.25481414794921875
nuscenes_mini_subset,scene-0103_007,-3,34688,3141,9.055004612546126,8.882521489971348,2958,5.886096086541521,76.71293113832961,90.00414101146079,146,97,66.43835616438356,79.76822662353516,78.89212799072266,0.8760986328125
nuscenes_mini_subset,scene-0103_007,-2,34688,3139,9.049238929889299,8.697037273016885,3017,4.008908685968819,51.348000827880625,60.52723331854606,146,113,77.3972602739726,79.92985534667969,79.13088989257812,0.7989654541015625
nuscenes_mini_subset,scene-0103_007,-1,34688,3146,9.069418819188192,8.518753973299429,3084,1.8771874005727012,25.792795187191807,30.536969304943142,146,128,87.67123287671232,80.02617645263672,79.42884063720703,0.5973358154296875
nuscenes_mini_subset,scene-0103_007,-0.5,34688,3141,9.055004612546126,8.564151544094239,3113,0.9545020680878142,12.923326476167212,15.344497432519956,146,139,95.20547945205479,80.15503692626953,79.7881851196289,0.366851806640625
nuscenes_mini_subset,scene-0103_007,0,34688,3143,9.060770295202952,8.495068405981545,3143,0.0,0.0,0.0,146,146,100.0,79.83309173583984,79.83309173583984,0.0
nuscenes_mini_subset,scene-0103_007,0.5,34688,3141,9.055004612546126,8.373129576567973,3113,0.9545020680878142,12.925326061680412,15.353181477403835,146,143,97.94520547945206,79.70704650878906,80.09989166259766,-0.39284515380859375
nuscenes_mini_subset,scene-0103_007,1,34688,3140,9.052121771217712,8.280254777070063,3086,1.813553929366847,25.80382139469039,30.580852174113566,146,136,93.15068493150685,79.38726043701172,80.21237182617188,-0.8251113891601562
nuscenes_mini_subset,scene-0103_007,2,34688,3139,9.049238929889299,8.314749920356801,3023,3.818008272351257,51.39698483015804,60.563560576495014,146,118,80.82191780821918,78.99236297607422,80.6744384765625,-1.6820755004882812
nuscenes_mini_subset,scene-0103_007,3,34688,3139,9.049238929889299,8.21917808219178,2962,5.7588291441298125,76.80209782405748,90.04951348897197,146,109,74.65753424657534,78.68788146972656,81.11573791503906,-2.4278564453125
nuscenes_mini_subset,scene-0103_008,-3,34720,2994,8.623271889400922,11.088844355377422,2831,4.615902964959568,76.59997605962137,89.85608804251189,144,95,65.97222222222223,63.099788665771484,63.65010070800781,-0.5503120422363281
nuscenes_mini_subset,scene-0103_008,-2,34720,3004,8.652073732718895,10.885486018641812,2892,2.560646900269542,51.27184974363771,60.462087323961406,144,110,76.38888888888889,63.01504135131836,63.46757888793945,-0.45253753662109375
nuscenes_mini_subset,scene-0103_008,-1,34720,2984,8.59447004608295,10.355227882037534,2931,1.2466307277628033,25.70773409089472,30.51234491760208,144,125,86.80555555555556,63.101966857910156,63.354618072509766,-0.2526512145996094
nuscenes_mini_subset,scene-0103_008,-0.5,34720,2972,8.559907834101383,10.329744279946164,2947,0.7075471698113207,12.869848405089398,15.348509915560955,144,139,96.52777777777777,63.1930046081543,63.3594856262207,-0.16648101806640625
nuscenes_mini_subset,scene-0103_008,0,34720,2968,8.548387096774194,10.47843665768194,2968,0.0,0.0,0.0,144,144,100.0,63.35835266113281,63.35835266113281,0.0
nuscenes_mini_subset,scene-0103_008,0.5,34720,2970,8.554147465437788,10.134680134680135,2939,0.977088948787062,12.863782306791155,15.323105786815747,144,130,90.27777777777777,63.55935287475586,63.50707244873047,0.052280426025390625
nuscenes_mini_subset,scene-0103_008,1,34720,2972,8.559907834101383,10.161507402422611,2911,1.9204851752021563,25.671114492620923,30.478218337191123,144,114,79.16666666666667,63.70686721801758,63.79866409301758,-0.091796875
nuscenes_mini_subset,scene-0103_008,2,34720,2978,8.577188940092165,10.409670920080591,2857,3.7398921832884096,51.14042655730518,60.286691846717815,144,81,56.25,63.68134307861328,64.4933853149414,-0.812042236328125
nuscenes_mini_subset,scene-0103_008,3,34720,2981,8.585829493087557,10.533378061053337,2802,5.592991913746631,76.41124244445446,89.69803114532432,144,53,36.80555555555556,63.72163772583008,65.27610778808594,-1.5544700622558594
nuscenes_mini_subset,scene-0103_009,-3,34720,3043,8.764400921658986,8.872822872165626,2869,5.7490144546649145,76.56498900751711,89.85544090750588,120,70,58.333333333333336,78.82988739013672,73.88180541992188,4.948081970214844
nuscenes_mini_subset,scene-0103_009,-2,34720,3046,8.773041474654377,8.765594221930401,2930,3.7450722733245727,51.24032125990734,60.459456488643944,120,84,70.0,78.8379898071289,75.45183563232422,3.3861541748046875
nuscenes_mini_subset,scene-0103_009,-1,34720,3046,8.773041474654377,8.96257386736704,2989,1.8068331143232588,25.72027806306721,30.501752349626283,120,102,85.0,78.64352416992188,76.94474029541016,1.6987838745117188
nuscenes_mini_subset,scene-0103_009,-0.5,34720,3046,8.773041474654377,9.12672357189757,3017,0.8869908015768725,12.883842747295484,15.311394190187366,120,113,94.16666666666667,78.7117919921875,77.86408996582031,0.8477020263671875
nuscenes_mini_subset,scene-0103_009,0,34720,3044,8.767281105990783,9.165571616294349,3044,0.0,0.0,0.0,120,120,100.0,78.5213623046875,78.5213623046875,0.0
nuscenes_mini_subset,scene-0103_009,0.5,34720,3040,8.755760368663594,9.177631578947368,3015,0.9526938239159002,12.880082610257821,15.323454069808989,120,113,94.16666666666667,77.63217163085938,78.52713775634766,-0.8949661254882812
nuscenes_mini_subset,scene-0103_009,1,34720,3045,8.770161290322582,8.998357963875206,2987,1.8725361366622864,25.707496192629765,30.49289159276919,120,101,84.16666666666667,76.86882781982422,78.6526107788086,-1.783782958984375
nuscenes_mini_subset,scene-0103_009,2,34720,3033,8.735599078341014,8.770194526871085,2931,3.712220762155059,51.20866051289914,60.209806931768426,120,75,62.5,75.1163330078125,79.05256652832031,-3.9362335205078125
nuscenes_mini_subset,scene-0103_009,3,34720,3034,8.738479262672811,8.767303889255109,2881,5.354796320630749,76.54342459865015,89.74678418791927,120,57,47.5,73.53634643554688,79.4946060180664,-5.958259582519531
nuscenes_mini_subset,scene-0103_010,-3,34720,3091,8.902649769585254,7.635069556777742,2934,5.961538461538462,76.67837658049926,89.803512394069,109,56,51.37614678899082,73.06820678710938,70.86814880371094,2.2000579833984375
nuscenes_mini_subset,scene-0103_010,-2,34720,3108,8.951612903225808,7.561132561132561,2996,3.9743589743589745,51.330368177479244,60.40885783820922,109,76,69.72477064220183,73.49707794189453,71.74868774414062,1.7483901977539062
nuscenes_mini_subset,scene-0103_010,-1,34720,3114,8.968894009216589,7.353885677585099,3059,1.955128205128205,25.77447821223671,30.482922211184157,109,97,88.9908256880734,73.99291229248047,72.89897918701172,1.09393310546875
nuscenes_mini_subset,scene-0103_010,-0.5,34720,3120,8.986175115207374,7.467948717948718,3092,0.8974358974358975,12.916834877763325,15.321812776395946,109,106,97.24770642201835,74.2397232055664,73.6258316040039,0.6138916015625
nuscenes_mini_subset,scene-0103_010,0,34720,3120,8.986175115207374,7.5,3120,0.0,0.0,0.0,109,109,100.0,74.35523223876953,74.35523223876953,0.0
nuscenes_mini_subset,scene-0103_010,0.5,34720,3126,9.003456221198157,7.549584133077415,3092,0.8974358974358975,12.916680561538598,15.315719513709677,109,105,96.3302752293578,73.65278625488281,74.25816345214844,-0.605377197265625
nuscenes_mini_subset,scene-0103_010,1,34720,3125,9.00057603686636,7.5840000000000005,3063,1.8269230769230769,25.78462103786109,30.511449805499886,109,96,88.07339449541284,72.93480682373047,74.1526870727539,-1.2178802490234375
nuscenes_mini_subset,scene-0103_010,2,34720,3126,9.003456221198157,7.5815738963531665,3001,3.8141025641025643,51.35970167371422,60.404972713298186,109,72,66.05504587155963,71.74380493164062,74.0919418334961,-2.3481369018554688
nuscenes_mini_subset,scene-0103_010,3,34720,3133,9.023617511520737,7.947654005745291,2944,5.641025641025641,76.75928446154488,89.83565727361665,109,58,53.211009174311926,70.65538787841797,74.10333251953125,-3.4479446411132812
nuscenes_mini_subset,scene-0103_011,-3,34688,3098,8.931042435424354,7.972885732730795,2920,5.715208266063933,77.10663402312517,90.32040595889754,106,62,58.490566037735846,72.1545181274414,71.75782775878906,0.39669036865234375
nuscenes_mini_subset,scene-0103_011,-2,34688,3099,8.933925276752767,7.712165214585349,2979,3.810138844042622,51.61261885852384,60.7573143188067,106,72,67.9245283018868,72.47460174560547,72.03511810302734,0.439483642578125
nuscenes_mini_subset,scene-0103_011,-1,34688,3095,8.922393911439114,7.495961227786753,3035,2.001937358734259,25.910189540267986,30.66647286820345,106,89,83.9622641509434,72.86578369140625,72.39546203613281,0.4703216552734375
nuscenes_mini_subset,scene-0103_011,-0.5,34688,3099,8.933925276752767,7.615359793481769,3067,0.9686793671294801,12.984842000834734,15.403888891955825,106,97,91.50943396226415,73.0667495727539,72.72593688964844,0.34081268310546875
nuscenes_mini_subset,scene-0103_011,0,34688,3097,8.928159594095941,7.426541814659347,3097,0.0,0.0,0.0,106,106,100.0,72.98188781738281,72.98188781738281,0.0
nuscenes_mini_subset,scene-0103_011,0.5,34688,3098,8.931042435424354,7.165913492575855,3069,0.9041007426541815,12.989010851254042,15.422442950385726,106,105,99.05660377358491,72.66667938232422,73.06237030029297,-0.39569091796875
nuscenes_mini_subset,scene-0103_011,1,34688,3099,8.933925276752767,7.034527266860277,3037,1.9373587342589602,25.921592825873024,30.69392652822525,106,97,91.50943396226415,72.37458801269531,73.11271667480469,-0.738128662109375
nuscenes_mini_subset,scene-0103_011,2,34688,3103,8.945456642066421,6.993232355784724,2980,3.7778495318049727,51.65594721488035,60.88246252545051,106,81,76.41509433962264,71.85873413085938,73.07514953613281,-1.2164154052734375
nuscenes_mini_subset,scene-0103_011,3,34688,3103,8.945456642066421,7.154366741862714,2918,5.779786890539231,77.18414875328334,90.4865172068475,106,68,64.15094339622641,71.39242553710938,73.06519317626953,-1.6727676391601562
nuscenes_mini_subset,scene-0103_012,-3,34688,3030,8.73500922509225,11.155115511551156,2846,5.855110817069137,77.35109774087928,90.83691648373852,140,93,66.42857142857143,70.88450622558594,72.82207489013672,-1.9375686645507812
nuscenes_mini_subset,scene-0103_012,-2,34688,3028,8.729243542435425,10.799207397622194,2905,3.9034072113794243,51.78565543189941,61.12716420774489,140,109,77.85714285714286,71.64513397216797,72.66205596923828,-1.0169219970703125
nuscenes_mini_subset,scene-0103_012,-1,34688,3031,8.737892066420665,10.623556581986143,2968,1.8193847171683757,26.010910496910927,30.84190765697095,140,129,92.14285714285714,72.40705871582031,72.86427307128906,-0.45721435546875
nuscenes_mini_subset,scene-0103_012,-0.5,34688,3023,8.714829335793358,10.651670525967582,2992,1.0254713860403573,13.029003637225061,15.4811800366437,140,135,96.42857142857143,72.79328155517578,73.01834869384766,-0.225067138671875
nuscenes_mini_subset,scene-0103_012,0,34688,3023,8.714829335793358,10.618590803837249,3023,0.0,0.0,0.0,140,140,100.0,73.20375061035156,73.20375061035156,0.0
nuscenes_mini_subset,scene-0103_012,0.5,34688,3016,8.694649446494465,10.411140583554376,2991,1.0585511081706913,13.031863040275018,15.490794839000479,140,138,98.57142857142857,73.00605773925781,72.89644622802734,0.10961151123046875
nuscenes_mini_subset,scene-0103_012,1,34688,3020,8.706180811808117,10.165562913907285,2962,2.0178630499503805,26.01255033186717,30.845747128235345,140,133,95.0,72.88434600830078,72.65701293945312,0.22733306884765625
nuscenes_mini_subset,scene-0103_012,2,34688,3017,8.69753228782288,9.84421610871727,2899,4.101885544161429,51.81036177976023,61.12996488994456,140,114,81.42857142857143,72.65416717529297,72.36100006103516,0.2931671142578125
nuscenes_mini_subset,scene-0103_012,3,34688,3013,8.686000922509225,10.321938267507468,2839,6.086668871981475,77.41984582747011,90.98058115793114,140,100,71.42857142857143,72.7005386352539,72.08061218261719,0.6199264526367188
nuscenes_mini_subset,scene-0103_013,-3,34688,3050,8.792666051660516,14.98360655737705,2864,5.291005291005291,77.54065229087158,91.15662185589419,202,154,76.23762376237623,69.08490753173828,73.81562042236328,-4.730712890625
nuscenes_mini_subset,scene-0103_013,-2,34688,3030,8.73500922509225,14.554455445544553,2910,3.7698412698412698,51.87030101080535,61.36018358085341,202,168,83.16831683168317,69.84983825683594,73.19476318359375,-3.3449249267578125
nuscenes_mini_subset,scene-0103_013,-1,34688,3028,8.729243542435425,14.53104359313078,2965,1.9510582010582012,26.041284240792063,30.95304299965386,202,187,92.57425742574257,70.79151916503906,72.49331665039062,-1.7017974853515625
nuscenes_mini_subset,scene-0103_013,-0.5,34688,3025,8.720595018450185,14.545454545454545,2991,1.0912698412698412,13.045740561834505,15.53942508879944,202,198,98.01980198019803,71.440673828125,72.28733825683594,-0.8466644287109375
nuscenes_mini_subset,scene-0103_013,0,34688,3024,8.71771217712177,14.351851851851851,3024,0.0,0.0,0.0,202,202,100.0,72.00225067138672,72.00225067138672,0.0
nuscenes_mini_subset,scene-0103_013,0.5,34688,3018,8.700415129151292,14.314115308151093,2994,0.9920634920634921,13.050629366872988,15.558879121214007,202,200,99.00990099009901,72.38827514648438,71.63619995117188,0.7520751953125
nuscenes_mini_subset,scene-0103_013,1,34688,3014,8.688883763837639,14.465826144658262,2959,2.1494708994708995,26.038868430648982,30.932639407517684,202,194,96.03960396039604,72.67704772949219,71.25675964355469,1.4202880859375
nuscenes_mini_subset,scene-0103_013,2,34688,3014,8.688883763837639,14.26675514266755,2897,4.199735449735449,51.85915017992358,61.308886729794494,202,176,87.12871287128714,73.47722625732422,70.72034454345703,2.7568817138671875
nuscenes_mini_subset,scene-0103_013,3,34688,3009,8.674469557195572,14.323695579926888,2834,6.283068783068783,77.45872858126214,90.95728431060903,202,160,79.20792079207921,74.33312225341797,70.33812713623047,3.9949951171875
nuscenes_mini_subset,scene-0103_014,-3,34720,3027,8.71831797235023,20.6805417905517,2836,5.87454364420843,77.75611012831385,91.70817874934731,310,267,86.12903225806451,74.58291625976562,78.35073852539062,-3.767822265625
nuscenes_mini_subset,scene-0103_014,-2,34720,3020,8.69815668202765,20.56291390728477,2893,3.9827414537006307,52.05603346658805,61.684074744986965,310,285,91.93548387096774,74.91488647460938,77.46752166748047,-2.5526351928710938
nuscenes_mini_subset,scene-0103_014,-1,34720,3020,8.69815668202765,20.2317880794702,2957,1.8586126783936276,26.15069416074885,31.109703917744323,310,301,97.09677419354838,75.49766540527344,76.6624984741211,-1.1648330688476562
nuscenes_mini_subset,scene-0103_014,-0.5,34720,3020,8.69815668202765,20.2317880794702,2988,0.829737802854298,13.106746469298175,15.640591265790148,310,308,99.35483870967742,75.78075408935547,76.35003662109375,-0.5692825317382812
nuscenes_mini_subset,scene-0103_014,0,34720,3013,8.67799539170507,20.146033853302356,3013,0.0,0.0,0.0,310,310,100.0,76.20407104492188,76.20407104492188,0.0
nuscenes_mini_subset,scene-0103_014,0.5,34720,3012,8.67511520737327,19.9203187250996,2981,1.0620643876535014,13.102455743172285,15.626850053376856,310,309,99.6774193548387,76.4915542602539,75.9796142578125,0.5119400024414062
nuscenes_mini_subset,scene-0103_014,1,34720,3006,8.65783410138249,19.693945442448438,2950,2.090939263192831,26.148981104797695,31.079605887811525,310,298,96.12903225806451,76.97965240478516,75.97112274169922,1.0085296630859375
nuscenes_mini_subset,scene-0103_014,2,34720,2995,8.626152073732719,19.8330550918197,2892,4.015930965814802,52.09620742784128,61.49895861059862,310,273,88.06451612903226,77.84014892578125,75.8465347290039,1.9936141967773438
nuscenes_mini_subset,scene-0103_014,3,34720,2998,8.63479262672811,19.77985323549033,2843,5.6422170594092265,77.90358292147302,91.5767284553062,310,256,82.58064516129032,78.73201751708984,75.86006164550781,2.8719558715820312
nuscenes_mini_subset,scene-0103_015,-3,34688,2967,8.553390221402214,23.01988540613414,2778,5.349233390119251,78.25046009950667,92.05314532567029,372,285,76.61290322580645,77.91651153564453,81.02008819580078,-3.10357666015625
nuscenes_mini_subset,scene-0103_015,-2,34688,2966,8.5505073800738,22.89278489548213,2839,3.270868824531516,52.39232254602793,61.961004488239624,372,316,84.94623655913979,78.05908203125,79.86368560791016,-1.8046035766601562
nuscenes_mini_subset,scene-0103_015,-1,34688,2941,8.478436346863468,22.54335260115607,2878,1.9420783645655877,26.283612656891773,31.2303892495397,372,340,91.39784946236558,78.44439697265625,79.27222442626953,-0.8278274536132812
nuscenes_mini_subset,scene-0103_015,-0.5,34688,2937,8.466904981549815,22.33571671773919,2905,1.0221465076660987,13.171496117222043,15.695729725868203,372,356,95.6989247311828,78.58055877685547,78.9525146484375,-0.37195587158203125
nuscenes_mini_subset,scene-0103_015,0,34688,2935,8.46113929889299,22.555366269165248,2935,0.0,0.0,0.0,372,372,100.0,78.70352172851562,78.70352172851562,0.0
nuscenes_mini_subset,scene-0103_015,0.5,34688,2941,8.478436346863468,22.271336280176808,2910,0.8517887563884157,13.180311944394562,15.702295505086894,372,369,99.19354838709677,79.17118835449219,78.75680541992188,0.4143829345703125
nuscenes_mini_subset,scene-0103_015,1,34688,2943,8.484202029520295,22.35813795446823,2880,1.8739352640545144,26.30739802410463,31.24950446471221,372,360,96.7741935483871,79.65831756591797,78.79431915283203,0.8639984130859375
nuscenes_mini_subset,scene-0103_015,2,34688,2943,8.484202029520295,22.52803261977574,2823,3.816013628620102,52.42157032819464,62.03210872619176,372,336,90.3225806451613,80.70513153076172,78.93531036376953,1.7698211669921875
nuscenes_mini_subset,scene-0103_015,3,34688,2940,8.475553505535055,22.517006802721088,2761,5.928449744463373,78.31986221131102,92.03643220677493,372,320,86.02150537634408,81.81783294677734,79.24105834960938,2.5767745971679688
nuscenes_mini_subset,scene-0103_016,-3,34720,2975,8.568548387096774,23.260504201680675,2799,5.150796340223653,78.4453760936368,92.23026378577654,337,269,79.82195845697329,82.75694274902344,87.53550720214844,-4.778564453125
nuscenes_mini_subset,scene-0103_016,-2,34720,2967,8.545506912442397,22.68284462419953,2853,3.320908166723145,52.50506053878405,62.026504521367286,337,286,84.86646884272997,83.86309051513672,86.59719848632812,-2.7341079711914062
nuscenes_mini_subset,scene-0103_016,-1,34720,2965,8.539746543778802,22.495784148397977,2908,1.4571331751948493,26.361682295273425,31.304327039315545,337,307,91.0979228486647,84.38880157470703,85.55667877197266,-1.167877197265625
nuscenes_mini_subset,scene-0103_016,-0.5,34720,2962,8.531105990783411,22.417285617825794,2934,0.5760759064723823,13.208747250535072,15.741036673360853,337,326,96.73590504451039,84.5728759765625,85.13252258300781,-0.5596466064453125
nuscenes_mini_subset,scene-0103_016,0,34720,2951,8.49942396313364,22.161978990172823,2951,0.0,0.0,0.0,337,335,99.40652818991099,84.83984375,84.83984375,0.0
nuscenes_mini_subset,scene-0103_016,0.5,34720,2942,8.473502304147464,22.331747110808973,2920,1.0504913588614029,13.20288719423095,15.748065435570108,337,332,98.51632047477744,85.31558990478516,84.765869140625,0.5497207641601562
nuscenes_mini_subset,scene-0103_016,1,34720,2940,8.46774193548387,22.108843537414966,2891,2.0332090816672315,26.355683306701437,31.382481395341962,337,323,95.84569732937686,85.8781967163086,84.70822143554688,1.1699752807617188
nuscenes_mini_subset,scene-0103_016,2,34720,2938,8.461981566820278,22.4642614023145,2830,4.1003049813622505,52.50546119003111,62.132766803342264,337,303,89.91097922848665,87.04618835449219,84.48967742919922,2.5565109252929688
nuscenes_mini_subset,scene-0103_016,3,34720,2935,8.453341013824884,22.419080068143103,2766,6.269061335140631,78.44530624406437,92.27324802946642,337,286,84.86646884272997,88.1483154296875,84.01590728759766,4.132408142089844
nuscenes_mini_subset,scene-0103_017,-3,34720,2950,8.496543778801843,22.8135593220339,2775,5.612244897959184,78.3661897233109,92.15668329086493,315,229,72.6984126984127,86.60655212402344,96.8514633178711,-10.244911193847656
nuscenes_mini_subset,scene-0103_017,-2,34720,2942,8.473502304147464,22.56968048946295,2827,3.8435374149659864,52.45526209886734,62.020785612576795,315,254,80.63492063492063,88.85507202148438,96.01220703125,-7.157135009765625
nuscenes_mini_subset,scene-0103_017,-1,34720,2949,8.493663594470046,22.482197355035606,2889,1.7346938775510203,26.35096058884775,31.360382934401734,315,287,91.11111111111111,91.52055358886719,95.08251953125,-3.5619659423828125
nuscenes_mini_subset,scene-0103_017,-0.5,34720,2951,8.49942396313364,22.399186716367332,2916,0.8163265306122449,13.20411276358828,15.754854779260006,315,301,95.55555555555556,93.01935577392578,94.806884765625,-1.7875289916992188
nuscenes_mini_subset,scene-0103_017,0,34720,2940,8.46774193548387,22.346938775510203,2940,0.0,0.0,0.0,315,314,99.68253968253968,94.53506469726562,94.53506469726562,0.0
nuscenes_mini_subset,scene-0103_017,0.5,34720,2946,8.485023041474655,22.36931432450781,2912,0.9523809523809523,13.207236396395452,15.766449963639774,315,313,99.36507936507937,95.02635955810547,93.31112670898438,1.7152328491210938
nuscenes_mini_subset,scene-0103_017,1,34720,2928,8.433179723502304,22.370218579234972,2879,2.074829931972789,26.355762275855135,31.371887544485745,315,302,95.87301587301587,95.30184173583984,91.91885375976562,3.3829879760742188
nuscenes_mini_subset,scene-0103_017,2,34720,2904,8.36405529953917,22.31404958677686,2819,4.115646258503402,52.50990985749215,62.1328428064289,315,278,88.25396825396825,96.28738403320312,89.77825927734375,6.509124755859375
nuscenes_mini_subset,scene-0103_017,3,34720,2902,8.358294930875577,22.50172294968987,2756,6.258503401360544,78.45695414507084,92.38610353031186,315,256,81.26984126984127,97.2680892944336,88.06249237060547,9.205596923828125
nuscenes_mini_subset,scene-0103_018,-3,34784,2965,8.524034038638455,24.45193929173693,2783,5.275697753573859,78.39778942377828,92.33381581986312,334,242,72.45508982035928,89.77528381347656,101.70052337646484,-11.925239562988281
nuscenes_mini_subset,scene-0103_018,-2,34784,2960,8.509659613615456,24.12162162162162,2836,3.4717494894486043,52.47614700465437,62.12394269170264,334,275,82.33532934131736,92.670654296875,100.93213653564453,-8.261482238769531
nuscenes_mini_subset,scene-0103_018,-1,34784,2949,8.478035878564857,23.80467955239064,2887,1.7358747447243021,26.34704132570454,31.37269039991212,334,309,92.51497005988024,95.77136993408203,100.01364135742188,-4.242271423339844
nuscenes_mini_subset,scene-0103_018,-0.5,34784,2939,8.44928702851886,23.341272541680844,2910,0.9530292716133424,13.198083142073248,15.752063904650365,334,320,95.80838323353294,97.36714172363281,99.5003890991211,-2.1332473754882812
nuscenes_mini_subset,scene-0103_018,0,34784,2938,8.446412143514259,23.6215112321307,2938,0.0,0.0,0.0,334,334,100.0,99.00498962402344,99.00498962402344,0.0
nuscenes_mini_subset,scene-0103_018,0.5,34784,2925,8.409038638454462,23.589743589743588,2904,1.1572498298162015,13.198338139252296,15.740355174496289,334,331,99.10179640718563,99.36653137207031,97.25276184082031,2.11376953125
nuscenes_mini_subset,scene-0103_018,1,34784,2933,8.43203771849126,23.7981588816911,2876,2.110279101429544,26.350082329258882,31.34543619667044,334,325,97.30538922155688,100.12876892089844,95.90390014648438,4.2248687744140625
nuscenes_mini_subset,scene-0103_018,2,34784,2924,8.406163753449862,24.076607387140903,2813,4.2545949625595645,52.48867515768936,62.0840726948403,334,303,90.7185628742515,101.29298400878906,93.23184967041016,8.061134338378906
nuscenes_mini_subset,scene-0103_018,3,34784,2898,8.331416743330266,23.878536922015183,2751,6.364874063989109,78.43076612343687,92.29985872752596,334,271,81.1377245508982,102.35216522216797,90.98033905029297,11.371826171875
nuscenes_mini_subset,scene-0103_019,-3,34784,2994,8.60740570377185,22.979291917167668,2813,4.901960784313726,78.07988101525095,91.96215736915127,271,178,65.68265682656826,89.0284652709961,97.23492431640625,-8.206459045410156
nuscenes_mini_subset,scene-0103_019,-2,34784,2982,8.57290708371665,22.736418511066397,2861,3.2792427315753887,52.24524541846849,61.91335092035576,271,215,79.33579335793358,91.59614562988281,97.10099029541016,-5.504844665527344
nuscenes_mini_subset,scene-0103_019,-1,34784,2966,8.526908923643054,22.420768712070128,2908,1.6903313049357673,26.220872805044912,31.272477002982484,271,243,89.66789667896678,94.257568359375,97.1033706665039,-2.8458023071289062
nuscenes_mini_subset,scene-0103_019,-0.5,34784,2955,8.495285188592456,22.267343485617598,2926,1.0818120351588911,13.130954477067473,15.699866233271257,271,259,95.5719557195572,95.5993881225586,97.0510482788086,-1.45166015625
nuscenes_mini_subset,scene-0103_019,0,34784,2958,8.503909843606255,22.008113590263694,2958,0.0,0.0,0.0,271,270,99.6309963099631,96.957763671875,96.957763671875,0.0
nuscenes_mini_subset,scene-0103_019,0.5,34784,2949,8.478035878564857,22.177009155645983,2927,1.0480054090601758,13.138828583754997,15.726489122286576,271,269,99.2619926199262,97.10730743408203,95.64993286132812,1.4573745727539062
nuscenes_mini_subset,scene-0103_019,1,34784,2946,8.469411223551058,22.267481330617787,2896,2.0960108181203516,26.222222835003596,31.298315942573435,271,259,95.5719557195572,97.28013610839844,94.42044830322266,2.8596878051757812
nuscenes_mini_subset,scene-0103_019,2,34784,2942,8.457911683532657,22.67165193745751,2833,4.2258282623394186,52.22877036004638,61.96116586609487,271,236,87.08487084870849,97.57381439208984,92.28016662597656,5.293647766113281
nuscenes_mini_subset,scene-0103_019,3,34784,2933,8.43203771849126,23.048073644732355,2775,6.186612576064909,78.05780636612977,92.16056431096828,271,211,77.85977859778598,98.04549407958984,90.65190124511719,7.393592834472656
nuscenes_mini_subset,scene-0103_020,-3,34752,3019,8.687269797421731,20.238489566081483,2834,5.217391304347826,77.91265208259915,91.6182884008171,256,157,61.328125,89.70311737060547,100.03092193603516,-10.327804565429688
nuscenes_mini_subset,scene-0103_020,-2,34752,3009,8.658494475138122,20.172814888667332,2886,3.4782608695652173,52.14499918536862,61.71860090545663,256,192,75.0,92.28215789794922,99.1378402709961,-6.855682373046875
nuscenes_mini_subset,scene-0103_020,-1,34752,3002,8.638351749539595,19.85343104596935,2941,1.6387959866220736,26.180320385130443,31.17525117181739,256,226,88.28125,95.28285217285156,98.59552764892578,-3.3126754760742188
nuscenes_mini_subset,scene-0103_020,-0.5,34752,3001,8.635474217311234,19.860046651116296,2969,0.7023411371237458,13.117609693786074,15.670431298869572,256,245,95.703125,96.76399993896484,98.41571044921875,-1.6517105102539062
nuscenes_mini_subset,scene-0103_020,0,34752,2990,8.603821362799263,19.96655518394649,2990,0.0,0.0,0.0,256,256,100.0,98.32813262939453,98.32813262939453,0.0
nuscenes_mini_subset,scene-0103_020,0.5,34752,2982,8.580801104972375,20.087189805499666,2962,0.9364548494983278,13.117181338702832,15.695279154817,256,250,97.65625,98.71150970458984,97.05724334716797,1.654266357421875
nuscenes_mini_subset,scene-0103_020,1,34752,2973,8.554903314917127,20.316178943827783,2929,2.040133779264214,26.17439425420096,31.236022861263336,256,244,95.3125,98.80245208740234,95.58772277832031,3.2147293090820312
nuscenes_mini_subset,scene-0103_020,2,34752,2965,8.531883057090239,20.20236087689713,2866,4.147157190635451,52.130761129943615,61.81868121154326,256,218,85.15625,99.37669372558594,93.12113189697266,6.255561828613281
nuscenes_mini_subset,scene-0103_020,3,34752,2960,8.517495395948435,20.06756756756757,2809,6.053511705685619,77.91302216222613,91.94083547516641,256,187,73.046875,100.60725402832031,91.18502044677734,9.422233581542969
nuscenes_mini_subset,scene-0103_021,-3,34752,3009,8.658494475138122,17.713526088401462,2826,5.674232309746328,77.81254602581691,91.54895276843003,246,164,66.66666666666667,87.6846923828125,93.95740509033203,-6.272712707519531
nuscenes_mini_subset,scene-0103_021,-2,34752,3008,8.655616942909761,17.1875,2885,3.704939919893191,52.10048489973697,61.80393489247065,246,187,76.01626016260163,88.80103302001953,92.96435546875,-4.163322448730469
nuscenes_mini_subset,scene-0103_021,-1,34752,3003,8.641229281767956,17.24941724941725,2942,1.8024032042723632,26.157629065661215,31.08358733758744,246,216,87.8048780487805,89.9153823852539,91.96592712402344,-2.0505447387695312
nuscenes_mini_subset,scene-0103_021,-0.5,34752,3002,8.638351749539595,17.55496335776149,2972,0.8010680907877169,13.107067735813072,15.591102631539343,246,232,94.3089430894309,90.57364654541016,91.57109832763672,-0.9974517822265625
nuscenes_mini_subset,scene-0103_021,0,34752,2996,8.621086556169429,17.75700934579439,2996,0.0,0.0,0.0,246,245,99.59349593495935,91.30872344970703,91.30872344970703,0.0
nuscenes_mini_subset,scene-0103_021,0.5,34752,2999,8.629719152854513,17.80593531177059,2968,0.9345794392523364,13.10628469220092,15.611566977398818,246,239,97.15447154471545,91.75924682617188,90.73897552490234,1.0202713012695312
nuscenes_mini_subset,scene-0103_021,1,34752,2987,8.59518876611418,17.74355540676264,2935,2.0360480640854473,26.151188363743383,31.065468081954354,246,227,92.27642276422765,92.03739166259766,90.11910247802734,1.9182891845703125
nuscenes_mini_subset,scene-0103_021,2,34752,2971,8.549148250460405,18.142039717266915,2872,4.138851802403204,52.07893496554117,61.52289075439089,246,208,84.55284552845528,92.79378509521484,89.20243835449219,3.5913467407226562
nuscenes_mini_subset,scene-0103_021,3,34752,2960,8.517495395948435,17.87162162162162,2811,6.174899866488651,77.80415110230551,91.43870847607286,246,186,75.60975609756098,93.9248046875,88.63275909423828,5.292045593261719
nuscenes_mini_subset,scene-0103_022,-3,34752,2982,8.580801104972375,17.0355466130114,2805,4.689092762487258,77.76958995028679,91.4570297847338,226,170,75.22123893805309,93.17068481445312,96.31714630126953,-3.1464614868164062
nuscenes_mini_subset,scene-0103_022,-2,34752,2979,8.572168508287293,16.649882510909702,2860,2.820251444104655,52.035969689485,61.58097032551281,226,190,84.070796460177,93.62482452392578,95.76090240478516,-2.136077880859375
nuscenes_mini_subset,scene-0103_022,-1,34752,2963,8.526127992633517,16.23354708066149,2906,1.257220523275569,26.105826646229293,31.081215064198478,226,208,92.03539823008849,94.22676849365234,95.32319641113281,-1.0964279174804688
nuscenes_mini_subset,scene-0103_022,-0.5,34752,2954,8.500230202578269,16.147596479350035,2928,0.509683995922528,13.075760058703386,15.616169004387723,226,217,96.01769911504425,94.5501708984375,95.10649108886719,-0.5563201904296875
nuscenes_mini_subset,scene-0103_022,0,34752,2943,8.4685773480663,16.072035338090384,2943,0.0,0.0,0.0,226,226,100.0,95.04570007324219,95.04570007324219,0.0
nuscenes_mini_subset,scene-0103_022,0.5,34752,2935,8.445557090239411,16.013628620102217,2917,0.8834522595990486,13.068021205784314,15.639073689544546,226,218,96.46017699115045,95.44023895263672,94.97868347167969,0.46155548095703125
nuscenes_mini_subset,scene-0103_022,1,34752,2927,8.422536832412524,15.954902630679877,2888,1.8688413183826027,26.080851518177237,31.08846997782165,226,204,90.26548672566372,95.65938568115234,94.7852554321289,0.8741302490234375
nuscenes_mini_subset,scene-0103_022,2,34752,2928,8.425414364640885,16.08606557377049,2832,3.7716615698267075,51.95244435499677,61.5436599631591,226,187,82.7433628318584,96.46375274658203,94.81318664550781,1.6505661010742188
nuscenes_mini_subset,scene-0103_022,3,34752,2942,8.465699815837938,16.519374575118967,2780,5.538566089024805,77.65344571388233,91.5217884653678,226,159,70.35398230088495,97.03239440917969,94.79598999023438,2.2364044189453125
nuscenes_mini_subset,scene-0103_023,-3,34720,2985,8.597350230414747,18.391959798994975,2827,5.514705882352941,77.890795871934,91.67178142483088,243,185,76.13168724279835,94.97948455810547,95.57071685791016,-0.5912322998046875
nuscenes_mini_subset,scene-0103_023,-2,34720,2986,8.600230414746544,17.71600803750837,2883,3.643048128342246,52.11728307197159,61.684839711108765,243,201,82.71604938271605,95.74518585205078,95.93455505371094,-0.18936920166015625
nuscenes_mini_subset,scene-0103_023,-1,34720,2988,8.605990783410137,17.670682730923694,2934,1.9385026737967914,26.1509833855594,31.137923277466584,243,220,90.53497942386831,96.49800109863281,96.55017852783203,-0.05217742919921875
nuscenes_mini_subset,scene-0103_023,-0.5,34720,2988,8.605990783410137,17.53681392235609,2961,1.036096256684492,13.099767143852551,15.65144547700863,243,235,96.70781893004116,96.7144775390625,96.74419403076172,-0.02971649169921875
nuscenes_mini_subset,scene-0103_023,0,34720,2992,8.617511520737327,17.613636363636363,2992,0.0,0.0,0.0,243,243,100.0,97.17034149169922,97.17034149169922,0.0
nuscenes_mini_subset,scene-0103_023,0.5,34720,2985,8.597350230414747,17.68844221105528,2962,1.0026737967914439,13.099902171387695,15.633822540488127,243,228,93.82716049382717,96.86646270751953,96.90943908691406,-0.04297637939453125
nuscenes_mini_subset,scene-0103_023,1,34720,2988,8.605990783410137,17.53681392235609,2934,1.9385026737967914,26.146301664489204,31.111631221743394,243,209,86.0082304526749,96.68313598632812,96.724853515625,-0.041717529296875
nuscenes_mini_subset,scene-0103_023,2,34720,2987,8.603110599078342,17.777033813190492,2877,3.843582887700535,52.08021773334584,61.58932667667353,243,180,74.07407407407408,96.19673156738281,96.34347534179688,-0.1467437744140625
nuscenes_mini_subset,scene-0103_023,3,34720,2979,8.580069124423963,17.992614971466935,2820,5.748663101604278,77.81231628052642,91.57112245448208,243,151,62.13991769547325,95.83293151855469,96.19869995117188,-0.3657684326171875
nuscenes_mini_subset,scene-0103_024,-3,34688,2954,8.515913284132841,16.350710900473935,2783,5.724932249322493,77.68950525776597,91.46370571676887,205,127,61.951219512195124,90.46815490722656,91.35345458984375,-0.8852996826171875
nuscenes_mini_subset,scene-0103_024,-2,34688,2956,8.521678966789668,16.305818673883625,2841,3.7601626016260163,51.985401042077726,61.5715146495359,205,154,75.1219512195122,90.80815887451172,91.3263168334961,-0.518157958984375
nuscenes_mini_subset,scene-0103_024,-1,34688,2956,8.521678966789668,16.069012178619758,2897,1.8631436314363143,26.089652263679834,31.06874770016918,205,183,89.26829268292683,91.18982696533203,91.40278625488281,-0.21295928955078125
nuscenes_mini_subset,scene-0103_024,-0.5,34688,2954,8.515913284132841,15.876777251184834,2925,0.9146341463414634,13.06903458550714,15.613554916253204,205,195,95.1219512195122,91.25534057617188,91.35478973388672,-0.09944915771484375
nuscenes_mini_subset,scene-0103_024,0,34688,2952,8.510147601476014,15.853658536585366,2952,0.0,0.0,0.0,205,205,100.0,91.56790924072266,91.56790924072266,0.0
nuscenes_mini_subset,scene-0103_024,0.5,34688,2950,8.504381918819188,15.694915254237287,2922,1.016260162601626,13.063345178425212,15.580530728080834,205,188,91.70731707317073,91.59246826171875,91.56262969970703,0.02983856201171875
nuscenes_mini_subset,scene-0103_024,1,34688,2952,8.510147601476014,15.616531165311653,2896,1.897018970189702,26.07286044343262,31.023196934761053,205,170,82.92682926829268,91.63054656982422,91.5494613647461,0.081085205078125
nuscenes_mini_subset,scene-0103_024,2,34688,2958,8.527444649446494,15.48343475321163,2843,3.692411924119241,51.93739495907017,61.438257815197204,205,137,66.82926829268293,91.8422622680664,91.73141479492188,0.11084747314453125
nuscenes_mini_subset,scene-0103_024,3,34688,2956,8.521678966789668,15.561569688768607,2788,5.555555555555555,77.59403515634325,91.18364655630546,205,106,51.707317073170735,91.7620849609375,91.79817199707031,-0.0360870361328125
nuscenes_mini_subset,scene-0103_025,-3,34688,2940,8.475553505535055,10.714285714285714,2774,5.6783407004420265,77.59472352683629,90.67613375001055,113,40,35.39823008849557,82.56420135498047,85.19224548339844,-2.6280441284179688
nuscenes_mini_subset,scene-0103_025,-2,34688,2933,8.455373616236162,10.46709853392431,2825,3.9442366541992517,51.902825944069484,61.019378364000495,113,60,53.097345132743364,83.87456512451172,85.30429077148438,-1.4297256469726562
nuscenes_mini_subset,scene-0103_025,-1,34688,2931,8.449607933579335,10.576595018764927,2879,2.108126487589255,26.04763643596549,30.816315080638105,113,91,80.53097345132744,84.77014923095703,85.34125518798828,-0.57110595703125
nuscenes_mini_subset,scene-0103_025,-0.5,34688,2944,8.487084870848708,10.699728260869565,2913,0.9520571234274057,13.054718831273718,15.493147191394975,113,106,93.80530973451327,85.00853729248047,85.26411437988281,-0.25557708740234375
nuscenes_mini_subset,scene-0103_025,0,34688,2941,8.478436346863468,10.948656919415164,2941,0.0,0.0,0.0,113,113,100.0,85.28134155273438,85.28134155273438,0.0
nuscenes_mini_subset,scene-0103_025,0.5,34688,2956,8.521678966789668,10.926928281461434,2926,0.5100306018361102,13.064839580746236,15.520458198978096,113,105,92.92035398230088,85.29877471923828,85.08171081542969,0.21706390380859375
nuscenes_mini_subset,scene-0103_025,1,34688,2954,8.515913284132841,10.86662153012864,2898,1.4620877252635158,26.07694108250077,30.89688755386614,113,85,75.22123893805309,85.27993774414062,84.84697723388672,0.43296051025390625
nuscenes_mini_subset,scene-0103_025,2,34688,2945,8.48996771217712,10.967741935483872,2839,3.468208092485549,51.93147015125285,61.27848321651778,113,63,55.75221238938053,85.11028289794922,84.15408325195312,0.9561996459960938
nuscenes_mini_subset,scene-0103_025,3,34688,2945,8.48996771217712,10.899830220713074,2781,5.440326419585175,77.57484600910765,91.102869932931,113,46,40.70796460176991,85.14095306396484,83.29490661621094,1.8460464477539062
nuscenes_mini_subset,scene-0103_026,-3,34688,2887,8.322762915129152,10.529961898164185,2714,5.829285218598196,77.57479882276198,91.03757894321629,119,60,50.42016806722689,77.64614868164062,79.98321533203125,-2.337066650390625
nuscenes_mini_subset,scene-0103_026,-2,34688,2892,8.337177121771218,10.338865836791147,2777,3.6433032616238723,51.91767368714177,61.257842413853986,119,78,65.54621848739495,78.45915985107422,80.17597961425781,-1.7168197631835938
nuscenes_mini_subset,scene-0103_026,-1,34688,2884,8.314114391143912,10.436893203883495,2825,1.977793199167245,26.041412862388615,30.92667414038579,119,102,85.71428571428571,79.64568328857422,80.47218322753906,-0.8264999389648438
nuscenes_mini_subset,scene-0103_026,-0.5,34688,2884,8.314114391143912,10.298196948682385,2855,0.9368494101318529,13.047243373024534,15.533994789105124,119,115,96.63865546218487,80.14352416992188,80.55815124511719,-0.4146270751953125
nuscenes_mini_subset,scene-0103_026,0,34688,2882,8.308348708487085,10.270645385149201,2882,0.0,0.0,0.0,119,119,100.0,80.58645629882812,80.58645629882812,0.0
nuscenes_mini_subset,scene-0103_026,0.5,34688,2888,8.325645756457565,10.422437673130194,2856,0.9021512838306731,13.043808282377494,15.54965345855721,119,114,95.7983193277311,80.49588775634766,80.01331329345703,0.482574462890625
nuscenes_mini_subset,scene-0103_026,1,34688,2887,8.322762915129152,10.737790093522689,2830,1.8043025676613462,26.032875343379366,30.95232654284543,119,107,89.91596638655462,80.47529602050781,79.54031372070312,0.9349822998046875
nuscenes_mini_subset,scene-0103_026,2,34688,2886,8.319880073800737,10.845460845460845,2771,3.8514920194309505,51.823740759401275,61.204587341725976,119,83,69.74789915966386,80.18490600585938,78.41866302490234,1.7662429809570312
nuscenes_mini_subset,scene-0103_026,3,34688,2882,8.308348708487085,10.756419153365718,2718,5.690492713393477,77.41640657135,90.92399437658761,119,60,50.42016806722689,79.47897338867188,77.47893524169922,2.0000381469726562
nuscenes_mini_subset,scene-0103_027,-3,34752,2821,8.117518416206261,12.123360510457285,2673,5.880281690140845,77.43114961101176,90.73417833023538,138,64,46.3768115942029,68.16551208496094,70.02409362792969,-1.85858154296875
nuscenes_mini_subset,scene-0103_027,-2,34752,2826,8.131906077348066,11.78343949044586,2732,3.8028169014084505,51.81365767333679,61.03068602522879,138,89,64.4927536231884,69.46765899658203,70.87350463867188,-1.4058456420898438
nuscenes_mini_subset,scene-0103_027,-1,34752,2838,8.166436464088397,11.839323467230443,2792,1.6901408450704225,26.007629221456494,30.805121058024657,138,119,86.23188405797102,70.71702575683594,71.52753448486328,-0.8105087280273438
nuscenes_mini_subset,scene-0103_027,-0.5,34752,2835,8.157803867403315,12.063492063492063,2815,0.8802816901408451,13.023852488369272,15.463334119732675,138,133,96.3768115942029,71.26143646240234,71.70101165771484,-0.4395751953125
nuscenes_mini_subset,scene-0103_027,0,34752,2840,8.17219152854512,12.183098591549296,2840,0.0,0.0,0.0,138,138,100.0,72.06535339355469,72.06535339355469,0.0
nuscenes_mini_subset,scene-0103_027,0.5,34752,2830,8.14341620626151,12.226148409893993,2813,0.9507042253521126,13.017343244149169,15.457233019135906,138,134,97.10144927536231,71.58688354492188,71.07528686523438,0.5115966796875
nuscenes_mini_subset,scene-0103_027,1,34752,2839,8.169313996316758,12.398731947868969,2795,1.5845070422535212,25.99569721947279,30.830636285731643,138,124,89.85507246376811,71.40169525146484,70.3629150390625,1.0387802124023438
nuscenes_mini_subset,scene-0103_027,2,34752,2863,8.23837476979742,12.329724065665387,2748,3.23943661971831,51.79587861036959,61.08212612645911,138,107,77.53623188405797,70.787353515625,68.97402954101562,1.813323974609375
nuscenes_mini_subset,scene-0103_027,3,34752,2873,8.267150092081032,12.774103724329969,2704,4.788732394366197,77.43113612169887,90.93134287555283,138,88,63.768115942028984,70.20427703857422,67.83382415771484,2.370452880859375
nuscenes_mini_subset,scene-0103_028,-3,34720,2779,8.004032258064516,13.925872616048936,2628,5.840200644930133,77.19020864095752,90.72096961542161,159,88,55.34591194968554,65.93560028076172,69.08969116210938,-3.1540908813476562
nuscenes_mini_subset,scene-0103_028,-2,34720,2786,8.024193548387098,13.890882986360372,2682,3.9054102472232173,51.641130486200026,60.9539562977852,159,109,68.55345911949685,67.19591522216797,69.31578826904297,-2.119873046875
nuscenes_mini_subset,scene-0103_028,-1,34720,2783,8.015552995391705,14.229249011857709,2732,2.1139376567538517,25.90841475121812,30.760618706209666,159,143,89.937106918239,68.39332580566406,69.49352264404297,-1.1001968383789062
nuscenes_mini_subset,scene-0103_028,-0.5,34720,2792,8.041474654377879,14.21919770773639,2765,0.9315657470440702,12.984520486513595,15.466279467142567,159,157,98.74213836477988,69.18275451660156,69.71874237060547,-0.5359878540039062
nuscenes_mini_subset,scene-0103_028,0,34720,2791,8.038594470046084,14.367610175564312,2791,0.0,0.0,0.0,159,159,100.0,69.93077850341797,69.93077850341797,0.0
nuscenes_mini_subset,scene-0103_028,0.5,34720,2796,8.05299539170507,14.52074391988555,2765,0.9315657470440702,12.977698258343166,15.450920126919016,159,153,96.22641509433963,69.61872863769531,69.13871765136719,0.480010986328125
nuscenes_mini_subset,scene-0103_028,1,34720,2802,8.070276497695852,14.596716630977873,2743,1.719813686850591,25.904298129048616,30.753500402616258,159,140,88.0503144654088,69.4529037475586,68.41816711425781,1.0347366333007812
nuscenes_mini_subset,scene-0103_028,2,34720,2807,8.084677419354838,14.39258995368721,2701,3.2246506628448586,51.6246106794714,60.95656940691989,159,117,73.58490566037736,69.59149169921875,67.41857147216797,2.1729202270507812
nuscenes_mini_subset,scene-0103_028,3,34720,2819,8.119239631336406,14.402270308620077,2654,4.9086348978860626,77.14192915179052,90.55101624550345,159,95,59.74842767295598,69.31298065185547,66.19396209716797,3.1190185546875
nuscenes_mini_subset,scene-0103_029,-3,34720,2760,7.949308755760369,18.333333333333332,2627,5.673249551166966,77.18583673452748,90.3190918244964,188,121,64.36170212765957,92.19918060302734,92.63369750976562,-0.43451690673828125
nuscenes_mini_subset,scene-0103_029,-2,34720,2768,7.9723502304147456,18.28034682080925,2677,3.8779174147217237,51.6297863563753,60.74706776550823,188,137,72.87234042553192,93.43150329589844,93.44499206542969,-0.01348876953125
nuscenes_mini_subset,scene-0103_029,-1,34720,2774,7.989631336405529,18.096611391492427,2731,1.9389587073608618,25.91043438298008,30.66548521253148,188,174,92.55319148936171,94.40901184082031,94.2757797241211,0.13323211669921875
nuscenes_mini_subset,scene-0103_029,-0.5,34720,2784,8.018433179723502,18.211206896551722,2760,0.8976660682226212,12.981915065599422,15.413394296073186,188,187,99.46808510638297,94.9346694946289,94.8319091796875,0.10276031494140625
nuscenes_mini_subset,scene-0103_029,0,34720,2785,8.021313364055299,18.13285457809695,2785,0.0,0.0,0.0,188,188,100.0,95.29371643066406,95.29371643066406,0.0
nuscenes_mini_subset,scene-0103_029,0.5,34720,2793,8.044354838709678,18.188327962764053,2764,0.7540394973070018,12.982273983982436,15.439764381879893,188,183,97.34042553191489,94.73876953125,94.83378601074219,-0.0950164794921875
nuscenes_mini_subset,scene-0103_029,1,34720,2799,8.06163594470046,18.220793140407288,2744,1.4721723518850987,25.91963249688592,30.779826932397615,188,170,90.42553191489361,94.2044448852539,94.38336944580078,-0.178924560546875
nuscenes_mini_subset,scene-0103_029,2,34720,2805,8.078917050691244,18.110516934046345,2695,3.2315978456014363,51.633238575318636,60.96317596374926,188,138,73.40425531914893,93.37286376953125,93.41083526611328,-0.03797149658203125
nuscenes_mini_subset,scene-0103_029,3,34720,2814,8.10483870967742,17.91044776119403,2647,4.955116696588869,77.15677145909804,90.62830302317046,188,112,59.57446808510638,92.72980499267578,92.44081115722656,0.28899383544921875
nuscenes_mini_subset,scene-0103_030,-3,34688,2804,8.083487084870848,21.82596291012839,2669,5.555555555555555,77.12992224575157,90.40823130513603,238,163,68.4873949579832,88.26123809814453,89.8984375,-1.6371994018554688
nuscenes_mini_subset,scene-0103_030,-2,34688,2815,8.115198339483396,21.989342806394315,2722,3.6801132342533616,51.60517031518321,60.847601004447206,238,195,81.9327731092437,88.95423126220703,90.36796569824219,-1.4137344360351562
nuscenes_mini_subset,scene-0103_030,-1,34688,2817,8.120964022140221,21.938232161874335,2774,1.8400566171266808,25.897270047959346,30.71424270023172,238,225,94.53781512605042,89.91270446777344,90.8827133178711,-0.9700088500976562
nuscenes_mini_subset,scene-0103_030,-0.5,34688,2820,8.129612546125461,21.879432624113477,2800,0.9200283085633404,12.972259246548113,15.424784754918939,238,236,99.15966386554622,90.5087661743164,91.03553771972656,-0.5267715454101562
nuscenes_mini_subset,scene-0103_030,0,34688,2826,8.146909594095941,21.762208067940552,2826,0.0,0.0,0.0,238,238,100.0,91.2475814819336,91.2475814819336,0.0
nuscenes_mini_subset,scene-0103_030,0.5,34688,2826,8.146909594095941,21.51450813871196,2804,0.778485491861288,12.974930753652625,15.440598703157026,238,232,97.47899159663865,91.06625366210938,90.5451889038086,0.5210647583007812
nuscenes_mini_subset,scene-0103_030,1,34688,2833,8.167089483394834,21.5319449346982,2783,1.521585279547063,25.90557898095058,30.766722096940136,238,219,92.01680672268908,90.85032653808594,90.0004653930664,0.8498611450195312
nuscenes_mini_subset,scene-0103_030,2,34688,2838,8.181503690036902,21.634954193093726,2738,3.113941967445152,51.62888981825501,60.98333148598282,238,192,80.67226890756302,90.1970443725586,89.07670593261719,1.1203384399414062
nuscenes_mini_subset,scene-0103_030,3,34688,2841,8.190152214022142,21.471312917986623,2689,4.847841472045293,77.15906817192334,90.69191656435393,238,167,70.16806722689076,89.64249420166016,88.43163299560547,1.2108612060546875
nuscenes_mini_subset,scene-0103_031,-3,34688,2811,8.103666974169741,26.929918178584135,2664,5.531914893617022,77.08495938680966,90.47976214786539,322,217,67.3913043478261,84.71764373779297,85.24465942382812,-0.5270156860351562
nuscenes_mini_subset,scene-0103_031,-2,34688,2809,8.097901291512915,27.12709149163403,2709,3.9361702127659575,51.54830106464047,60.83937246276852,322,257,79.8136645962733,85.18467712402344,85.42508697509766,-0.24040985107421875
nuscenes_mini_subset,scene-0103_031,-1,34688,2816,8.118081180811808,26.84659090909091,2768,1.8439716312056738,25.881196078561352,30.698200374622928,322,297,92.2360248447205,85.65737915039062,85.84932708740234,-0.19194793701171875
nuscenes_mini_subset,scene-0103_031,-0.5,34688,2822,8.135378228782288,26.71863926293409,2795,0.8865248226950354,12.966542412227797,15.415044887596965,322,309,95.96273291925466,85.94856262207031,86.05591583251953,-0.10735321044921875
nuscenes_mini_subset,scene-0103_031,0,34688,2820,8.129612546125461,26.843971631205676,2820,0.0,0.0,0.0,322,322,100.0,86.07300567626953,86.07300567626953,0.0
nuscenes_mini_subset,scene-0103_031,0.5,34688,2829,8.155558118081181,26.723223753976672,2799,0.7446808510638298,12.967642481364528,15.426701765029154,322,320,99.37888198757764,85.89292907714844,85.76824188232422,0.12468719482421875
nuscenes_mini_subset,scene-0103_031,1,34688,2832,8.164206642066421,26.73022598870056,2776,1.5602836879432624,25.886579804397456,30.729988950291677,322,311,96.58385093167702,85.6904296875,85.49503326416016,0.19539642333984375
nuscenes_mini_subset,scene-0103_031,2,34688,2833,8.167089483394834,26.579597599717612,2728,3.2624113475177303,51.58098805481051,60.884035058372454,322,276,85.71428571428571,85.29582977294922,84.93904113769531,0.35678863525390625
nuscenes_mini_subset,scene-0103_031,3,34688,2837,8.178620848708487,26.61261896369404,2679,5.0,77.08847866251895,90.37580565966064,322,233,72.36024844720497,84.9684829711914,84.38055419921875,0.5879287719726562
nuscenes_mini_subset,scene-0103_032,-3,34752,2843,8.180824125230203,26.31023566654942,2697,4.934790271413465,77.12613090929109,90.41309191928154,332,228,68.67469879518072,82.40006256103516,84.37971496582031,-1.9796524047851562
nuscenes_mini_subset,scene-0103_032,-2,34752,2839,8.169313996316758,25.924621345544207,2740,3.4191046880507576,51.57658733732424,60.843385649794875,332,274,82.53012048192771,83.02749633789062,84.50019073486328,-1.4726943969726562
nuscenes_mini_subset,scene-0103_032,-1,34752,2843,8.180824125230203,25.50123109391488,2793,1.5509340853013747,25.891453320214286,30.746388347822638,332,318,95.78313253012048,83.91134643554688,84.72992706298828,-0.8185806274414062
nuscenes_mini_subset,scene-0103_032,-0.5,34752,2847,8.192334254143645,25.14927994380049,2821,0.5639760310186817,12.973558058193456,15.450355627299293,332,329,99.09638554216868,84.62989807128906,85.04876708984375,-0.4188690185546875
nuscenes_mini_subset,scene-0103_032,0,34752,2837,8.163558931860036,24.88544236869933,2837,0.0,0.0,0.0,332,332,100.0,85.3157730102539,85.3157730102539,0.0
nuscenes_mini_subset,scene-0103_032,0.5,34752,2839,8.169313996316758,24.727016555125044,2812,0.8812125484666902,12.9659561500624,15.435851181182965,332,329,99.09638554216868,85.26628875732422,84.8656005859375,0.40068817138671875
nuscenes_mini_subset,scene-0103_032,1,34752,2831,8.14629373848987,24.655598728364538,2784,1.8681706027493832,25.876520087813155,30.742015332944653,332,318,95.78313253012048,85.2349624633789,84.49553680419922,0.7394256591796875
nuscenes_mini_subset,scene-0103_032,2,34752,2823,8.123273480662982,24.54835281615303,2727,3.8773352132534367,51.53697216761704,60.85929234689466,332,273,82.2289156626506,85.03457641601562,83.89816284179688,1.13641357421875
nuscenes_mini_subset,scene-0103_032,3,34752,2821,8.117518416206261,24.35306628855016,2677,5.6397603101868174,77.0295164316939,90.44144214417453,332,227,68.37349397590361,84.7983169555664,83.4077377319336,1.3905792236328125
nuscenes_mini_subset,scene-0103_033,-3,34784,2856,8.210671573137073,26.47058823529412,2700,5.3627760252365935,77.0445783505957,90.72720130432398,381,272,71.39107611548556,68.30132293701172,68.43387603759766,-0.1325531005859375
nuscenes_mini_subset,scene-0103_033,-2,34784,2855,8.207796688132476,26.199649737302977,2748,3.680336487907466,51.54525758212134,61.00862984691277,381,323,84.7769028871391,68.60997009277344,68.83767700195312,-0.2277069091796875
nuscenes_mini_subset,scene-0103_033,-1,34784,2857,8.213546458141675,25.726286314315715,2802,1.7875920084121977,25.878545197711166,30.813829456448783,381,361,94.750656167979,68.8960189819336,69.0218734741211,-0.1258544921875
nuscenes_mini_subset,scene-0103_033,-0.5,34784,2854,8.204921803127876,25.683251576734406,2827,0.9113214160532772,12.963974619793442,15.475796640555426,381,376,98.68766404199475,69.02171325683594,69.10721588134766,-0.08550262451171875
nuscenes_mini_subset,scene-0103_033,0,34784,2853,8.202046918123274,25.376796354714337,2853,0.0,0.0,0.0,381,381,100.0,69.29170227050781,69.29170227050781,0.0
nuscenes_mini_subset,scene-0103_033,0.5,34784,2846,8.181922723091075,25.12297962052003,2824,1.0164738871363477,12.962636589009316,15.459513672364931,381,374,98.16272965879266,69.2833251953125,69.23644256591797,0.04688262939453125
nuscenes_mini_subset,scene-0103_033,1,34784,2850,8.193422263109476,24.80701754385965,2798,1.9277953031896249,25.873966236207952,30.74233706125983,381,361,94.750656167979,69.24686431884766,69.26093292236328,-0.014068603515625
nuscenes_mini_subset,scene-0103_033,2,34784,2844,8.176172953081878,24.47257383966245,2741,3.9256922537679637,51.530207301094705,60.7664474478323,381,325,85.30183727034121,69.08562469482422,69.3132095336914,-0.2275848388671875
nuscenes_mini_subset,scene-0103_033,3,34784,2840,8.164673413063477,23.943661971830984,2687,5.818436733263232,77.00116696758464,90.2652847569055,381,281,73.75328083989501,68.75139617919922,69.4590072631836,-0.707611083984375
nuscenes_mini_subset,scene-0103_034,-3,34688,2865,8.259340405904059,24.57242582897033,2689,5.450070323488045,77.13547917297902,90.41239551439816,435,324,74.48275862068965,71.12591552734375,70.60367584228516,0.5222396850585938
nuscenes_mini_subset,scene-0103_034,-2,34688,2858,8.239160516605166,24.422673198040588,2744,3.5161744022503516,51.62394919643169,60.85380998138139,435,373,85.74712643678161,71.43151092529297,71.1153793334961,0.316131591796875
nuscenes_mini_subset,scene-0103_034,-1,34688,2856,8.233394833948338,24.29971988795518,2797,1.6526019690576652,25.913031460813205,30.73436179208767,435,416,95.63218390804597,71.75370788574219,71.67416381835938,0.0795440673828125
nuscenes_mini_subset,scene-0103_034,-0.5,34688,2848,8.210332103321033,24.2626404494382,2821,0.8087201125175809,12.979610901231725,15.443147638359372,435,431,99.08045977011494,71.96951293945312,71.9759750366211,-0.00646209716796875
nuscenes_mini_subset,scene-0103_034,0,34688,2844,8.19880073800738,23.945147679324894,2844,0.0,0.0,0.0,435,434,99.77011494252874,72.36087799072266,72.36087799072266,0.0
nuscenes_mini_subset,scene-0103_034,0.5,34688,2836,8.175738007380073,23.97743300423131,2814,1.0548523206751055,12.97257006150609,15.419513902316629,435,424,97.47126436781609,71.9166030883789,71.96562957763672,-0.0490264892578125
nuscenes_mini_subset,scene-0103_034,1,34688,2836,8.175738007380073,23.90691114245416,2788,1.969057665260197,25.896353960517164,30.71026948995637,435,412,94.71264367816092,71.64519500732422,71.83084869384766,-0.1856536865234375
nuscenes_mini_subset,scene-0103_034,2,34688,2830,8.158440959409594,23.604240282685513,2730,4.008438818565401,51.57037824528436,60.76946573590102,435,371,85.28735632183908,71.01412200927734,71.51140594482422,-0.497283935546875
nuscenes_mini_subset,scene-0103_034,3,34688,2824,8.141143911439114,23.08781869688385,2675,5.942334739803094,77.04545112226542,90.2874266458448,435,324,74.48275862068965,70.31654357910156,71.31584930419922,-0.9993057250976562
nuscenes_mini_subset,scene-0103_035,-3,34720,2854,8.22004608294931,25.963559915907496,2673,4.841580633677466,77.21818610914781,90.5632346536521,390,280,71.7948717948718,89.38252258300781,86.6813735961914,2.7011489868164062
nuscenes_mini_subset,scene-0103_035,-2,34720,2840,8.179723502304148,26.12676056338028,2719,3.2039871840512637,51.64128195436797,60.89670753437757,390,322,82.56410256410257,88.7976303100586,87.07711791992188,1.7205123901367188
nuscenes_mini_subset,scene-0103_035,-1,34720,2823,8.130760368663594,25.929861849096707,2761,1.7087931648273407,25.902407834770813,30.790267223866188,390,367,94.1025641025641,88.46426391601562,87.55376434326172,0.9104995727539062
nuscenes_mini_subset,scene-0103_035,-0.5,34720,2810,8.093317972350231,25.622775800711743,2778,1.1035955856176576,12.96828198668353,15.44825365531013,390,380,97.43589743589743,88.20780944824219,87.79104614257812,0.4167633056640625
nuscenes_mini_subset,scene-0103_035,0,34720,2809,8.090437788018432,25.596297614809544,2809,0.0,0.0,0.0,390,389,99.74358974358974,88.16468811035156,88.16468811035156,0.0
nuscenes_mini_subset,scene-0103_035,0.5,34720,2795,8.050115207373272,25.366726296958852,2780,1.0323958704165184,12.970685251085285,15.479664638372734,390,376,96.41025641025641,87.79457092285156,88.29524230957031,-0.50067138671875
nuscenes_mini_subset,scene-0103_035,1,34720,2785,8.021313364055299,25.421903052064632,2751,2.0647917408330367,25.88152235403097,30.794392872139717,390,356,91.28205128205128,87.37132263183594,88.40726470947266,-1.0359420776367188
nuscenes_mini_subset,scene-0103_035,2,34720,2781,8.00979262672811,25.278676734987414,2697,3.987184051263795,51.55069469316948,61.034318708992515,390,307,78.71794871794872,86.66399383544922,88.86759185791016,-2.2035980224609375
nuscenes_mini_subset,scene-0103_035,3,34720,2776,7.9953917050691246,25.396253602305475,2639,6.051975792096831,76.9902157877392,90.6913072290248,390,243,62.30769230769231,86.15582275390625,89.55274200439453,-3.3969192504882812
nuscenes_mini_subset,scene-0103_036,-3,34752,2803,8.065722836095764,21.155904388155548,2633,5.796064400715563,76.96850164088798,90.17951433653477,285,178,62.45614035087719,86.70171356201172,86.88159942626953,-0.1798858642578125
nuscenes_mini_subset,scene-0103_036,-2,34752,2798,8.051335174953959,21.408148677626876,2687,3.8640429338103757,51.51108511578135,60.71698793957549,285,216,75.78947368421052,86.62716674804688,86.53636169433594,0.0908050537109375
nuscenes_mini_subset,scene-0103_036,-1,34752,2794,8.039825046040516,21.47458840372226,2743,1.8604651162790697,25.86108743055966,30.657327200547613,285,260,91.2280701754386,86.24580383300781,86.1344985961914,0.11130523681640625
nuscenes_mini_subset,scene-0103_036,-0.5,34752,2794,8.039825046040516,21.33142448103078,2771,0.8586762075134168,12.958306073170657,15.40125262930026,285,277,97.19298245614036,86.35346221923828,86.23717498779297,0.1162872314453125
nuscenes_mini_subset,scene-0103_036,0,34752,2795,8.042702578268877,21.43112701252236,2795,0.0,0.0,0.0,285,285,100.0,86.22640991210938,86.22640991210938,0.0
nuscenes_mini_subset,scene-0103_036,0.5,34752,2804,8.068600368324125,21.398002853067048,2772,0.8228980322003577,12.958082214740639,15.404335111671259,285,280,98.24561403508773,85.93891143798828,86.07959747314453,-0.14068603515625
nuscenes_mini_subset,scene-0103_036,1,34752,2795,8.042702578268877,21.3953488372093,2744,1.8246869409660107,25.860987244833446,30.707407127804974,285,268,94.03508771929825,85.77143859863281,86.09850311279297,-0.32706451416015625
nuscenes_mini_subset,scene-0103_036,2,34752,2795,8.042702578268877,21.5742397137746,2691,3.7209302325581395,51.51193657721477,60.89813279113102,285,243,85.26315789473684,85.34867858886719,85.98001098632812,-0.6313323974609375
nuscenes_mini_subset,scene-0103_036,3,34752,2786,8.016804788213628,21.32089016511127,2629,5.9391771019677995,76.9085843786858,90.48650394216949,285,209,73.33333333333333,85.34656524658203,86.06135559082031,-0.7147903442382812
nuscenes_mini_subset,scene-0103_037,-3,34720,2730,7.862903225806452,22.41758241758242,2563,5.806688717383315,77.08567711595212,90.5140436630988,343,235,68.5131195335277,88.88849639892578,85.15666198730469,3.7318344116210938
nuscenes_mini_subset,scene-0103_037,-2,34720,2729,7.860023041474655,22.609014290949066,2618,3.7853730246233,51.58608420936152,60.893431041610185,343,282,82.21574344023324,88.42731475830078,85.82147216796875,2.6058425903320312
nuscenes_mini_subset,scene-0103_037,-1,34720,2722,7.839861751152073,22.4834680382072,2668,1.9478133039323777,25.886711753198856,30.742014155574424,343,319,93.00291545189505,88.09256744384766,86.65751647949219,1.4350509643554688
nuscenes_mini_subset,scene-0103_037,-0.5,34720,2718,7.828341013824885,22.148638704930097,2691,1.1025358324145536,12.96468815815016,15.43009440736165,343,333,97.08454810495627,87.7986831665039,87.05994415283203,0.738739013671875
nuscenes_mini_subset,scene-0103_037,0,34720,2721,7.836981566820277,22.565233370084528,2721,0.0,0.0,0.0,343,342,99.70845481049562,87.51533508300781,87.51533508300781,0.0
nuscenes_mini_subset,scene-0103_037,0.5,34720,2714,7.816820276497697,22.328666175386882,2693,1.0290334435869166,12.964458499553286,15.457531758498577,343,335,97.66763848396502,86.91132354736328,87.60713958740234,-0.6958160400390625
nuscenes_mini_subset,scene-0103_037,1,34720,2712,7.811059907834101,22.787610619469024,2665,2.0580668871738332,25.866967625939456,30.75650587452655,343,322,93.87755102040816,86.181640625,87.5750503540039,-1.3934097290039062
nuscenes_mini_subset,scene-0103_037,2,34720,2707,7.796658986175115,22.31252308828962,2611,4.042631385520029,51.502884887802,60.90819438240338,343,291,84.8396501457726,84.78826904296875,87.60987091064453,-2.8216018676757812
nuscenes_mini_subset,scene-0103_037,3,34720,2709,7.802419354838709,21.88999630860096,2562,5.843439911797134,76.95032662353003,90.52315028022781,343,256,74.63556851311954,83.74525451660156,87.6943588256836,-3.9491043090820312
nuscenes_mini_subset,scene-0103_038,-3,34752,2724,7.838397790055248,25.0,2580,5.632772494513533,76.7255250087507,91.07963475498704,398,293,73.61809045226131,79.7791748046875,79.63835144042969,0.1408233642578125
nuscenes_mini_subset,scene-0103_038,-2,34752,2732,7.861418047882136,24.85358711566618,2627,3.9136795903438184,51.305154108603986,61.32643652863977,398,340,85.42713567839196,79.88902282714844,79.90119171142578,-0.01216888427734375
nuscenes_mini_subset,scene-0103_038,-1,34752,2729,7.852785451197053,25.027482594356908,2675,2.1580102414045355,25.73688795864974,30.938881034792917,398,377,94.72361809045226,80.11567687988281,80.11087799072266,0.00479888916015625
nuscenes_mini_subset,scene-0103_038,-0.5,34752,2731,7.858540515653775,25.22885389967045,2703,1.1338697878566204,12.893111343121909,15.538509069273239,398,391,98.24120603015075,80.23619079589844,80.1883544921875,0.0478363037109375
nuscenes_mini_subset,scene-0103_038,0,34752,2734,7.867173112338858,25.31089978054133,2734,0.0,0.0,0.0,398,397,99.74874371859296,80.37892150878906,80.37892150878906,0.0
nuscenes_mini_subset,scene-0103_038,0.5,34752,2738,7.878683241252301,25.493060628195764,2709,0.9144111192392099,12.890538109285059,15.540437415089135,398,387,97.23618090452261,80.06413269042969,80.17603302001953,-0.11190032958984375
nuscenes_mini_subset,scene-0103_038,1,34752,2735,7.87005064456722,25.44789762340037,2676,2.121433796634967,25.695354311405104,30.856964995121253,398,363,91.20603015075378,79.7455062866211,80.14313507080078,-0.3976287841796875
nuscenes_mini_subset,scene-0103_038,2,34752,2743,7.893070902394108,25.701786365293472,2625,3.9868324798829553,51.13275398088493,60.941006999880976,398,312,78.39195979899498,78.79454803466797,80.06092071533203,-1.2663726806640625
nuscenes_mini_subset,scene-0103_038,3,34752,2753,7.921846224677716,26.080639302579005,2582,5.5596196049743964,76.37082503504017,90.63281181757148,398,260,65.32663316582915,78.16305541992188,80.31061553955078,-2.1475601196289062
nuscenes_mini_subset,scene-0103_039,-3,34720,2704,7.788018433179723,15.273668639053254,2541,5.714285714285714,76.6473207818561,89.8600078397103,271,204,75.27675276752767,82.07621002197266,81.3256607055664,0.75054931640625
nuscenes_mini_subset,scene-0103_039,-2,34720,2705,7.790898617511521,15.341959334565619,2591,3.8589981447124306,51.267043602786686,60.45542685101612,271,236,87.08487084870849,82.7657241821289,82.4140625,0.35166168212890625
nuscenes_mini_subset,scene-0103_039,-1,34720,2703,7.785138248847927,15.390307066222716,2647,1.7810760667903525,25.732143499221916,30.510645757520216,271,263,97.0479704797048,83.72068786621094,83.55187225341797,0.16881561279296875
nuscenes_mini_subset,scene-0103_039,-0.5,34720,2687,7.73905529953917,15.333085225158168,2664,1.150278293135436,12.880790679626877,15.295889824714749,271,269,99.2619926199262,84.20690155029297,84.12582397460938,0.08107757568359375
nuscenes_mini_subset,scene-0103_039,0,34720,2695,7.762096774193548,15.139146567717995,2695,0.0,0.0,0.0,271,271,100.0,85.02416229248047,85.02416229248047,0.0
nuscenes_mini_subset,scene-0103_039,0.5,34720,2702,7.782258064516129,15.284974093264248,2676,0.7050092764378478,12.887277240189919,15.332553597185656,271,269,99.2619926199262,84.16001892089844,84.28175354003906,-0.121734619140625
nuscenes_mini_subset,scene-0103_039,1,34720,2718,7.828341013824885,15.305371596762326,2656,1.4471243042671613,25.726525549778003,30.507061243846444,271,263,97.0479704797048,83.349853515625,83.63114166259766,-0.28128814697265625
nuscenes_mini_subset,scene-0103_039,2,34720,2741,7.894585253456221,15.395840933965706,2619,2.8200371057513913,51.281799713253044,60.47415285601637,271,240,88.56088560885608,82.0078125,82.48580169677734,-0.47798919677734375
nuscenes_mini_subset,scene-0103_039,3,34720,2753,7.929147465437788,15.583000363240101,2578,4.341372912801484,76.65367304322386,89.82147363965096,271,211,77.85977859778598,80.7928695678711,81.67802429199219,-0.8851547241210938
nuscenes_mini_subset,scene-1094_000,-3,34400,3492,10.151162790697676,30.040091638029782,3360,5.325443786982248,77.48456548170311,90.74689767285982,614,509,82.89902280130293,23.404834747314453,25.24087142944336,-1.8360366821289062
nuscenes_mini_subset,scene-1094_000,-2,34400,3515,10.218023255813954,30.21337126600285,3422,3.57847280924204,51.81895035233212,60.970384610813205,614,562,91.53094462540717,24.029281616210938,25.201494216918945,-1.1722126007080078
nuscenes_mini_subset,scene-1094_000,-1,34400,3534,10.273255813953488,29.937747594793436,3486,1.7751479289940828,25.997972910967704,30.760842240883523,614,598,97.39413680781759,24.624113082885742,25.167766571044922,-0.5436534881591797
nuscenes_mini_subset,scene-1094_000,-0.5,34400,3545,10.305232558139535,29.760225669957684,3521,0.7889546351084813,13.023402290866612,15.456162651116813,614,610,99.3485342019544,24.886720657348633,25.147796630859375,-0.2610759735107422
nuscenes_mini_subset,scene-1094_000,0,34400,3549,10.316860465116278,29.55762186531417,3549,0.0,0.0,0.0,614,614,100.0,25.22873878479004,25.22873878479004,0.0
nuscenes_mini_subset,scene-1094_000,0.5,34400,3559,10.345930232558139,29.530767069401513,3528,0.591715976331361,13.024055419317346,15.467408776426208,614,605,98.53420195439739,25.105260848999023,24.967771530151367,0.13748931884765625
nuscenes_mini_subset,scene-1094_000,1,34400,3570,10.377906976744185,29.215686274509807,3511,1.0707241476472247,26.01758282392853,30.89676362372811,614,582,94.78827361563518,25.04108428955078,24.775102615356445,0.26598167419433594
nuscenes_mini_subset,scene-1094_000,2,34400,3587,10.427325581395348,28.965709506551434,3468,2.2823330515638207,51.887559061459484,61.566104863717726,614,529,86.15635179153094,24.947175979614258,24.401113510131836,0.5460624694824219
nuscenes_mini_subset,scene-1094_000,3,34400,3598,10.459302325581394,29.849916620344636,3421,3.6066497604959142,77.6123236460782,91.89485973472033,614,491,79.96742671009773,24.928638458251953,23.974586486816406,0.9540519714355469
nuscenes_mini_subset,scene-1094_001,-3,34688,3498,10.084178966789668,29.47398513436249,3367,5.2883263009845285,77.50859824771386,91.41950757819252,592,478,80.74324324324324,17.970258712768555,19.030414581298828,-1.0601558685302734
nuscenes_mini_subset,scene-1094_001,-2,34688,3521,10.150484317343174,29.480261289406418,3430,3.5161744022503516,51.83840327313476,61.50334706039582,592,534,90.20270270270271,18.360897064208984,19.048852920532227,-0.6879558563232422
nuscenes_mini_subset,scene-1094_001,-1,34688,3542,10.211023985239851,29.333709768492376,3494,1.7158931082981717,26.008120939560474,31.025618049376003,592,573,96.79054054054055,18.77065086364746,19.074542999267578,-0.3038921356201172
nuscenes_mini_subset,scene-1094_001,-0.5,34688,3552,10.239852398523986,29.504504504504503,3526,0.8157524613220816,13.027833480299105,15.5763669835431,592,588,99.32432432432432,18.97688102722168,19.114742279052734,-0.1378612518310547
nuscenes_mini_subset,scene-1094_001,0,34688,3555,10.248500922509225,29.648382559774966,3555,0.0,0.0,0.0,592,592,100.0,19.18834686279297,19.18834686279297,0.0
nuscenes_mini_subset,scene-1094_001,0.5,34688,3562,10.268680811808117,29.393599101628297,3530,0.7032348804500703,13.026822545291862,15.611759961760637,592,586,98.98648648648648,19.19817352294922,19.112539291381836,0.08563423156738281
nuscenes_mini_subset,scene-1094_001,1,34688,3560,10.262915129151292,29.269662921348317,3497,1.6315049226441631,25.993725709391963,31.085969069938976,592,566,95.60810810810811,19.093284606933594,18.999391555786133,0.09389305114746094
nuscenes_mini_subset,scene-1094_001,2,34688,3567,10.283095018450185,29.212223156714323,3441,3.2067510548523206,51.79078056139876,61.725662761909625,592,521,88.00675675675676,19.18239974975586,18.871440887451172,0.3109588623046875
nuscenes_mini_subset,scene-1094_001,3,34688,3571,10.294626383763838,29.291514981797818,3387,4.725738396624473,77.41070367477344,91.75560776073355,592,463,78.20945945945945,19.17268943786621,18.666357040405273,0.5063323974609375
nuscenes_mini_subset,scene-1094_002,-3,34720,3503,10.089285714285715,28.43277190979161,3366,5.2098000563221625,77.32774715374731,91.1057843195075,576,445,77.25694444444444,16.050275802612305,17.10248565673828,-1.0522098541259766
nuscenes_mini_subset,scene-1094_002,-2,34720,3527,10.158410138248849,28.919761837255457,3430,3.4074908476485497,51.72157739470519,61.28740596806035,576,499,86.63194444444444,16.45730209350586,17.18406105041504,-0.7267589569091797
nuscenes_mini_subset,scene-1094_002,-1,34720,3544,10.207373271889402,28.752821670428897,3493,1.6333427203604618,25.948555946648263,30.900364622238676,576,553,96.00694444444444,16.87015151977539,17.257183074951172,-0.38703155517578125
nuscenes_mini_subset,scene-1094_002,-0.5,34720,3544,10.207373271889402,28.6117381489842,3518,0.9293156857223317,12.992328822484284,15.522576820424035,576,569,98.78472222222223,17.042858123779297,17.277416229248047,-0.23455810546875
nuscenes_mini_subset,scene-1094_002,0,34720,3551,10.227534562211982,28.442692199380453,3551,0.0,0.0,0.0,576,576,100.0,17.34503746032715,17.34503746032715,0.0
nuscenes_mini_subset,scene-1094_002,0.5,34720,3556,10.241935483870968,28.487064116985376,3529,0.6195437904815545,12.997001383404076,15.578438974255047,576,570,98.95833333333333,17.40656280517578,17.26875114440918,0.13781166076660156
nuscenes_mini_subset,scene-1094_002,1,34720,3551,10.227534562211982,28.386370036609403,3501,1.4080540692762602,25.944257647783797,31.071296292386517,576,549,95.3125,17.4117488861084,17.195457458496094,0.2162914276123047
nuscenes_mini_subset,scene-1094_002,2,34720,3544,10.207373271889402,28.555304740406324,3449,2.872430301323571,51.70889974478797,61.94689038424689,576,504,87.5,17.366037368774414,17.017606735229492,0.3484306335449219
nuscenes_mini_subset,scene-1094_002,3,34720,3542,10.201612903225806,28.88198757763975,3400,4.2523232892143055,77.32949477682448,92.33719049098323,576,456,79.16666666666667,17.38735008239746,16.678457260131836,0.708892822265625
nuscenes_mini_subset,scene-1094_003,-3,34688,3543,10.213906826568266,29.15608241603161,3413,4.69142697570511,77.24272729433142,91.50287526074288,568,440,77.46478873239437,19.95117950439453,21.650108337402344,-1.6989288330078125
nuscenes_mini_subset,scene-1094_003,-2,34688,3559,10.26003228782288,28.715931441416124,3473,3.015917341524714,51.65499643335501,61.51863037797606,568,493,86.79577464788733,20.31229591369629,21.593637466430664,-1.281341552734375
nuscenes_mini_subset,scene-1094_003,-1,34688,3566,10.28021217712177,28.68760515984296,3526,1.5358838313320302,25.901507125788413,31.005716025360904,568,537,94.54225352112677,20.892738342285156,21.579856872558594,-0.6871185302734375
nuscenes_mini_subset,scene-1094_003,-0.5,34688,3570,10.291743542435425,28.68347338935574,3550,0.8656799776598716,12.96891206803522,15.571937331167724,568,555,97.71126760563381,21.23257827758789,21.575138092041016,-0.342559814453125
nuscenes_mini_subset,scene-1094_003,0,34688,3581,10.32345479704797,28.902541189611842,3581,0.0,0.0,0.0,568,568,100.0,21.623653411865234,21.623653411865234,0.0
nuscenes_mini_subset,scene-1094_003,0.5,34688,3583,10.329220479704796,28.998046329891153,3559,0.6143535325328121,12.973788616206646,15.621555993727776,568,561,98.76760563380282,21.659461975097656,21.435388565063477,0.2240734100341797
nuscenes_mini_subset,scene-1094_003,1,34688,3587,10.34075184501845,28.88207415667689,3532,1.3683328679139906,25.90302751508448,31.192244066752615,568,536,94.36619718309859,21.714574813842773,21.278289794921875,0.43628501892089844
nuscenes_mini_subset,scene-1094_003,2,34688,3589,10.346517527675276,28.698801894678184,3483,2.736665735827981,51.647745148301404,61.861373717142826,568,485,85.38732394366197,21.83144187927246,21.025529861450195,0.8059120178222656
nuscenes_mini_subset,scene-1094_003,3,34688,3576,10.309040590405905,28.523489932885905,3422,4.440100530578051,77.18650264767011,92.20980835343235,568,443,77.99295774647888,22.120471954345703,20.702512741088867,1.417959213256836
nuscenes_mini_subset,scene-1094_004,-3,34720,3561,10.256336405529954,28.699803426003932,3427,4.858411993337035,77.21565033133,92.13108787764662,552,431,78.07971014492753,19.2064208984375,20.229656219482422,-1.0232353210449219
nuscenes_mini_subset,scene-1094_004,-2,34720,3579,10.308179723502304,28.331936295054483,3488,3.1649083842309826,51.64232282284998,61.827449381953464,552,481,87.1376811594203,19.638559341430664,20.356685638427734,-0.7181262969970703
nuscenes_mini_subset,scene-1094_004,-1,34720,3592,10.345622119815669,28.424276169265035,3543,1.637978900610772,25.899601927323285,31.19349932591883,552,522,94.56521739130434,20.16654396057129,20.48248291015625,-0.31593894958496094
nuscenes_mini_subset,scene-1094_004,-0.5,34720,3588,10.334101382488479,28.651059085841695,3565,1.0272071071626874,12.966834151580084,15.688589457796033,552,543,98.3695652173913,20.326854705810547,20.526424407958984,-0.1995697021484375
nuscenes_mini_subset,scene-1094_004,0,34720,3602,10.37442396313364,28.81732370905053,3602,0.0,0.0,0.0,552,552,100.0,20.585527420043945,20.585527420043945,0.0
nuscenes_mini_subset,scene-1094_004,0.5,34720,3599,10.365783410138249,29.00805779383162,3576,0.7218212104386452,12.972232291757512,15.727492881269423,552,543,98.3695652173913,20.589208602905273,20.54621124267578,0.04299736022949219
nuscenes_mini_subset,scene-1094_004,1,34720,3593,10.348502304147464,28.63902031728361,3541,1.6935036091060522,25.8824223301753,31.30318301624683,552,511,92.57246376811594,20.403993606567383,20.390426635742188,0.013566970825195312
nuscenes_mini_subset,scene-1094_004,2,34720,3558,10.247695852534562,27.965148960089937,3459,3.9700166574125486,51.45686386543248,61.73577639283365,552,476,86.23188405797102,20.022838592529297,19.935747146606445,0.08709144592285156
nuscenes_mini_subset,scene-1094_004,3,34720,3531,10.169930875576037,28.065703766638343,3381,6.135480288728484,76.76714633163661,91.53226151915749,552,445,80.6159420289855,19.55742073059082,19.385290145874023,0.17213058471679688
nuscenes_mini_subset,scene-1094_005,-3,34752,3553,10.223872007366483,27.694905713481567,3358,5.355129650507328,76.65637062757337,91.33585727318425,580,464,80.0,19.06641960144043,18.650104522705078,0.41631507873535156
nuscenes_mini_subset,scene-1094_005,-2,34752,3548,10.209484346224677,27.33934611048478,3424,3.4949267192784665,51.27765057217919,61.46846027656286,580,515,88.79310344827586,19.117473602294922,18.903507232666016,0.21396636962890625
nuscenes_mini_subset,scene-1094_005,-1,34752,3543,10.195096685082873,27.095681625740898,3489,1.6629086809470124,25.72818156398563,30.977785409533876,580,562,96.89655172413794,19.190988540649414,19.11676025390625,0.07422828674316406
nuscenes_mini_subset,scene-1094_005,-0.5,34752,3550,10.2152394106814,26.95774647887324,3523,0.7046223224351748,12.888257768637379,15.548763039192334,580,573,98.79310344827586,19.237472534179688,19.223072052001953,0.014400482177734375
nuscenes_mini_subset,scene-1094_005,0,34752,3548,10.209484346224677,27.17023675310034,3548,0.0,0.0,0.0,580,580,100.0,19.26860237121582,19.26860237121582,0.0
nuscenes_mini_subset,scene-1094_005,0.5,34752,3550,10.2152394106814,27.070422535211268,3521,0.7609921082299888,12.87714524975736,15.463010848951383,580,568,97.93103448275862,19.177940368652344,19.226449966430664,-0.04850959777832031
nuscenes_mini_subset,scene-1094_005,1,34752,3550,10.2152394106814,26.95774647887324,3495,1.4937993235625704,25.700122045899423,30.628388281176186,580,535,92.24137931034483,19.055438995361328,19.225643157958984,-0.17020416259765625
nuscenes_mini_subset,scene-1094_005,2,34752,3554,10.226749539594843,27.180641530669668,3448,2.818489289740699,51.201209815289424,60.402834940371555,580,489,84.3103448275862,18.816192626953125,19.17100715637207,-0.3548145294189453
nuscenes_mini_subset,scene-1094_005,3,34752,3569,10.269912523020258,27.626786214625948,3406,4.002254791431793,76.55932104651646,89.69464204894592,580,451,77.75862068965517,18.488449096679688,19.066177368164062,-0.577728271484375
nuscenes_mini_subset,scene-1094_006,-3,34688,3540,10.205258302583026,27.881355932203387,3406,5.441421432537479,76.61386826953715,89.63703818144046,582,483,82.98969072164948,18.326000213623047,18.32170295715332,0.0042972564697265625
nuscenes_mini_subset,scene-1094_006,-2,34688,3554,10.245618081180812,27.602701181767024,3473,3.5813436979455857,51.25312298808816,60.27096313424394,582,526,90.37800687285224,18.642677307128906,18.52015495300293,0.12252235412597656
nuscenes_mini_subset,scene-1094_006,-1,34688,3576,10.309040590405905,27.15324384787472,3538,1.7767906718489728,25.719051031188734,30.410994887414564,582,556,95.53264604810997,18.793352127075195,18.689071655273438,0.10428047180175781
nuscenes_mini_subset,scene-1094_006,-0.5,34688,3588,10.343634686346864,27.257525083612038,3571,0.8606329816768462,12.8826617749174,15.2895575481621,582,579,99.48453608247422,18.91742706298828,18.835922241210938,0.08150482177734375
nuscenes_mini_subset,scene-1094_006,0,34688,3602,10.38399446494465,27.207107162687393,3602,0.0,0.0,0.0,582,582,100.0,18.978527069091797,18.978527069091797,0.0
nuscenes_mini_subset,scene-1094_006,0.5,34688,3617,10.427237084870848,27.28780757533868,3584,0.4997223764575236,12.889689544237854,15.311951682884136,582,571,98.10996563573883,18.820892333984375,18.892141342163086,-0.07124900817871094
nuscenes_mini_subset,scene-1094_006,1,34688,3629,10.461831180811808,27.335354092036372,3566,0.9994447529150472,25.74891927606903,30.538168242235002,582,550,94.50171821305842,18.635162353515625,18.82306671142578,-0.18790435791015625
nuscenes_mini_subset,scene-1094_006,2,34688,3637,10.484893911439114,27.605169095408304,3515,2.4153248195446975,51.33911694381208,60.578995789989754,582,512,87.97250859106529,18.452543258666992,18.660932540893555,-0.2083892822265625
nuscenes_mini_subset,scene-1094_006,3,34688,3631,10.467596863468636,27.402919305976315,3456,4.053303720155469,76.73984698479138,90.07170409396176,582,476,81.78694158075601,18.32281494140625,18.41315460205078,-0.09033966064453125
nuscenes_mini_subset,scene-1094_007,-3,34720,3643,10.492511520737327,26.29700796047214,3479,5.4105492115280045,76.82764300438218,90.18041302557961,627,529,84.37001594896331,21.145206451416016,21.316272735595703,-0.1710662841796875
nuscenes_mini_subset,scene-1094_007,-2,34720,3660,10.54147465437788,26.010928961748636,3544,3.643284393692224,51.39329914161927,60.66336798137571,627,564,89.95215311004785,21.347118377685547,21.446264266967773,-0.09914588928222656
nuscenes_mini_subset,scene-1094_007,-1,34720,3669,10.567396313364055,25.59280457890433,3611,1.821642196846112,25.79086721063227,30.62231617709827,627,602,96.01275917065391,21.57799530029297,21.598085403442383,-0.020090103149414062
nuscenes_mini_subset,scene-1094_007,-0.5,34720,3671,10.57315668202765,25.633342413511308,3643,0.9516041326808048,12.918432019314976,15.385829455063094,627,625,99.68102073365232,21.713184356689453,21.709951400756836,0.0032329559326171875
nuscenes_mini_subset,scene-1094_007,0,34720,3678,10.59331797235023,25.530179445350733,3678,0.0,0.0,0.0,627,627,100.0,21.767282485961914,21.767282485961914,0.0
nuscenes_mini_subset,scene-1094_007,0.5,34720,3676,10.587557603686635,25.816104461371054,3646,0.8700380641653073,12.919115672523636,15.3960585800412,627,621,99.04306220095694,21.59876823425293,21.69295883178711,-0.09419059753417969
nuscenes_mini_subset,scene-1094_007,1,34720,3678,10.59331797235023,25.502990755845566,3612,1.7944535073409462,25.782767105153646,30.587507248654692,627,586,93.46092503987241,21.46027946472168,21.580087661743164,-0.11980819702148438
nuscenes_mini_subset,scene-1094_007,2,34720,3681,10.601958525345623,25.563705514805758,3551,3.452963567156063,51.37507154936981,60.57096049008455,627,534,85.16746411483254,21.18798828125,21.402448654174805,-0.2144603729248047
nuscenes_mini_subset,scene-1094_007,3,34720,3682,10.60483870967742,25.692558392178167,3492,5.057096247960848,76.79984152826651,90.00822116452794,627,500,79.74481658692186,21.072988510131836,21.289306640625,-0.21631813049316406
nuscenes_mini_subset,scene-1094_008,-3,34752,3647,10.494360036832411,29.750479846449135,3458,5.156335710367526,77.01239376606716,90.84312417921558,649,571,87.98151001540832,25.7244930267334,23.76649284362793,1.9580001831054688
nuscenes_mini_subset,scene-1094_008,-2,34752,3647,10.494360036832411,29.695640252262134,3518,3.5106966538672517,51.50756907338692,61.124258695124226,649,606,93.37442218798151,25.89398193359375,24.47034454345703,1.4236373901367188
nuscenes_mini_subset,scene-1094_008,-1,34752,3648,10.497237569060774,29.44078947368421,3583,1.727921009325288,25.847732567934585,30.854803349454237,649,628,96.76425269645608,26.11053466796875,25.337230682373047,0.7733039855957031
nuscenes_mini_subset,scene-1094_008,-0.5,34752,3647,10.494360036832411,29.448862078420618,3614,0.8776741634668129,12.94711152756269,15.499318695194406,649,644,99.22958397534669,26.307554244995117,25.91967010498047,0.38788414001464844
nuscenes_mini_subset,scene-1094_008,0,34752,3646,10.491482504604052,29.53922106417992,3646,0.0,0.0,0.0,649,649,100.0,26.33821678161621,26.33821678161621,0.0
nuscenes_mini_subset,scene-1094_008,0.5,34752,3650,10.502992633517495,29.61643835616438,3616,0.8228195282501372,12.946386184592626,15.521325275485797,649,639,98.45916795069337,25.75141143798828,26.207962036132812,-0.45655059814453125
nuscenes_mini_subset,scene-1094_008,1,34752,3652,10.508747697974217,29.68236582694414,3586,1.6456390565002743,25.845795402228017,30.938974506529256,649,614,94.60708782742681,25.19462013244629,26.14274787902832,-0.9481277465820312
nuscenes_mini_subset,scene-1094_008,2,34752,3647,10.494360036832411,29.558541266794624,3516,3.5655512890839276,51.46697946372014,61.404699183724574,649,557,85.82434514637904,24.19894790649414,25.97883415222168,-1.779886245727539
nuscenes_mini_subset,scene-1094_008,3,34752,3653,10.51162523020258,29.564741308513547,3459,5.128908392759188,76.93765584858252,91.51311228144216,649,510,78.58243451463791,23.578901290893555,25.81257438659668,-2.233673095703125
nuscenes_mini_subset,scene-1094_009,-3,34720,3607,10.388824884792628,23.06626004990297,3432,5.193370165745856,77.00028259333409,91.27417959911412,469,361,76.97228144989339,22.73978042602539,22.24213218688965,0.4976482391357422
nuscenes_mini_subset,scene-1094_009,-2,34720,3615,10.411866359447004,22.600276625172892,3497,3.3977900552486187,51.50730850647626,61.411504855668426,469,394,84.00852878464819,22.84449577331543,22.503570556640625,0.3409252166748047
nuscenes_mini_subset,scene-1094_009,-1,34720,3618,10.420506912442397,22.111663902708678,3558,1.712707182320442,25.839315511733535,30.98048360531734,469,444,94.66950959488273,22.960758209228516,22.81195068359375,0.14880752563476562
nuscenes_mini_subset,scene-1094_009,-0.5,34720,3617,10.4176267281106,21.730716063035665,3591,0.8011049723756906,12.944439276016837,15.564611984367309,469,466,99.36034115138592,23.05553436279297,23.025075912475586,0.030458450317382812
nuscenes_mini_subset,scene-1094_009,0,34720,3620,10.426267281105991,21.74033149171271,3620,0.0,0.0,0.0,469,469,100.0,23.161237716674805,23.161237716674805,0.0
nuscenes_mini_subset,scene-1094_009,0.5,34720,3624,10.43778801843318,21.661147902869757,3591,0.8011049723756906,12.939553765933969,15.565093734370443,469,454,96.80170575692964,22.915843963623047,23.02169418334961,-0.1058502197265625
nuscenes_mini_subset,scene-1094_009,1,34720,3633,10.463709677419354,21.99284338012662,3569,1.408839779005525,25.841146915958525,31.030405476430044,469,424,90.4051172707889,22.816814422607422,22.97901153564453,-0.16219711303710938
nuscenes_mini_subset,scene-1094_009,2,34720,3636,10.472350230414747,22.46974697469747,3507,3.1215469613259668,51.463376103974156,61.48875314507015,469,361,76.97228144989339,22.53264808654785,22.87047576904297,-0.3378276824951172
nuscenes_mini_subset,scene-1094_009,3,34720,3641,10.486751152073733,22.76847020049437,3446,4.806629834254144,76.87892621225832,91.35941576396202,469,303,64.60554371002132,22.22419548034668,22.740304946899414,-0.5161094665527344
nuscenes_mini_subset,scene-1094_010,-3,34688,3550,10.234086715867159,19.746478873239436,3399,5.37305122494432,77.07599853358468,91.31828865947026,364,261,71.7032967032967,36.938961029052734,33.50001525878906,3.438945770263672
nuscenes_mini_subset,scene-1094_010,-2,34688,3565,10.277329335793358,19.326788218793826,3463,3.591314031180401,51.565741959897046,61.42791158576744,364,297,81.5934065934066,36.84782028198242,34.20482635498047,2.642993927001953
nuscenes_mini_subset,scene-1094_010,-1,34688,3581,10.32345479704797,18.84948338452946,3530,1.7260579064587973,25.879068969811218,31.003890025354387,364,336,92.3076923076923,36.671382904052734,35.260677337646484,1.41070556640625
nuscenes_mini_subset,scene-1094_010,-0.5,34688,3584,10.33210332103321,18.805803571428573,3560,0.89086859688196,12.962378243967969,15.573970481980497,364,354,97.25274725274726,36.51030349731445,35.793148040771484,0.7171554565429688
nuscenes_mini_subset,scene-1094_010,0,34688,3592,10.355166051660516,18.875278396436528,3592,0.0,0.0,0.0,364,364,100.0,36.471214294433594,36.471214294433594,0.0
nuscenes_mini_subset,scene-1094_010,0.5,34688,3594,10.360931734317342,18.920422927100724,3562,0.8351893095768375,12.959358575946068,15.560798910675004,364,351,96.42857142857143,35.86817932128906,36.60113525390625,-0.7329559326171875
nuscenes_mini_subset,scene-1094_010,1,34688,3600,10.378228782287822,18.805555555555557,3537,1.5311804008908685,25.872752265911174,30.96231381676311,364,328,90.10989010989012,35.26019287109375,36.67964172363281,-1.4194488525390625
nuscenes_mini_subset,scene-1094_010,2,34688,3609,10.404174354243542,19.45137157107232,3482,3.062360801781737,51.55258123523085,61.13895276262696,364,270,74.17582417582418,34.204219818115234,36.80548095703125,-2.6012611389160156
nuscenes_mini_subset,scene-1094_010,3,34688,3618,10.430119926199263,20.066334991708125,3428,4.565701559020044,77.062609254893,90.66952823400665,364,217,59.61538461538461,33.35089111328125,36.86146545410156,-3.5105743408203125
nuscenes_mini_subset,scene-1094_011,-3,34688,3478,10.026522140221402,20.442783208740657,3371,5.28238269176735,76.94323984944018,90.64796707218184,345,273,79.1304347826087,39.89044952392578,37.952083587646484,1.9383659362792969
nuscenes_mini_subset,scene-1094_011,-2,34688,3504,10.101476014760149,20.234018264840184,3435,3.4841247541444225,51.47513837539066,60.89573460462126,345,296,85.79710144927536,39.82762145996094,38.67131423950195,1.1563072204589844
nuscenes_mini_subset,scene-1094_011,-1,34688,3530,10.176429889298893,20.453257790368273,3494,1.826355717898286,25.824724297640312,30.743661214606814,345,334,96.81159420289855,39.98320770263672,39.43480682373047,0.54840087890625
nuscenes_mini_subset,scene-1094_011,-0.5,34688,3543,10.213906826568266,20.208862545865085,3527,0.8991289688114639,12.93798705616227,15.457920039419468,345,344,99.71014492753623,40.10474395751953,39.77814865112305,0.3265953063964844
nuscenes_mini_subset,scene-1094_011,0,34688,3559,10.26003228782288,20.230401798257937,3559,0.0,0.0,0.0,345,345,100.0,40.18076705932617,40.18076705932617,0.0
nuscenes_mini_subset,scene-1094_011,0.5,34688,3567,10.283095018450185,20.213064199607516,3536,0.6462489463332397,12.939503814724143,15.439409419939686,345,329,95.3623188405797,39.75197982788086,40.06953430175781,-0.3175544738769531
nuscenes_mini_subset,scene-1094_011,1,34688,3579,10.317689114391145,20.480581167924,3517,1.1801067715650464,25.84775066740931,30.760449029284153,345,315,91.30434782608695,39.4002685546875,40.071739196777344,-0.6714706420898438
nuscenes_mini_subset,scene-1094_011,2,34688,3599,10.37534594095941,20.894692970269517,3473,2.416409103680809,51.55197799776182,61.11644540256473,345,272,78.84057971014492,38.64924240112305,39.99405288696289,-1.3448104858398438
nuscenes_mini_subset,scene-1094_011,3,34688,3606,10.395525830258302,21.186910704381585,3421,3.8774936779994382,77.08595358627083,90.87900459309542,345,235,68.1159420289855,37.83002471923828,39.93425750732422,-2.1042327880859375
nuscenes_mini_subset,scene-1094_012,-3,34752,3300,9.49585635359116,25.96969696969697,3189,5.76241134751773,76.79044874738128,90.60134293775812,437,333,76.20137299771167,37.42118835449219,34.5543098449707,2.8668785095214844
nuscenes_mini_subset,scene-1094_012,-2,34752,3325,9.567794659300183,26.105263157894736,3253,3.8711583924349884,51.36434341517095,60.90846006240265,437,368,84.21052631578948,37.25154495239258,35.478702545166016,1.7728424072265625
nuscenes_mini_subset,scene-1094_012,-1,34752,3355,9.654120626151013,26.140089418777947,3318,1.950354609929078,25.77254905569843,30.73818016171038,437,413,94.50800915331808,37.13117218017578,36.335472106933594,0.7957000732421875
nuscenes_mini_subset,scene-1094_012,-0.5,34752,3366,9.685773480662982,26.02495543672014,3349,1.0342789598108748,12.907678372790512,15.426847237151053,437,433,99.08466819221968,37.0263557434082,36.65415573120117,0.37220001220703125
nuscenes_mini_subset,scene-1094_012,0,34752,3384,9.737569060773481,25.975177304964536,3384,0.0,0.0,0.0,437,437,100.0,37.132720947265625,37.132720947265625,0.0
nuscenes_mini_subset,scene-1094_012,0.5,34752,3396,9.772099447513812,26.03062426383981,3365,0.5614657210401891,12.910225846314978,15.430440468489383,437,426,97.48283752860412,36.730037689208984,37.12702560424805,-0.3969879150390625
nuscenes_mini_subset,scene-1094_012,1,34752,3419,9.838282688766114,26.118748171980112,3352,0.9456264775413712,25.788217003478156,30.74866092776732,437,409,93.59267734553775,36.199398040771484,37.108516693115234,-0.90911865234375
nuscenes_mini_subset,scene-1094_012,2,34752,3459,9.953383977900552,26.655102630818156,3324,1.7730496453900708,51.45244550550302,61.06962305176629,437,357,81.69336384439359,35.23203659057617,37.040069580078125,-1.8080329895019531
nuscenes_mini_subset,scene-1094_012,3,34752,3479,10.010934622467772,26.703075596435756,3282,3.0141843971631204,76.93636965602087,90.69472981719163,437,309,70.70938215102974,34.24295425415039,36.976165771484375,-2.7332115173339844
nuscenes_mini_subset,scene-1094_013,-3,34752,3120,8.977900552486188,26.153846153846157,2991,5.854579792256846,77.18741753227319,91.52180669804562,487,374,76.79671457905545,30.828073501586914,27.12101173400879,3.707061767578125
nuscenes_mini_subset,scene-1094_013,-2,34752,3142,9.04120626151013,26.25716104392107,3053,3.9030531948378973,51.61864350439608,61.58584492141714,487,426,87.47433264887064,30.773746490478516,28.074947357177734,2.6987991333007812
nuscenes_mini_subset,scene-1094_013,-1,34752,3157,9.084369244935543,26.449160595502057,3112,2.045955303745672,25.88924651993343,31.08895472527882,487,466,95.68788501026694,30.608455657958984,29.117237091064453,1.4912185668945312
nuscenes_mini_subset,scene-1094_013,-0.5,34752,3171,9.124654696132596,26.269315673289185,3144,1.0387157695939566,12.967018676265107,15.606904053913443,487,482,98.97330595482546,30.52574920654297,29.77552032470703,0.7502288818359375
nuscenes_mini_subset,scene-1094_013,0,34752,3177,9.141919889502763,26.345609065155806,3177,0.0,0.0,0.0,487,486,99.79466119096509,30.503108978271484,30.503108978271484,0.0
nuscenes_mini_subset,scene-1094_013,0.5,34752,3181,9.153430018416206,26.060987110971396,3156,0.6610009442870632,12.965065767872092,15.593855316828535,487,479,98.35728952772074,29.76799964904785,30.588611602783203,-0.8206119537353516
nuscenes_mini_subset,scene-1094_013,1,34752,3187,9.170695211786372,26.32569814872921,3132,1.4164305949008498,25.869541492622062,31.08660939792177,487,467,95.89322381930185,29.10750961303711,30.657812118530273,-1.550302505493164
nuscenes_mini_subset,scene-1094_013,2,34752,3203,9.216735727440147,26.974711208242276,3082,2.9902423670129052,51.50427932048945,61.57660367715493,487,418,85.83162217659138,27.869190216064453,30.660564422607422,-2.7913742065429688
nuscenes_mini_subset,scene-1094_013,3,34752,3223,9.274286372007365,27.179646292274278,3043,4.217815549260308,76.9754656375316,91.42925665946969,487,359,73.71663244353182,26.666318893432617,30.57679557800293,-3.9104766845703125
nuscenes_mini_subset,scene-1094_014,-3,34720,2874,8.277649769585253,30.89770354906054,2711,6.4849948258020005,77.92151609900706,91.57304873889032,581,476,81.92771084337349,34.96281814575195,36.4376220703125,-1.4748039245605469
nuscenes_mini_subset,scene-1094_014,-2,34720,2878,8.289170506912443,31.37595552466991,2774,4.311831666091756,52.11152122759476,61.63145945030289,581,528,90.87779690189329,35.371612548828125,36.315494537353516,-0.9438819885253906
nuscenes_mini_subset,scene-1094_014,-1,34720,2883,8.303571428571429,31.807145334720776,2835,2.207657813038979,26.13872566874556,31.071428776362044,581,568,97.76247848537005,35.95980453491211,36.328670501708984,-0.368865966796875
nuscenes_mini_subset,scene-1094_014,-0.5,34720,2887,8.315092165898617,32.213370280568064,2866,1.1383235598482235,13.092229896190045,15.595477620708696,581,580,99.82788296041308,36.21080780029297,36.364105224609375,-0.15329742431640625
nuscenes_mini_subset,scene-1094_014,0,34720,2899,8.349654377880185,32.08002759572267,2899,0.0,0.0,0.0,581,581,100.0,36.394081115722656,36.394081115722656,0.0
nuscenes_mini_subset,scene-1094_014,0.5,34720,2903,8.361175115207372,32.31140199793317,2871,0.9658502932045533,13.080535030850353,15.592788340043072,581,581,100.0,36.10284423828125,35.97907257080078,0.12377166748046875
nuscenes_mini_subset,scene-1094_014,1,34720,2914,8.392857142857142,32.25806451612903,2851,1.6557433597792341,26.108596001146932,31.007760227769857,581,571,98.2788296041308,35.961761474609375,35.69977569580078,0.26198577880859375
nuscenes_mini_subset,scene-1094_014,2,34720,2940,8.46774193548387,32.17687074829932,2811,3.035529492928596,52.00695504428541,61.349639001734836,581,524,90.18932874354562,35.66559982299805,35.119720458984375,0.5458793640136719
nuscenes_mini_subset,scene-1094_014,3,34720,2974,8.565668202764977,32.01075991930061,2779,4.139358399448086,77.75484617643163,91.2276908054793,581,474,81.58347676419966,35.490081787109375,34.5890007019043,0.9010810852050781
nuscenes_mini_subset,scene-1094_015,-3,34752,2816,8.103130755064457,24.609375,2638,6.619469026548672,78.64615623451428,91.96500122143087,485,347,71.54639175257732,38.43199920654297,38.537506103515625,-0.10550689697265625
nuscenes_mini_subset,scene-1094_015,-2,34752,2819,8.11176335174954,25.257183398368216,2700,4.424778761061947,52.64666926656317,61.808389650736665,485,401,82.68041237113403,38.27385330200195,38.33733367919922,-0.06348037719726562
nuscenes_mini_subset,scene-1094_015,-1,34752,2819,8.11176335174954,25.895707697765165,2760,2.3008849557522124,26.431100468533533,31.158477794324806,485,448,92.37113402061856,38.00370407104492,38.23568344116211,-0.2319793701171875
nuscenes_mini_subset,scene-1094_015,-0.5,34752,2829,8.140538674033149,26.299045599151643,2801,0.8495575221238938,13.253081471265908,15.666819457384657,485,472,97.31958762886597,37.992740631103516,38.16191482543945,-0.1691741943359375
nuscenes_mini_subset,scene-1094_015,0,34752,2825,8.129028545119706,26.51327433628319,2825,0.0,0.0,0.0,485,485,100.0,38.09792709350586,38.09792709350586,0.0
nuscenes_mini_subset,scene-1094_015,0.5,34752,2838,8.166436464088397,26.849894291754755,2796,1.0265486725663717,13.247384501679157,15.672024466943089,485,480,98.96907216494846,38.03266906738281,38.01608657836914,0.016582489013671875
nuscenes_mini_subset,scene-1094_015,1,34752,2832,8.149171270718233,27.01271186440678,2764,2.15929203539823,26.43226668808439,31.203023300540952,485,468,96.49484536082474,37.96993637084961,38.01957321166992,-0.0496368408203125
nuscenes_mini_subset,scene-1094_015,2,34752,2830,8.14341620626151,27.420494699646643,2698,4.495575221238938,52.61288295151923,61.834343653467364,485,433,89.27835051546391,38.09299850463867,38.1348991394043,-0.041900634765625
nuscenes_mini_subset,scene-1094_015,3,34752,2825,8.129028545119706,27.29203539823009,2639,6.584070796460177,78.57910335950925,91.96892610933014,485,376,77.52577319587628,38.23462677001953,38.39016342163086,-0.15553665161132812
nuscenes_mini_subset,scene-1094_016,-3,34816,2810,8.071001838235293,11.459074733096084,2626,5.878136200716846,77.70721014303675,91.32766525660692,179,100,55.865921787709496,27.954755783081055,28.653942108154297,-0.6991863250732422
nuscenes_mini_subset,scene-1094_016,-2,34816,2803,8.050896139705882,11.987156617909383,2685,3.763440860215054,52.042463895220905,61.4510534273901,179,136,75.97765363128492,28.033039093017578,28.33110237121582,-0.2980632781982422
nuscenes_mini_subset,scene-1094_016,-1,34816,2782,7.990579044117648,11.96980589503954,2731,2.1146953405017923,26.1202996184473,30.95137098687985,179,157,87.70949720670392,27.96852684020996,28.09282875061035,-0.12430191040039062
nuscenes_mini_subset,scene-1094_016,-0.5,34816,2782,7.990579044117648,12.149532710280374,2758,1.146953405017921,13.089604352203947,15.56475904724309,179,166,92.73743016759776,27.940105438232422,27.95191192626953,-0.011806488037109375
nuscenes_mini_subset,scene-1094_016,0,34816,2790,8.013556985294118,12.329749103942653,2790,0.0,0.0,0.0,179,178,99.44134078212291,27.852787017822266,27.852787017822266,0.0
nuscenes_mini_subset,scene-1094_016,0.5,34816,2791,8.016429227941178,12.611967036904334,2761,1.039426523297491,13.093937016382531,15.543854465785412,179,177,98.88268156424581,27.97528076171875,27.98618507385254,-0.010904312133789062
nuscenes_mini_subset,scene-1094_016,1,34816,2802,8.048023897058822,12.598144182726623,2747,1.5412186379928314,26.16574691722476,31.01530223723953,179,160,89.3854748603352,28.01347541809082,28.012863159179688,0.0006122589111328125
nuscenes_mini_subset,scene-1094_016,2,34816,2825,8.114085477941178,12.56637168141593,2711,2.8315412186379927,52.22261919324084,61.59683290845997,179,137,76.53631284916202,28.058609008789062,28.015592575073242,0.04301643371582031
nuscenes_mini_subset,scene-1094_016,3,34816,2830,8.128446691176471,12.791519434628976,2656,4.802867383512544,78.08111321000098,91.70068273509563,179,112,62.56983240223464,28.250043869018555,28.069351196289062,0.1806926727294922
nuscenes_mini_subset,scene-1094_017,-3,34752,2818,8.108885819521179,7.913413768630234,2684,3.9713774597495526,77.77490357292719,91.73935904027974,146,83,56.84931506849315,34.2636604309082,34.4423713684082,-0.1787109375
nuscenes_mini_subset,scene-1094_017,-2,34752,2824,8.126151012891345,7.754957507082152,2720,2.6833631484794274,52.023190852368174,61.68174685511766,146,107,73.28767123287672,34.18086624145508,34.32250213623047,-0.14163589477539062
nuscenes_mini_subset,scene-1094_017,-1,34752,2807,8.077232965009209,7.908799429996439,2754,1.4669051878354205,26.099304411429127,31.116814829886003,146,126,86.3013698630137,34.06386184692383,34.15082931518555,-0.08696746826171875
nuscenes_mini_subset,scene-1094_017,-0.5,34752,2800,8.057090239410682,8.035714285714286,2771,0.8586762075134168,13.071460245397654,15.618252816605882,146,138,94.52054794520548,33.9697380065918,34.081268310546875,-0.11153030395507812
nuscenes_mini_subset,scene-1094_017,0,34752,2795,8.042702578268877,8.08586762075134,2795,0.0,0.0,0.0,146,146,100.0,33.985408782958984,33.985408782958984,0.0
nuscenes_mini_subset,scene-1094_017,0.5,34752,2793,8.036947513812155,8.16326530612245,2770,0.8944543828264758,13.082999380479562,15.664229283733915,146,143,97.94520547945206,34.1616325378418,33.96795654296875,0.19367599487304688
nuscenes_mini_subset,scene-1094_017,1,34752,2791,8.031192449355434,8.455750627015407,2739,2.0035778175313057,26.11353516798881,31.169567797866428,146,135,92.46575342465754,34.36331558227539,34.049888610839844,0.3134269714355469
nuscenes_mini_subset,scene-1094_017,2,34752,2786,8.016804788213628,8.90165111270639,2682,4.042933810375671,52.040774869031694,61.706674113691264,146,121,82.87671232876713,34.72837448120117,34.329429626464844,0.3989448547363281
nuscenes_mini_subset,scene-1094_017,3,34752,2786,8.016804788213628,8.82986360373295,2622,6.189624329159213,77.77322360636565,91.74810582729613,146,90,61.64383561643836,34.9443244934082,34.676307678222656,0.2680168151855469
nuscenes_mini_subset,scene-1094_018,-3,34688,2821,8.132495387453874,6.62885501595179,2645,4.3745480838756325,77.3820650100829,91.19757063759357,107,60,56.074766355140184,33.43277359008789,34.284881591796875,-0.8521080017089844
nuscenes_mini_subset,scene-1094_018,-2,34688,2804,8.083487084870848,6.990014265335236,2685,2.928416485900217,51.78469442311517,61.318259414472955,107,77,71.96261682242991,33.4898796081543,34.042049407958984,-0.5521697998046875
nuscenes_mini_subset,scene-1094_018,-1,34688,2779,8.011416051660516,7.1248650593738745,2722,1.5907447577729574,25.991292539779128,30.962350532089626,107,92,85.98130841121495,33.46990966796875,33.80856704711914,-0.3386573791503906
nuscenes_mini_subset,scene-1094_018,-0.5,34688,2768,7.979704797047971,7.40606936416185,2741,0.9038322487346349,13.021286692787779,15.560864076608324,107,101,94.39252336448598,33.524410247802734,33.69667434692383,-0.17226409912109375
nuscenes_mini_subset,scene-1094_018,0,34688,2766,7.973939114391144,7.519884309472162,2766,0.0,0.0,0.0,107,107,100.0,33.495086669921875,33.495086669921875,0.0
nuscenes_mini_subset,scene-1094_018,0.5,34688,2757,7.947993542435425,7.834602829162132,2738,1.0122921185827911,13.031164910500182,15.588744300149198,107,103,96.26168224299066,33.72621154785156,33.55812072753906,0.1680908203125
nuscenes_mini_subset,scene-1094_018,1,34688,2757,7.947993542435425,8.015959376133479,2713,1.916124367317426,26.025635298377647,31.07254521188903,107,98,91.58878504672897,33.87637710571289,33.592041015625,0.2843360900878906
nuscenes_mini_subset,scene-1094_018,2,34688,2740,7.898985239852399,7.919708029197079,2653,4.0853217642805495,51.86072269243458,61.48125347089002,107,86,80.37383177570094,34.129241943359375,33.73522186279297,0.39402008056640625
nuscenes_mini_subset,scene-1094_018,3,34688,2728,7.86439114391144,7.80791788856305,2600,6.001446131597976,77.55860533793663,91.48439222319986,107,67,62.61682242990654,34.392234802246094,33.79543685913086,0.5967979431152344
nuscenes_mini_subset,scene-1094_019,-3,34688,2874,8.285285977859779,7.689631176061239,2709,4.241781548250265,77.19862078008794,90.99302839983146,122,71,58.19672131147541,29.796131134033203,30.825183868408203,-1.029052734375
nuscenes_mini_subset,scene-1094_019,-2,34688,2859,8.242043357933579,7.7299755159146555,2754,2.651113467656416,51.667363276459255,61.163002299125665,122,91,74.59016393442623,29.884441375732422,30.627979278564453,-0.7435379028320312
nuscenes_mini_subset,scene-1094_019,-1,34688,2847,8.20744926199262,7.586933614330875,2791,1.343230823612584,25.92489366349659,30.84463537445824,122,110,90.1639344262295,29.95527458190918,30.457275390625,-0.5020008087158203
nuscenes_mini_subset,scene-1094_019,-0.5,34688,2842,8.193035055350553,7.776213933849402,2815,0.4948745139625309,12.991219322715134,15.531303736479726,122,119,97.54098360655738,30.0531063079834,30.35045051574707,-0.2973442077636719
nuscenes_mini_subset,scene-1094_019,0,34688,2829,8.155558118081181,7.84729586426299,2829,0.0,0.0,0.0,122,122,100.0,30.276561737060547,30.276561737060547,0.0
nuscenes_mini_subset,scene-1094_019,0.5,34688,2823,8.138261070110701,7.7577045696068,2802,0.9544008483563097,12.989495735179098,15.547592494699659,122,115,94.26229508196721,30.541025161743164,30.230257034301758,0.31076812744140625
nuscenes_mini_subset,scene-1094_019,1,34688,2814,8.112315498154981,7.853589196872779,2776,1.873453517143867,25.940955449216872,30.982629119488745,122,107,87.70491803278688,30.657527923583984,30.17743682861328,0.4800910949707031
nuscenes_mini_subset,scene-1094_019,2,34688,2804,8.083487084870848,8.166904422253923,2717,3.9589961117002472,51.694817178477,61.3928561348175,122,89,72.95081967213115,30.893068313598633,30.165664672851562,0.7274036407470703
nuscenes_mini_subset,scene-1094_019,3,34688,2785,8.028713099630997,8.222621184919209,2656,6.115235065394132,77.25691600526594,91.16467503458043,122,65,53.278688524590166,31.150354385375977,30.14106559753418,1.0092887878417969
nuscenes_mini_subset,scene-1094_020,-3,34720,2863,8.245967741935484,5.553615089067412,2683,4.349376114081997,77.09901807210865,91.47953582111158,97,41,42.2680412371134,28.287853240966797,29.368833541870117,-1.0809803009033203
nuscenes_mini_subset,scene-1094_020,-2,34720,2840,8.179723502304148,5.563380281690141,2723,2.9233511586452763,51.58940965191414,61.57039219606948,97,57,58.76288659793814,28.43052864074707,29.22669219970703,-0.7961635589599609
nuscenes_mini_subset,scene-1094_020,-1,34720,2821,8.125,5.813541297412265,2759,1.6399286987522281,25.88721084207154,31.098401814266616,97,79,81.44329896907216,28.580060958862305,29.107769012451172,-0.5277080535888672
nuscenes_mini_subset,scene-1094_020,-0.5,34720,2815,8.107718894009217,6.003552397868561,2782,0.8199643493761141,12.971928385235136,15.63445240909425,97,88,90.72164948453609,28.70510482788086,29.02901840209961,-0.32391357421875
nuscenes_mini_subset,scene-1094_020,0,34720,2805,8.078917050691244,6.0606060606060606,2805,0.0,0.0,0.0,97,97,100.0,28.906551361083984,28.906551361083984,0.0
nuscenes_mini_subset,scene-1094_020,0.5,34720,2792,8.041474654377879,5.909742120343839,2775,1.0695187165775402,12.973052007162245,15.64336138065049,97,90,92.78350515463917,29.0567626953125,28.8396053314209,0.21715736389160156
nuscenes_mini_subset,scene-1094_020,1,34720,2793,8.044354838709678,6.015037593984962,2748,2.0320855614973263,25.90013120718056,31.206627770632313,97,83,85.56701030927834,29.17371368408203,28.8223819732666,0.3513317108154297
nuscenes_mini_subset,scene-1094_020,2,34720,2783,8.015552995391705,5.6054617319439455,2693,3.9928698752228162,51.615912329789246,61.877688607976665,97,66,68.04123711340206,29.30093002319336,28.82818603515625,0.4727439880371094
nuscenes_mini_subset,scene-1094_020,3,34720,2765,7.963709677419355,5.352622061482821,2634,6.096256684491979,77.11821412991854,91.88224103360938,97,51,52.577319587628864,29.48632049560547,28.944435119628906,0.5418853759765625
nuscenes_mini_subset,scene-1094_021,-3,34688,2799,8.069072878228782,5.537692032868882,2653,4.705459770114943,76.6124218702444,90.70903628170828,88,34,38.63636363636363,33.70399475097656,35.853851318359375,-2.1498565673828125
nuscenes_mini_subset,scene-1094_021,-2,34688,2774,7.997001845018451,5.335255948089401,2694,3.2327586206896552,51.26894116318241,61.05633535858216,88,57,64.77272727272727,34.11795425415039,35.66767120361328,-1.5497169494628906
nuscenes_mini_subset,scene-1094_021,-1,34688,2777,8.00565036900369,5.4375225063017645,2740,1.5804597701149425,25.744727578559186,30.859786605966764,88,75,85.22727272727273,34.50262451171875,35.40842056274414,-0.9057960510253906
nuscenes_mini_subset,scene-1094_021,-0.5,34688,2770,7.985470479704797,5.5234657039711195,2757,0.9698275862068966,12.894415903549124,15.480553866823598,88,85,96.5909090909091,34.84977340698242,35.34846496582031,-0.4986915588378906
nuscenes_mini_subset,scene-1094_021,0,34688,2784,8.025830258302582,5.675287356321839,2784,0.0,0.0,0.0,88,88,100.0,35.1761474609375,35.1761474609375,0.0
nuscenes_mini_subset,scene-1094_021,0.5,34688,2784,8.025830258302582,5.4238505747126435,2763,0.7543103448275862,12.906837627315427,15.520349914027896,88,82,93.18181818181819,35.716339111328125,35.0761833190918,0.6401557922363281
nuscenes_mini_subset,scene-1094_021,1,34688,2790,8.043127306273062,5.483870967741936,2745,1.4008620689655173,25.789596176970427,31.006546492648177,88,76,86.36363636363636,36.1844367980957,34.94953918457031,1.2348976135253906
nuscenes_mini_subset,scene-1094_021,2,34688,2771,7.988353321033211,4.944063514976542,2688,3.4482758620689653,51.374990130241066,61.39184542108081,88,54,61.36363636363637,36.55263137817383,34.475563049316406,2.077068328857422
nuscenes_mini_subset,scene-1094_021,3,34688,2762,7.9624077490774905,4.960173787110789,2636,5.316091954022989,76.81177550223401,91.19992399201199,88,32,36.36363636363637,36.90195846557617,34.242923736572266,2.6590347290039062
nuscenes_mini_subset,scene-1094_022,-3,34656,2919,8.422783933518005,4.110996916752312,2760,3.9331709014966934,76.58616141732487,91.17823423321913,56,28,50.0,34.446903228759766,34.59040451049805,-0.14350128173828125
nuscenes_mini_subset,scene-1094_022,-2,34656,2901,8.37084487534626,4.688038607376767,2796,2.6801253045596938,51.22900620780569,61.22005165037683,56,39,69.64285714285714,34.45317077636719,34.633384704589844,-0.18021392822265625
nuscenes_mini_subset,scene-1094_022,-1,34656,2890,8.33910433979686,4.671280276816609,2835,1.3226592412112774,25.70962054243174,30.9469436676621,56,46,82.14285714285714,34.38197326660156,34.64427947998047,-0.26230621337890625
nuscenes_mini_subset,scene-1094_022,-0.5,34656,2882,8.31602031394275,4.6495489243580845,2855,0.6265227984684998,12.880524908762101,15.54809369736076,56,54,96.42857142857143,34.40382385253906,34.62541580200195,-0.22159194946289062
nuscenes_mini_subset,scene-1094_022,0,34656,2873,8.290050784856879,4.559693699965193,2873,0.0,0.0,0.0,56,56,100.0,34.580299377441406,34.580299377441406,0.0
nuscenes_mini_subset,scene-1094_022,0.5,34656,2866,8.269852262234533,4.256803907885555,2842,1.0790114862513052,12.874189596940253,15.479396184731103,56,50,89.28571428571429,34.79774856567383,34.561344146728516,0.2364044189453125
nuscenes_mini_subset,scene-1094_022,1,34656,2865,8.26696675900277,4.18848167539267,2821,1.8099547511312217,25.71428262646261,30.860688358042438,56,47,83.92857142857143,34.94773483276367,34.661617279052734,0.2861175537109375
nuscenes_mini_subset,scene-1094_022,2,34656,2861,8.255424746075715,4.089479203075848,2767,3.6895231465367213,51.24368988505732,61.04474354070507,56,38,67.85714285714286,35.08586502075195,34.83067321777344,0.2551918029785156
nuscenes_mini_subset,scene-1094_022,3,34656,2854,8.23522622345337,3.9243167484232657,2716,5.464671075530804,76.642646302273,90.60943601487865,56,29,51.785714285714285,35.09435272216797,34.913211822509766,0.18114089965820312
nuscenes_mini_subset,scene-1094_023,-3,34688,3044,8.775369003690036,2.9894875164257555,2875,3.8139846102375374,76.45263982200271,90.28014168560618,40,8,20.0,33.22816467285156,36.9544563293457,-3.7262916564941406
nuscenes_mini_subset,scene-1094_023,-2,34688,3030,8.73500922509225,3.2013201320132016,2915,2.4757443961191035,51.15800397892488,60.796213758632355,40,11,27.5,34.04352569580078,36.98396682739258,-2.940441131591797
nuscenes_mini_subset,scene-1094_023,-1,34688,3004,8.660055350553506,3.362183754993342,2950,1.3047842087654733,25.670044527540536,30.663921224008995,40,21,52.5,35.24760437011719,36.893463134765625,-1.6458587646484375
nuscenes_mini_subset,scene-1094_023,-0.5,34688,2998,8.642758302583026,3.502334889926618,2970,0.6356641017062563,12.860370843563215,15.410730381290797,40,32,80.0,35.98785400390625,36.82075500488281,-0.8329010009765625
nuscenes_mini_subset,scene-1094_023,0,34688,2989,8.616812730627306,3.479424556707929,2989,0.0,0.0,0.0,40,40,100.0,36.76542282104492,36.76542282104492,0.0
nuscenes_mini_subset,scene-1094_023,0.5,34688,2977,8.582218634686347,3.0231776956667784,2958,1.0371361659417866,12.862994963402826,15.419263913501645,40,37,92.5,36.92032241821289,36.19044876098633,0.7298736572265625
nuscenes_mini_subset,scene-1094_023,1,34688,2969,8.55915590405904,3.031323678006063,2928,2.0408163265306123,25.680341483193782,30.680994605730508,40,33,82.5,37.04947280883789,35.59055709838867,1.4589157104492188
nuscenes_mini_subset,scene-1094_023,2,34688,2948,8.498616236162361,2.951153324287653,2866,4.1150886584141855,51.185450640682156,60.831693643884776,40,15,37.5,37.510005950927734,34.6890983581543,2.8209075927734375
nuscenes_mini_subset,scene-1094_023,3,34688,2932,8.45249077490775,2.830832196452933,2806,6.122448979591836,76.53609245143404,90.49467849730637,40,7,17.5,37.74077224731445,34.166160583496094,3.5746116638183594
nuscenes_mini_subset,scene-1094_024,-3,34688,3057,8.81284594095941,2.9440628066732093,2876,3.5869929601072745,76.72831173476604,90.43297820634096,50,10,20.0,29.74747085571289,29.967540740966797,-0.22006988525390625
nuscenes_mini_subset,scene-1094_024,-2,34688,3030,8.73500922509225,3.1353135313531353,2914,2.313107609788803,51.32136411770819,60.89238175521755,50,20,40.0,29.911890029907227,30.159276962280273,-0.24738693237304688
nuscenes_mini_subset,scene-1094_024,-1,34688,3005,8.662938191881919,3.7271214642262893,2949,1.1397921555481059,25.74539431721863,30.730812938610082,50,37,74.0,30.09871482849121,30.272926330566406,-0.1742115020751953
nuscenes_mini_subset,scene-1094_024,-0.5,34688,2991,8.622578413284133,3.778000668672685,2965,0.6034193764666443,12.892808585892308,15.43499524490927,50,47,94.0,30.21953582763672,30.355127334594727,-0.1355915069580078
nuscenes_mini_subset,scene-1094_024,0,34688,2983,8.599515682656826,3.8551793496480053,2983,0.0,0.0,0.0,50,50,100.0,30.369138717651367,30.369138717651367,0.0
nuscenes_mini_subset,scene-1094_024,0.5,34688,2968,8.556273062730629,3.5377358490566038,2948,1.1733154542406974,12.886378031879913,15.431403094210832,50,47,94.0,30.276247024536133,30.32485008239746,-0.048603057861328125
nuscenes_mini_subset,scene-1094_024,1,34688,2959,8.530327490774908,3.3457249070631967,2922,2.044921220248072,25.73646515919385,30.739322386852354,50,40,80.0,30.238359451293945,30.336225509643555,-0.09786605834960938
nuscenes_mini_subset,scene-1094_024,2,34688,2930,8.446725092250922,2.9692832764505117,2859,4.156889037881328,51.279710163580475,60.85830222104949,50,22,44.0,30.166492462158203,30.316173553466797,-0.14968109130859375
nuscenes_mini_subset,scene-1094_024,3,34688,2924,8.429428044280444,2.8727770177838576,2799,6.168286959436808,76.65706505092643,90.52298425415252,50,10,20.0,30.053573608398438,30.333864212036133,-0.2802906036376953
nuscenes_mini_subset,scene-1094_025,-3,34720,3023,8.706797235023043,5.292755540853457,2849,4.811226194453726,76.92315397184744,90.41911878224013,74,14,18.91891891891892,24.621437072753906,24.560531616210938,0.06090545654296875
nuscenes_mini_subset,scene-1094_025,-2,34720,2999,8.637672811059907,5.301767255751917,2885,3.608419645840294,51.43121326397006,60.88985282554121,74,33,44.5945945945946,24.639171600341797,24.613420486450195,0.025751113891601562
nuscenes_mini_subset,scene-1094_025,-1,34720,2998,8.63479262672811,5.703802535023349,2948,1.5035081857667891,25.845416950633368,30.87190369799031,74,60,81.08108108108108,24.585418701171875,24.5719051361084,0.013513565063476562
nuscenes_mini_subset,scene-1094_025,-0.5,34720,2995,8.626152073732719,5.709515859766277,2972,0.7016371533578349,12.949358681449441,15.49515893926222,74,70,94.5945945945946,24.548555374145508,24.554025650024414,-0.00547027587890625
nuscenes_mini_subset,scene-1094_025,0,34720,2993,8.620391705069125,5.312395589709322,2993,0.0,0.0,0.0,74,74,100.0,24.6119384765625,24.6119384765625,0.0
nuscenes_mini_subset,scene-1094_025,0.5,34720,2984,8.59447004608295,5.160857908847185,2964,0.9689274974941531,12.947469889862072,15.434579690425846,74,68,91.89189189189189,24.50505256652832,24.694395065307617,-0.18934249877929688
nuscenes_mini_subset,scene-1094_025,1,34720,2974,8.565668202764977,5.144586415601883,2935,1.9378549949883062,25.846107080734228,30.77557754005718,74,61,82.43243243243244,24.2185001373291,24.773860931396484,-0.5553607940673828
nuscenes_mini_subset,scene-1094_025,2,34720,2956,8.513824884792626,4.533152909336942,2877,3.8757099899766123,51.51387649630801,61.20034930955381,74,36,48.648648648648646,24.086462020874023,24.854503631591797,-0.7680416107177734
nuscenes_mini_subset,scene-1094_025,3,34720,2923,8.418778801843319,4.515908313376668,2804,6.314734380220514,76.91715277591955,90.82323867175015,74,15,20.27027027027027,24.177059173583984,24.903493881225586,-0.7264347076416016
nuscenes_mini_subset,scene-1094_026,-3,34752,3038,8.741942909760589,3.1928900592495064,2864,4.660452729693741,76.8495694325237,90.52906310092253,57,9,15.789473684210526,27.64716911315918,27.8466854095459,-0.19951629638671875
nuscenes_mini_subset,scene-1094_026,-2,34752,3029,8.71604511970534,3.2353912182238362,2915,2.96271637816245,51.4227039084401,60.90721427058695,57,20,35.08771929824562,27.68886375427246,27.832632064819336,-0.143768310546875
nuscenes_mini_subset,scene-1094_026,-1,34752,3005,8.646984346224677,3.394342762063228,2960,1.4647137150466045,25.79923813401122,30.737794138214106,57,44,77.19298245614036,27.93398666381836,27.91849136352539,0.01549530029296875
nuscenes_mini_subset,scene-1094_026,-0.5,34752,3007,8.6527394106814,3.4585966079148656,2984,0.6657789613848203,12.92521954921712,15.451439500338775,57,53,92.98245614035088,27.882020950317383,27.925079345703125,-0.04305839538574219
nuscenes_mini_subset,scene-1094_026,0,34752,3004,8.644106813996316,3.395472703062583,3004,0.0,0.0,0.0,57,57,100.0,27.98247718811035,27.98247718811035,0.0
nuscenes_mini_subset,scene-1094_026,0.5,34752,3000,8.632596685082873,3.2,2976,0.9320905459387483,12.920496152141107,15.431576988556081,57,53,92.98245614035088,27.94477081298828,27.897350311279297,0.047420501708984375
nuscenes_mini_subset,scene-1094_026,1,34752,2992,8.609576427255986,3.4759358288770055,2948,1.8641810918774966,25.795949862040164,30.707612856402843,57,47,82.45614035087719,27.966121673583984,27.94651222229004,0.019609451293945312
nuscenes_mini_subset,scene-1094_026,2,34752,2972,8.552025782688766,3.2637954239569313,2892,3.728362183754993,51.40713463255595,60.753054095433704,57,25,43.85964912280702,27.742883682250977,27.82344627380371,-0.08056259155273438
nuscenes_mini_subset,scene-1094_026,3,34752,2952,8.494475138121548,2.913279132791328,2834,5.659121171770972,76.8352130253376,90.35713728804146,57,12,21.05263157894737,27.781911849975586,27.77500343322754,0.006908416748046875
nuscenes_mini_subset,scene-1094_027,-3,34752,3060,8.80524861878453,4.640522875816994,2867,5.034779728386883,76.83102260046562,91.58992133360859,80,10,12.5,34.290470123291016,33.87924575805664,0.411224365234375
nuscenes_mini_subset,scene-1094_027,-2,34752,3051,8.779350828729282,5.047525401507703,2913,3.511096389532958,51.38861543242526,61.624727398788124,80,25,31.25,34.086341857910156,33.813804626464844,0.2725372314453125
nuscenes_mini_subset,scene-1094_027,-1,34752,3038,8.741942909760589,5.957867017774852,2966,1.755548194766479,25.791362497506192,31.12986754023647,80,55,68.75,33.916385650634766,33.83556365966797,0.08082199096679688
nuscenes_mini_subset,scene-1094_027,-0.5,34752,3033,8.727555248618785,5.901747444774151,2994,0.8280887711162637,12.923090815202245,15.64413277268482,80,72,90.0,33.71175003051758,33.79753875732422,-0.08578872680664062
nuscenes_mini_subset,scene-1094_027,0,34752,3019,8.687269797421731,5.796621397813846,3019,0.0,0.0,0.0,80,80,100.0,33.74232864379883,33.74232864379883,0.0
nuscenes_mini_subset,scene-1094_027,0.5,34752,3012,8.667127071823204,5.7436918990703845,2984,1.1593242795627692,12.91396858700985,15.678518981778632,80,78,97.5,33.87973403930664,33.777809143066406,0.10192489624023438
nuscenes_mini_subset,scene-1094_027,1,34752,2990,8.603821362799263,6.0200668896321075,2937,2.716131169261345,25.734024274230183,31.09559753631846,80,68,85.0,34.01029586791992,33.911781311035156,0.09851455688476562
nuscenes_mini_subset,scene-1094_027,2,34752,2963,8.526127992633517,5.9061761727978395,2865,5.101026830076184,51.174229181834164,61.418095162599876,80,41,51.25,34.03715133666992,34.28643798828125,-0.24928665161132812
nuscenes_mini_subset,scene-1094_027,3,34752,2947,8.480087476979742,5.938242280285035,2806,7.055316329910567,76.40354282276961,90.1613003655321,80,16,20.0,34.04657745361328,34.59661102294922,-0.5500335693359375
nuscenes_mini_subset,scene-1094_028,-3,34752,2978,8.569290976058932,7.521826729348556,2805,5.904059040590406,76.5574041301957,90.69379909287397,88,19,21.59090909090909,37.298892974853516,37.14080810546875,0.15808486938476562
nuscenes_mini_subset,scene-1094_028,-2,34752,2997,8.62396408839779,7.5075075075075075,2870,3.7235826903723583,51.26661002113107,60.98696487903251,88,37,42.04545454545455,36.88594055175781,36.9036865234375,-0.0177459716796875
nuscenes_mini_subset,scene-1094_028,-1,34752,2985,8.589433701657459,7.772194304857622,2925,1.8785642401878564,25.737100032134475,30.7738914193368,88,75,85.22727272727273,36.5961799621582,36.669036865234375,-0.07285690307617188
nuscenes_mini_subset,scene-1094_028,-0.5,34752,2984,8.586556169429098,7.640750670241286,2958,0.7715531700771553,12.899162418166409,15.461114299693822,88,85,96.5909090909091,36.51264190673828,36.56444549560547,-0.0518035888671875
nuscenes_mini_subset,scene-1094_028,0,34752,2981,8.577923572744014,7.6819859107682,2981,0.0,0.0,0.0,88,88,100.0,36.44645690917969,36.44645690917969,0.0
nuscenes_mini_subset,scene-1094_028,0.5,34752,2975,8.56065837937385,7.46218487394958,2943,1.274740020127474,12.886215449373609,15.457204976330452,88,87,98.86363636363636,36.617557525634766,36.643211364746094,-0.025653839111328125
nuscenes_mini_subset,scene-1094_028,1,34752,2967,8.537638121546962,7.448601280754971,2911,2.3482053002348207,25.710775279696502,30.733707364612883,88,79,89.77272727272727,36.667938232421875,36.77753829956055,-0.10960006713867188
nuscenes_mini_subset,scene-1094_028,2,34752,2951,8.491597605893187,7.793968146391054,2845,4.562227440456223,51.171732540610485,60.522243467099194,88,67,76.13636363636364,37.08334732055664,37.244205474853516,-0.160858154296875
nuscenes_mini_subset,scene-1094_028,3,34752,2955,8.50310773480663,7.580372250423012,2797,6.172425360617242,76.4947211410699,89.74439007143224,88,51,57.95454545454545,37.099918365478516,37.602874755859375,-0.5029563903808594
nuscenes_mini_subset,scene-1094_029,-3,34720,3066,8.830645161290322,5.120678408349641,2892,5.118110236220472,76.39577398663725,89.99342583587759,53,14,26.41509433962264,38.81236267089844,38.216129302978516,0.5962333679199219
nuscenes_mini_subset,scene-1094_029,-2,34720,3057,8.804723502304148,4.710500490677134,2941,3.510498687664042,51.11775124204097,60.53821559046599,53,32,60.37735849056604,38.56114959716797,38.18998336791992,0.3711662292480469
nuscenes_mini_subset,scene-1094_029,-1,34720,3048,8.778801843317972,4.6587926509186355,2992,1.837270341207349,25.657455951521428,30.55056365636415,53,46,86.79245283018868,38.210323333740234,38.10368728637695,0.10663604736328125
nuscenes_mini_subset,scene-1094_029,-0.5,34720,3054,8.796082949308756,4.616895874263261,3019,0.9514435695538058,12.856050435797618,15.35251676540825,53,50,94.33962264150944,38.0390625,38.01301956176758,0.026042938232421875
nuscenes_mini_subset,scene-1094_029,0,34720,3048,8.778801843317972,4.724409448818897,3048,0.0,0.0,0.0,53,53,100.0,37.98137283325195,37.98137283325195,0.0
nuscenes_mini_subset,scene-1094_029,0.5,34720,3039,8.752880184331797,4.8700230338927275,3022,0.8530183727034121,12.863372595488864,15.340756910833997,53,51,96.22641509433963,38.10811233520508,38.12786102294922,-0.019748687744140625
nuscenes_mini_subset,scene-1094_029,1,34720,3039,8.752880184331797,5.133267522211254,2988,1.968503937007874,25.670353203034903,30.496519966590718,53,45,84.90566037735849,38.323204040527344,38.366817474365234,-0.043613433837890625
nuscenes_mini_subset,scene-1094_029,2,34720,3040,8.755760368663594,5.328947368421052,2933,3.772965879265092,51.16525874077966,60.40127150375795,53,24,45.283018867924525,38.501075744628906,38.79342269897461,-0.2923469543457031
nuscenes_mini_subset,scene-1094_029,3,34720,3043,8.764400921658986,5.389418337167269,2878,5.57742782152231,76.50391377834379,90.00009756062934,53,9,16.9811320754717,38.61825180053711,39.17127227783203,-0.5530204772949219
nuscenes_mini_subset,scene-1094_030,-3,34720,3077,8.862327188940093,6.077348066298343,2920,5.654281098546042,76.44562761113036,89.73777875110022,84,52,61.904761904761905,35.11198806762695,34.52936553955078,0.5826225280761719
nuscenes_mini_subset,scene-1094_030,-2,34720,3082,8.876728110599078,5.807916937053862,2977,3.8126009693053313,51.15994492633464,60.362118916200316,84,68,80.95238095238095,34.91972351074219,34.46413803100586,0.4555854797363281
nuscenes_mini_subset,scene-1094_030,-1,34720,3084,8.882488479262673,5.674448767833982,3038,1.8416801292407108,25.687582724874435,30.471254632295,84,78,92.85714285714286,34.63832473754883,34.337913513183594,0.3004112243652344
nuscenes_mini_subset,scene-1094_030,-0.5,34720,3094,8.911290322580644,5.688429217840983,3066,0.9369951534733441,12.869033477277208,15.308838015781104,84,84,100.0,34.443023681640625,34.311553955078125,0.1314697265625
nuscenes_mini_subset,scene-1094_030,0,34720,3095,8.914170506912443,5.783521809369951,3095,0.0,0.0,0.0,84,84,100.0,34.267154693603516,34.267154693603516,0.0
nuscenes_mini_subset,scene-1094_030,0.5,34720,3095,8.914170506912443,5.880452342487883,3065,0.9693053311793215,12.869237880600814,15.313595798419842,84,82,97.61904761904762,34.371437072753906,34.47719192504883,-0.10575485229492188
nuscenes_mini_subset,scene-1094_030,1,34720,3099,8.92569124423963,5.646982897708938,3035,1.938610662358643,25.686322700682748,30.49313708582527,84,76,90.47619047619048,34.40157699584961,34.706119537353516,-0.30454254150390625
nuscenes_mini_subset,scene-1094_030,2,34720,3099,8.92569124423963,5.227492739593417,2977,3.8126009693053313,51.18239985845982,60.39562876786739,84,45,53.57142857142857,34.53519821166992,35.11396789550781,-0.5787696838378906
nuscenes_mini_subset,scene-1094_030,3,34720,3095,8.914170506912443,5.3311793214862675,2916,5.783521809369952,76.47877096721942,90.02447455504118,84,26,30.952380952380953,34.64413070678711,35.51360321044922,-0.8694725036621094
nuscenes_mini_subset,scene-1094_031,-3,34752,3059,8.80237108655617,2.451781627983001,2899,6.120466321243524,76.3557511899628,89.73453731355572,59,42,71.1864406779661,39.874794006347656,38.73142623901367,1.1433677673339844
nuscenes_mini_subset,scene-1094_031,-2,34752,3057,8.796616022099448,2.4206738632646383,2954,4.339378238341969,51.10776088406912,60.34440808904482,59,47,79.66101694915254,39.4741325378418,38.84716033935547,0.6269721984863281
nuscenes_mini_subset,scene-1094_031,-1,34752,3071,8.8369014732965,2.507326603712146,3023,2.104922279792746,25.68187248689724,30.471475733454866,59,53,89.83050847457628,39.03986358642578,38.73294448852539,0.3069190979003906
nuscenes_mini_subset,scene-1094_031,-0.5,34752,3079,8.859921731123388,2.6956804157193894,3056,1.0362694300518134,12.871183703511596,15.30035596020722,59,58,98.30508474576271,38.81724548339844,38.67737579345703,0.13986968994140625
nuscenes_mini_subset,scene-1094_031,0,34752,3088,8.885819521178636,2.849740932642487,3088,0.0,0.0,0.0,59,59,100.0,38.64909362792969,38.64909362792969,0.0
nuscenes_mini_subset,scene-1094_031,0.5,34752,3089,8.888697053406998,2.9135642602784073,3061,0.8743523316062176,12.881159961388336,15.320804183660266,59,56,94.91525423728814,38.591896057128906,38.848388671875,-0.25649261474609375
nuscenes_mini_subset,scene-1094_031,1,34752,3099,8.917472375690608,2.968699580509842,3035,1.7163212435233162,25.721093267723425,30.52957579972,59,51,86.44067796610169,38.51539993286133,39.062416076660156,-0.5470161437988281
nuscenes_mini_subset,scene-1094_031,2,34752,3093,8.900207182320443,2.942127384416424,2973,3.7240932642487046,51.24697758237818,60.462152310206314,59,38,64.40677966101696,38.434715270996094,39.626956939697266,-1.1922416687011719
nuscenes_mini_subset,scene-1094_031,3,34752,3084,8.874309392265193,3.04798962386511,2914,5.634715025906735,76.59816787370849,89.90494011341382,59,28,47.45762711864407,38.40657043457031,40.18911361694336,-1.7825431823730469
nuscenes_mini_subset,scene-1094_032,-3,34784,3028,8.705151793928243,6.770145310435931,2858,4.701567189063021,76.41967305912085,89.97065142035285,117,90,76.92307692307692,33.97340774536133,33.14615249633789,0.8272552490234375
nuscenes_mini_subset,scene-1094_032,-2,34784,3030,8.710901563937442,6.963696369636964,2916,2.7675891963987995,51.16288546323039,60.57827785603399,117,102,87.17948717948718,33.90007781982422,33.428192138671875,0.47188568115234375
nuscenes_mini_subset,scene-1094_032,-1,34784,3029,8.708026678932843,7.032023770221195,2969,1.0003334444814937,25.681684603245454,30.498357654224506,117,113,96.58119658119658,33.87602233886719,33.778202056884766,0.09782028198242188
nuscenes_mini_subset,scene-1094_032,-0.5,34784,3017,8.673528058877643,6.927411335764004,2984,0.5001667222407469,12.858478743037502,15.318794425203247,117,116,99.14529914529915,33.93955993652344,33.859561920166016,0.07999801635742188
nuscenes_mini_subset,scene-1094_032,0,34784,2999,8.621780128794848,6.902300766922307,2999,0.0,0.0,0.0,117,117,100.0,33.90735626220703,33.90735626220703,0.0
nuscenes_mini_subset,scene-1094_032,0.5,34784,2989,8.59303127874885,6.590833054533289,2973,0.8669556518839613,12.854943835120002,15.34155158514716,117,117,100.0,33.81794357299805,33.868019104003906,-0.050075531005859375
nuscenes_mini_subset,scene-1094_032,1,34784,2993,8.604530818767248,6.782492482459071,2940,1.9673224408136045,25.657444532525037,30.51533782348942,117,111,94.87179487179488,33.73030471801758,33.871253967285156,-0.14094924926757812
nuscenes_mini_subset,scene-1094_032,2,34784,3003,8.633279668813246,6.726606726606726,2880,3.967989329776592,51.12114820905548,60.42105313405405,117,99,84.61538461538461,33.63661575317383,34.06755828857422,-0.4309425354003906
nuscenes_mini_subset,scene-1094_032,3,34784,2990,8.59590616375345,6.45484949832776,2815,6.135378459486495,76.37488112389737,89.76941492038021,117,88,75.21367521367522,33.611507415771484,34.38853454589844,-0.7770271301269531
nuscenes_mini_subset,scene-1094_033,-3,34720,3000,8.640552995391705,8.466666666666667,2846,5.636604774535809,76.34043287797303,89.73057136615054,96,40,41.666666666666664,26.193588256835938,26.759124755859375,-0.5655364990234375
nuscenes_mini_subset,scene-1094_033,-2,34720,3005,8.65495391705069,8.685524126455906,2895,4.0119363395225465,51.08369049452782,60.35755692099473,96,55,57.291666666666664,26.24315071105957,26.664350509643555,-0.4211997985839844
nuscenes_mini_subset,scene-1094_033,-1,34720,3012,8.67511520737327,9.163346613545817,2956,1.9893899204244032,25.658693840104704,30.473448900075816,96,80,83.33333333333333,26.247373580932617,26.467222213745117,-0.2198486328125
nuscenes_mini_subset,scene-1094_033,-0.5,34720,3020,8.69815668202765,9.470198675496688,2991,0.8289124668435013,12.862135568814319,15.302420581297264,96,91,94.79166666666667,26.26221466064453,26.352312088012695,-0.09009742736816406
nuscenes_mini_subset,scene-1094_033,0,34720,3016,8.68663594470046,9.316976127320956,3016,0.0,0.0,0.0,96,96,100.0,26.32161521911621,26.32161521911621,0.0
nuscenes_mini_subset,scene-1094_033,0.5,34720,3029,8.724078341013824,9.37603169362826,2993,0.7625994694960212,12.868782093393833,15.34266706236079,96,96,100.0,26.415443420410156,26.259506225585938,0.15593719482421875
nuscenes_mini_subset,scene-1094_033,1,34720,3021,8.701036866359448,9.301555776233036,2959,1.889920424403183,25.679978439219184,30.44580594324067,96,89,92.70833333333333,26.527883529663086,26.23804473876953,0.2898387908935547
nuscenes_mini_subset,scene-1094_033,2,34720,3025,8.712557603686635,9.289256198347108,2901,3.812997347480106,51.17816376557062,60.39885988086099,96,66,68.75,26.810028076171875,26.290363311767578,0.5196647644042969
nuscenes_mini_subset,scene-1094_033,3,34720,3025,8.712557603686635,9.190082644628099,2837,5.93501326259947,76.47142763508175,89.57217063745239,96,47,48.958333333333336,26.899316787719727,26.388256072998047,0.5110607147216797
nuscenes_mini_subset,scene-1094_034,-3,34720,2856,8.225806451612904,2.661064425770308,2698,5.5322128851540615,76.59487611509526,89.72462171640457,23,0,0.0,31.226646423339844,31.529691696166992,-0.30304527282714844
nuscenes_mini_subset,scene-1094_034,-2,34720,2862,8.243087557603687,2.7253668763102725,2751,3.676470588235294,51.27506461066612,60.41366272065505,23,9,39.130434782608695,30.96871566772461,31.477642059326172,-0.5089263916015625
nuscenes_mini_subset,scene-1094_034,-1,34720,2856,8.225806451612904,2.5910364145658265,2802,1.8907563025210083,25.74234831488624,30.51827063506669,23,20,86.95652173913044,31.131826400756836,31.487651824951172,-0.35582542419433594
nuscenes_mini_subset,scene-1094_034,-0.5,34720,2852,8.214285714285714,2.5946704067321176,2824,1.1204481792717087,12.895485136739655,15.32045791907018,23,22,95.65217391304348,31.245811462402344,31.486696243286133,-0.24088478088378906
nuscenes_mini_subset,scene-1094_034,0,34720,2856,8.225806451612904,2.6260504201680672,2856,0.0,0.0,0.0,23,23,100.0,31.488298416137695,31.488298416137695,0.0
nuscenes_mini_subset,scene-1094_034,0.5,34720,2850,8.20852534562212,2.3859649122807016,2825,1.0854341736694677,12.901522346307802,15.331174818744037,23,22,95.65217391304348,31.601364135742188,31.409164428710938,0.19219970703125
nuscenes_mini_subset,scene-1094_034,1,34720,2861,8.24020737327189,2.376791331702202,2800,1.9607843137254901,25.764970675206538,30.539114278632596,23,20,86.95652173913044,31.747421264648438,31.453950881958008,0.2934703826904297
nuscenes_mini_subset,scene-1094_034,2,34720,2862,8.243087557603687,2.3060796645702304,2735,4.2366946778711485,51.31006845319158,60.42524955584849,23,10,43.47826086956522,31.838970184326172,31.536991119384766,0.30197906494140625
nuscenes_mini_subset,scene-1094_034,3,34720,2860,8.237327188940093,1.7482517482517483,2679,6.197478991596639,76.7079765422854,90.00050118771514,23,1,4.3478260869565215,31.753992080688477,31.707569122314453,0.04642295837402344
nuscenes_mini_subset,scene-1094_035,-3,34720,2829,8.148041474654377,0.24743725698126548,2657,5.780141843971631,76.32032944419359,89.84129775954636,12,0,0.0,28.824785232543945,29.14622688293457,-0.321441650390625
nuscenes_mini_subset,scene-1094_035,-2,34720,2818,8.116359447004609,0.17743080198722497,2708,3.971631205673759,51.0912844351732,60.44588384532062,12,3,25.0,28.895404815673828,29.131528854370117,-0.23612403869628906
nuscenes_mini_subset,scene-1094_035,-1,34720,2810,8.093317972350231,0.3558718861209964,2758,2.198581560283688,25.651967734960284,30.497629065246304,12,9,75.0,29.050745010375977,29.096050262451172,-0.04530525207519531
nuscenes_mini_subset,scene-1094_035,-0.5,34720,2815,8.107718894009217,0.39076376554174064,2789,1.099290780141844,12.857516647048545,15.316216009900806,12,11,91.66666666666667,29.062393188476562,29.048891067504883,0.013502120971679688
nuscenes_mini_subset,scene-1094_035,0,34720,2820,8.122119815668203,0.46099290780141844,2820,0.0,0.0,0.0,12,12,100.0,28.953651428222656,28.953651428222656,0.0
nuscenes_mini_subset,scene-1094_035,0.5,34720,2813,8.101958525345623,0.4976892996800568,2789,1.099290780141844,12.862282105520729,15.298654858661171,12,12,100.0,29.05887222290039,28.966665267944336,0.09220695495605469
nuscenes_mini_subset,scene-1094_035,1,34720,2818,8.116359447004609,0.39034776437189495,2768,1.8439716312056738,25.690172525341712,30.4884415663147,12,8,66.66666666666667,29.11547088623047,28.981708526611328,0.13376235961914062
nuscenes_mini_subset,scene-1094_035,2,34720,2808,8.087557603686637,0.4629629629629629,2712,3.8297872340425534,51.19453265555545,60.381884943057145,12,4,33.333333333333336,29.197574615478516,28.975309371948242,0.22226524353027344
nuscenes_mini_subset,scene-1094_035,3,34720,2806,8.081797235023041,0.4632929436920884,2659,5.709219858156028,76.54507553221377,89.73476761750648,12,1,8.333333333333334,29.261722564697266,28.932910919189453,0.3288116455078125
nuscenes_mini_subset,scene-1094_036,-3,34720,2764,7.960829493087558,1.1215629522431259,2589,6.195652173913044,76.2476060900927,89.61511750692708,21,1,4.761904761904762,34.40768051147461,34.7165641784668,-0.3088836669921875
nuscenes_mini_subset,scene-1094_036,-2,34720,2764,7.960829493087558,0.9406657018813315,2642,4.27536231884058,51.05599854343307,60.311528719710786,21,8,38.095238095238095,34.12868118286133,34.560970306396484,-0.43228912353515625
nuscenes_mini_subset,scene-1094_036,-1,34720,2763,7.95794930875576,1.158161418747738,2702,2.101449275362319,25.65472905087028,30.45781203131576,21,17,80.95238095238095,34.08104705810547,34.322731018066406,-0.2416839599609375
nuscenes_mini_subset,scene-1094_036,-0.5,34720,2760,7.949308755760369,1.3043478260869565,2727,1.1956521739130435,12.854218388358635,15.291820842383101,21,21,100.0,34.113059997558594,34.248138427734375,-0.13507843017578125
nuscenes_mini_subset,scene-1094_036,0,34720,2760,7.949308755760369,1.3768115942028984,2760,0.0,0.0,0.0,21,21,100.0,34.11927032470703,34.11927032470703,0.0
nuscenes_mini_subset,scene-1094_036,0.5,34720,2758,7.943548387096774,1.4503263234227701,2738,0.7971014492753623,12.86991422860192,15.322825986287492,21,21,100.0,34.22736740112305,34.07182312011719,0.15554428100585938
nuscenes_mini_subset,scene-1094_036,1,34720,2759,7.946428571428571,1.3773106197897789,2712,1.7391304347826086,25.69366150083513,30.531936331388135,21,18,85.71428571428571,34.34726333618164,34.07307434082031,0.2741889953613281
nuscenes_mini_subset,scene-1094_036,2,34720,2747,7.9118663594470044,1.274117218784128,2652,3.9130434782608696,51.17906429371424,60.461834036548076,21,9,42.857142857142854,34.42510223388672,34.15565490722656,0.26944732666015625
nuscenes_mini_subset,scene-1094_036,3,34720,2743,7.900345622119816,1.093693036820999,2591,6.1231884057971016,76.46019882691854,89.59192723080062,21,2,9.523809523809524,34.40620422363281,34.3662223815918,0.039981842041015625
nuscenes_mini_subset,scene-1094_037,-3,34752,2742,7.890193370165746,1.8599562363238513,2572,5.267034990791897,76.01180315762392,89.64323954712862,17,2,11.764705882352942,34.460601806640625,33.239707946777344,1.2208938598632812
nuscenes_mini_subset,scene-1094_037,-2,34752,2733,7.864295580110498,1.500182949140139,2623,3.3885819521178635,50.887821629964435,60.26787056362845,17,4,23.529411764705884,34.27169418334961,33.56017303466797,0.7115211486816406
nuscenes_mini_subset,scene-1094_037,-1,34752,2723,7.835520257826888,1.4689680499449136,2672,1.583793738489871,25.55058767927518,30.444868746362154,17,8,47.05882352941177,33.95001983642578,33.707313537597656,0.242706298828125
nuscenes_mini_subset,scene-1094_037,-0.5,34752,2720,7.826887661141805,1.7279411764705883,2693,0.8103130755064457,12.798407882497488,15.274533592698738,17,15,88.23529411764706,33.84177017211914,33.77397537231445,0.0677947998046875
nuscenes_mini_subset,scene-1094_037,0,34752,2715,7.8125,1.6574585635359116,2715,0.0,0.0,0.0,17,17,100.0,33.797088623046875,33.797088623046875,0.0
nuscenes_mini_subset,scene-1094_037,0.5,34752,2713,7.806744935543278,1.842978252856616,2689,0.9576427255985267,12.802058341627548,15.30618236487287,17,16,94.11764705882354,33.89914321899414,33.91675567626953,-0.017612457275390625
nuscenes_mini_subset,scene-1094_037,1,34752,2709,7.795234806629835,1.7718715393133997,2661,1.988950276243094,25.55130937392825,30.49982273459839,17,12,70.58823529411765,33.89690017700195,34.05469512939453,-0.15779495239257812
nuscenes_mini_subset,scene-1094_037,2,34752,2704,7.780847145488029,1.8121301775147929,2604,4.088397790055248,50.89943776531419,60.400015306648626,17,8,47.05882352941177,33.91903305053711,34.423702239990234,-0.504669189453125
nuscenes_mini_subset,scene-1094_037,3,34752,2700,7.769337016574586,2.148148148148148,2541,6.4088397790055245,76.00443426125914,89.50604684216272,17,4,23.529411764705884,33.88409423828125,34.78968811035156,-0.9055938720703125
nuscenes_mini_subset,scene-1094_038,-3,34688,2647,7.630880996309964,5.062334718549301,2473,5.754573170731708,75.83340932772623,89.78260629519805,72,32,44.44444444444444,29.332624435424805,27.13463592529297,2.197988510131836
nuscenes_mini_subset,scene-1094_038,-2,34688,2635,7.5962869003690034,4.971537001897533,2520,3.9634146341463414,50.766013718075705,60.43335117783099,72,42,58.333333333333336,29.08249282836914,27.753896713256836,1.3285961151123047
nuscenes_mini_subset,scene-1094_038,-1,34688,2626,7.570341328413284,5.102817974105102,2569,2.096036585365854,25.495105711230067,30.523856570917076,72,56,77.77777777777777,28.923112869262695,28.26896095275879,0.6541519165039062
nuscenes_mini_subset,scene-1094_038,-0.5,34688,2617,7.544395756457564,5.387848681696599,2590,1.295731707317073,12.771885859264096,15.326782361111244,72,69,95.83333333333333,28.728662490844727,28.47118377685547,0.2574787139892578
nuscenes_mini_subset,scene-1094_038,0,34688,2624,7.564575645756458,5.373475609756097,2624,0.0,0.0,0.0,72,72,100.0,28.739179611206055,28.739179611206055,0.0
nuscenes_mini_subset,scene-1094_038,0.5,34688,2620,7.553044280442804,5.343511450381679,2594,1.1432926829268293,12.78149493641696,15.33997232700649,72,67,93.05555555555556,28.617338180541992,28.868751525878906,-0.25141334533691406
nuscenes_mini_subset,scene-1094_038,1,34688,2625,7.5674584870848705,5.371428571428572,2566,2.2103658536585367,25.507101272193825,30.474735749075595,72,61,84.72222222222223,28.463214874267578,29.02054786682129,-0.5573329925537109
nuscenes_mini_subset,scene-1094_038,2,34688,2621,7.555927121771218,5.22701259061427,2514,4.192073170731708,50.81549161419434,60.25611322255511,72,46,63.888888888888886,27.887845993041992,29.3835391998291,-1.4956932067871094
nuscenes_mini_subset,scene-1094_038,3,34688,2620,7.553044280442804,5.114503816793893,2469,5.907012195121951,75.98198473897205,89.62972363139207,72,32,44.44444444444444,26.968225479125977,29.588958740234375,-2.6207332611083984
nuscenes_mini_subset,scene-1094_039,-3,34720,2629,7.5720046082949315,3.6515785469760367,2506,5.1476154428463285,75.90254912672114,89.62016915991315,32,1,3.125,29.402368545532227,31.12071990966797,-1.7183513641357422
nuscenes_mini_subset,scene-1094_039,-2,34720,2633,7.58352534562212,2.9624003038359286,2547,3.595760787282362,50.76934338117404,60.300796821023724,32,4,12.5,29.74864387512207,30.85979461669922,-1.1111507415771484
nuscenes_mini_subset,scene-1094_039,-1,34720,2636,7.592165898617512,3.2245827010622152,2593,1.854655563966692,25.48393797552645,30.419274386153056,32,22,68.75,29.869115829467773,30.541017532348633,-0.6719017028808594
nuscenes_mini_subset,scene-1094_039,-0.5,34720,2639,7.600806451612903,3.599848427434634,2616,0.9841029523088569,12.767339600981286,15.294445572433673,32,30,93.75,30.028654098510742,30.404691696166992,-0.37603759765625
nuscenes_mini_subset,scene-1094_039,0,34720,2642,7.609447004608295,3.6336109008327027,2642,0.0,0.0,0.0,32,32,100.0,30.308238983154297,30.308238983154297,0.0
nuscenes_mini_subset,scene-1094_039,0.5,34720,2641,7.606566820276497,3.52139341158652,2620,0.8327024981074943,12.773627790423808,15.312364054182124,32,31,96.875,30.534500122070312,30.141555786132812,0.3929443359375
nuscenes_mini_subset,scene-1094_039,1,34720,2645,7.618087557603687,3.402646502835539,2600,1.5897047691143074,25.50730519074659,30.496031678416955,32,23,71.875,30.65532684326172,29.99386978149414,0.6614570617675781
nuscenes_mini_subset,scene-1094_039,2,34720,2645,7.618087557603687,3.175803402646503,2552,3.4065102195306585,50.82584347523335,60.71826844930283,32,5,15.625,31.35344886779785,29.87480926513672,1.4786396026611328
nuscenes_mini_subset,scene-1094_039,3,34720,2645,7.618087557603687,3.1379962192816633,2501,5.3368660105980315,75.9313774498855,90.63256869280693,32,2,6.25,32.06798553466797,29.888093948364258,2.179891586303711
